t, quat_w, quat_x, quat_y, quat_z, pos_x, pos_y, pos_z, gyro_x, gyro_y, gyro_z, accel_x, accel_y, accel_z, LeftControl, RightControl,Pitch, PitchVel, 
0.010000, 1.000000, 0.000127, -0.000000, -0.000000, -0.000000, 0.000004, 0.039727, 0.049969, -0.000111, -0.000044, -0.000396, 0.077149, 8.663578, 0.070629, -0.070629, 0.000253, 0.049969, 
0.020000, 0.999966, -0.008299, -0.000001, 0.000002, -0.000000, -0.000628, 0.039375, -2.616394, -0.000243, 0.000709, -0.000079, -7.945001, 10.542449, -0.033357, 0.033357, -0.016598, -2.616394, 
0.030000, 0.999918, -0.012842, -0.000002, 0.000003, -0.000000, -0.000979, 0.039118, 0.014102, -0.000092, -0.000239, 0.000409, 7.291323, 11.337592, 0.049946, -0.049946, -0.025684, 0.014102, 
0.040000, 0.999824, -0.018753, -0.000003, 0.000003, -0.000000, -0.001445, 0.038980, -1.830013, -0.000133, 0.000293, -0.000013, -5.838564, 10.453489, -0.011269, 0.011269, -0.037508, -1.830013, 
0.050000, 0.999727, -0.023383, -0.000003, 0.000003, -0.000000, -0.001821, 0.038919, -0.439957, -0.000068, -0.000177, 0.000223, 3.530970, 10.427314, 0.032635, -0.032635, -0.046769, -0.439957, 
0.060000, 0.999586, -0.028756, -0.000004, 0.000003, -0.000000, -0.002256, 0.038898, -1.419897, -0.000084, 0.000129, 0.000099, -3.435326, 9.857932, -0.000052, 0.000052, -0.057520, -1.419897, 
0.070000, 0.999440, -0.033449, -0.000004, 0.000003, -0.000000, -0.002640, 0.038896, -0.681746, -0.000035, -0.000106, 0.000187, 1.503813, 10.020290, 0.023098, -0.023098, -0.066911, -0.681746, 
0.080000, 0.999257, -0.038543, -0.000004, 0.000003, -0.000000, -0.003051, 0.038902, -1.204105, -0.000042, 0.000074, 0.000113, -2.229508, 9.705077, 0.005496, -0.005496, -0.077105, -1.204105, 
0.090000, 0.999063, -0.043280, -0.000004, 0.000003, -0.000000, -0.003429, 0.038911, -0.812893, -0.000013, -0.000038, 0.000141, 0.360071, 9.871426, 0.017567, -0.017567, -0.086588, -0.812893, 
0.100000, 0.998836, -0.048236, -0.000004, 0.000003, -0.000000, -0.003815, 0.038920, -1.092022, -0.000019, 0.000071, 0.000101, -1.655444, 9.688135, 0.007948, -0.007948, -0.096510, -1.092022, 
0.110000, 0.998594, -0.053010, -0.000004, 0.000003, -0.000000, -0.004176, 0.038927, -0.885818, -0.000006, 0.000023, 0.000110, -0.314859, 9.811162, 0.014070, -0.014070, -0.106069, -0.885818, 
0.120000, 0.998322, -0.057905, -0.000004, 0.000004, -0.000000, -0.004531, 0.038932, -1.035512, -0.000012, 0.000092, 0.000090, -1.415941, 9.699858, 0.008657, -0.008657, -0.115876, -1.035512, 
0.132000, 0.997974, -0.063627, -0.000004, 0.000004, -0.000000, -0.004923, 0.038937, -0.916886, -0.000008, 0.000079, 0.000090, -0.809364, 9.771927, 0.011923, -0.011923, -0.127340, -0.916886, 
0.142000, 0.997649, -0.068529, -0.000004, 0.000005, -0.000000, -0.005236, 0.038940, -1.022248, -0.000017, 0.000134, 0.000083, -1.437319, 9.698393, 0.005694, -0.005694, -0.137165, -1.022248, 
0.152000, 0.997325, -0.073099, -0.000005, 0.000005, -0.000000, -0.005501, 0.038942, -0.863996, -0.000012, 0.000106, 0.000084, -0.745794, 9.794217, -0.000144, 0.000144, -0.146329, -0.863996, 
0.162000, 0.997071, -0.076483, -0.000005, 0.000006, -0.000000, -0.005653, 0.038942, -0.584102, -0.000004, 0.000055, 0.000074, -0.460287, 9.843523, 0.000649, -0.000649, -0.153115, -0.584102, 
0.172000, 0.996867, -0.079101, -0.000005, 0.000006, -0.000000, -0.005722, 0.038942, -0.498832, -0.000010, 0.000078, 0.000067, -1.059909, 9.761991, -0.002905, 0.002905, -0.158367, -0.498832, 
0.182000, 0.996708, -0.081081, -0.000005, 0.000006, -0.000000, -0.005716, 0.038942, -0.347681, -0.000011, 0.000079, 0.000069, -0.894500, 9.789993, -0.002882, 0.002882, -0.162339, -0.347681, 
0.192000, 0.996580, -0.082638, -0.000005, 0.000007, -0.000000, -0.005649, 0.038942, -0.298664, -0.000018, 0.000111, 0.000069, -1.206581, 9.743776, -0.005093, 0.005093, -0.165465, -0.298664, 
0.202000, 0.996479, -0.083844, -0.000005, 0.000007, -0.000000, -0.005524, 0.038942, -0.215985, -0.000022, 0.000126, 0.000071, -1.122851, 9.757790, -0.005414, 0.005414, -0.167884, -0.215985, 
0.212000, 0.996397, -0.084813, -0.000005, 0.000008, -0.000000, -0.005350, 0.038942, -0.187489, -0.000028, 0.000154, 0.000071, -1.289514, 9.731804, -0.006893, 0.006893, -0.169829, -0.187489, 
0.222000, 0.996331, -0.085586, -0.000005, 0.000009, -0.000000, -0.005129, 0.038942, -0.142138, -0.000031, 0.000171, 0.000072, -1.249513, 9.738461, -0.007378, 0.007378, -0.171381, -0.142138, 
0.232000, 0.996276, -0.086226, -0.000005, 0.000010, -0.000000, -0.004864, 0.038943, -0.125610, -0.000035, 0.000192, 0.000072, -1.339724, 9.723995, -0.008464, 0.008464, -0.172667, -0.125610, 
0.242000, 0.996229, -0.086758, -0.000005, 0.000011, -0.000000, -0.004558, 0.038943, -0.100735, -0.000037, 0.000205, 0.000072, -1.321838, 9.727013, -0.009030, 0.009030, -0.173734, -0.100735, 
0.254000, 0.996181, -0.087308, -0.000005, 0.000012, -0.000000, -0.004138, 0.038943, -0.093467, -0.000041, 0.000224, 0.000072, -1.394247, 9.715208, -0.010218, 0.010218, -0.174839, -0.093467, 
0.264000, 0.996148, -0.087690, -0.000005, 0.000013, -0.000000, -0.003743, 0.038943, -0.071807, -0.000042, 0.000230, 0.000071, -1.342494, 9.723912, -0.010535, 0.010535, -0.175606, -0.071807, 
0.274000, 0.996117, -0.088039, -0.000005, 0.000014, -0.000000, -0.003312, 0.038943, -0.073263, -0.000044, 0.000242, 0.000070, -1.413313, 9.712271, -0.011505, 0.011505, -0.176306, -0.073263, 
0.284000, 0.996089, -0.088353, -0.000006, 0.000016, -0.000000, -0.002842, 0.038943, -0.061660, -0.000045, 0.000247, 0.000069, -1.379759, 9.717967, -0.011981, 0.011981, -0.176937, -0.061660, 
0.294000, 0.996063, -0.088648, -0.000006, 0.000017, -0.000000, -0.002336, 0.038943, -0.062196, -0.000046, 0.000255, 0.000067, -1.418562, 9.711609, -0.012797, 0.012797, -0.177530, -0.062196, 
0.304000, 0.996038, -0.088925, -0.000006, 0.000018, -0.000000, -0.001792, 0.038943, -0.056021, -0.000047, 0.000259, 0.000066, -1.402958, 9.714349, -0.013357, 0.013357, -0.178085, -0.056021, 
0.314000, 0.996015, -0.089191, -0.000006, 0.000020, -0.000000, -0.001211, 0.038943, -0.056217, -0.000048, 0.000264, 0.000065, -1.424897, 9.710789, -0.014095, 0.014095, -0.178620, -0.056217, 
0.324000, 0.995992, -0.089447, -0.000006, 0.000021, -0.000000, -0.000594, 0.038943, -0.052968, -0.000048, 0.000267, 0.000064, -1.418507, 9.711992, -0.014700, 0.014700, -0.179134, -0.052968, 
0.334000, 0.995969, -0.089698, -0.000006, 0.000022, -0.000000, 0.000060, 0.038943, -0.053062, -0.000049, 0.000270, 0.000063, -1.431594, 9.709904, -0.015399, 0.015399, -0.179637, -0.053062, 
0.344000, 0.995947, -0.089943, -0.000006, 0.000024, -0.000000, 0.000751, 0.038943, -0.051391, -0.000050, 0.000272, 0.000061, -1.429940, 9.710308, -0.016030, 0.016030, -0.180130, -0.051391, 
0.354000, 0.995925, -0.090186, -0.000006, 0.000025, -0.000001, 0.001479, 0.038943, -0.051475, -0.000050, 0.000275, 0.000060, -1.438389, 9.708994, -0.016710, 0.016710, -0.180617, -0.051475, 
0.364000, 0.995903, -0.090426, -0.000007, 0.000026, -0.000001, 0.002243, 0.038943, -0.050655, -0.000051, 0.000277, 0.000059, -1.439172, 9.708980, -0.027399, 0.027399, -0.181099, -0.050655, 
0.374000, 0.995995, -0.089409, -0.000007, 0.000027, -0.000001, 0.003137, 0.038942, 0.337049, -0.000028, 0.000169, 0.000057, -0.330365, 9.901020, -0.022902, 0.022902, -0.179058, 0.337049, 
0.384000, 0.996147, -0.087700, -0.000007, 0.000028, -0.000001, 0.004116, 0.038942, 0.342084, -0.000034, 0.000197, 0.000053, -1.407838, 9.718040, -0.028851, 0.028851, -0.175625, 0.342084, 
0.394000, 0.996354, -0.085310, -0.000007, 0.000029, -0.000001, 0.005178, 0.038942, 0.550091, -0.000026, 0.000159, 0.000055, -0.785356, 9.817705, -0.026786, 0.026786, -0.170828, 0.550091, 
0.404000, 0.996589, -0.082530, -0.000007, 0.000030, -0.000001, 0.006302, 0.038942, 0.558866, -0.000031, 0.000184, 0.000053, -1.314926, 9.728942, -0.030088, 0.030088, -0.165247, 0.558866, 
0.414000, 0.996845, -0.079367, -0.000007, 0.000031, -0.000001, 0.007485, 0.038942, 0.672576, -0.000027, 0.000170, 0.000055, -0.963056, 9.780079, -0.029174, 0.029174, -0.158901, 0.672576, 
0.424000, 0.997110, -0.075977, -0.000007, 0.000032, -0.000001, 0.008715, 0.038942, 0.681551, -0.000029, 0.000185, 0.000053, -1.213577, 9.739403, -0.031028, 0.031028, -0.152101, 0.681551, 
0.434000, 0.997378, -0.072367, -0.000007, 0.000033, -0.000001, 0.009988, 0.038943, 0.744741, -0.000026, 0.000177, 0.000055, -1.002923, 9.766775, -0.030650, 0.030650, -0.144861, 0.744741, 
0.444000, 0.997643, -0.068622, -0.000006, 0.000034, -0.000001, 0.011296, 0.038943, 0.752565, -0.000026, 0.000181, 0.000054, -1.107582, 9.750084, -0.031697, 0.031697, -0.137352, 0.752565, 
0.454000, 0.997902, -0.064747, -0.000006, 0.000035, -0.000001, 0.012638, 0.038943, 0.788483, -0.000023, 0.000172, 0.000055, -0.969571, 9.765915, -0.031547, 0.031547, -0.129585, 0.788483, 
0.464000, 0.998151, -0.060788, -0.000006, 0.000036, -0.000001, 0.014007, 0.038943, 0.795007, -0.000022, 0.000169, 0.000055, -0.997100, 9.760784, -0.032124, 0.032124, -0.121651, 0.795007, 
0.474000, 0.998388, -0.056749, -0.000006, 0.000036, -0.000001, 0.015402, 0.038944, 0.816141, -0.000019, 0.000157, 0.000057, -0.896334, 9.770874, -0.032047, 0.032047, -0.113560, 0.816141, 
0.484000, 0.998613, -0.052656, -0.000006, 0.000037, -0.000001, 0.016817, 0.038944, 0.821616, -0.000016, 0.000147, 0.000057, -0.882724, 9.771037, -0.022289, 0.022289, -0.105361, 0.821616, 
0.494000, 0.998760, -0.049775, -0.000006, 0.000038, -0.000002, 0.018157, 0.038944, 0.445456, -0.000029, 0.000242, 0.000050, -1.930368, 9.666281, -0.027434, 0.027434, -0.099591, 0.445456, 
0.506000, 0.998890, -0.047094, -0.000006, 0.000040, -0.000002, 0.019728, 0.038944, 0.449135, -0.000020, 0.000194, 0.000067, -0.792834, 9.776638, -0.021061, 0.021061, -0.094224, 0.449135, 
0.516000, 0.998958, -0.045644, -0.000006, 0.000041, -0.000002, 0.020994, 0.038944, 0.205010, -0.000025, 0.000231, 0.000058, -1.490226, 9.714738, -0.025394, 0.025394, -0.091320, 0.205010, 
0.526000, 0.999010, -0.044492, -0.000006, 0.000042, -0.000002, 0.022249, 0.038944, 0.244677, -0.000016, 0.000177, 0.000070, -0.654957, 9.789328, -0.021465, 0.021465, -0.089013, 0.244677, 
0.536000, 0.999045, -0.043699, -0.000006, 0.000043, -0.000002, 0.023489, 0.038944, 0.112324, -0.000017, 0.000184, 0.000062, -1.147189, 9.747685, -0.023808, 0.023808, -0.087425, 0.112324, 
0.546000, 0.999072, -0.043075, -0.000006, 0.000043, -0.000002, 0.024726, 0.038944, 0.131304, -0.000012, 0.000146, 0.000068, -0.701759, 9.785735, -0.021770, 0.021770, -0.086176, 0.131304, 
0.556000, 0.999090, -0.042651, -0.000006, 0.000044, -0.000002, 0.025958, 0.038943, 0.059448, -0.000012, 0.000144, 0.000064, -0.961806, 9.764220, -0.023068, 0.023068, -0.085327, 0.059448, 
0.566000, 0.999104, -0.042323, -0.000006, 0.000045, -0.000002, 0.027192, 0.038943, 0.068350, -0.000009, 0.000119, 0.000068, -0.724229, 9.783936, -0.022041, 0.022041, -0.084671, 0.068350, 
0.576000, 0.999113, -0.042106, -0.000006, 0.000045, -0.000002, 0.028426, 0.038943, 0.029294, -0.000009, 0.000115, 0.000066, -0.861707, 9.772647, -0.022789, 0.022789, -0.084237, 0.029294, 
0.586000, 0.999120, -0.041944, -0.000006, 0.000046, -0.000003, 0.029665, 0.038943, 0.033354, -0.000007, 0.000100, 0.000069, -0.735090, 9.782966, -0.022305, 0.022305, -0.083913, 0.033354, 
0.596000, 0.999124, -0.041844, -0.000006, 0.000046, -0.000003, 0.030907, 0.038943, 0.012102, -0.000007, 0.000096, 0.000068, -0.807898, 9.776994, -0.022764, 0.022764, -0.083712, 0.012102, 
0.606000, 0.999127, -0.041775, -0.000006, 0.000047, -0.000003, 0.032155, 0.038943, 0.013875, -0.000006, 0.000087, 0.000070, -0.740550, 9.782426, -0.022570, 0.022570, -0.083575, 0.013875, 
0.616000, 0.999128, -0.041741, -0.000006, 0.000047, -0.000003, 0.033409, 0.038943, 0.002294, -0.000007, 0.000084, 0.000070, -0.779252, 9.779248, -0.022878, 0.022878, -0.083506, 0.002294, 
0.626000, 0.999129, -0.041724, -0.000006, 0.000048, -0.000003, 0.034670, 0.038943, 0.003013, -0.000006, 0.000079, 0.000071, -0.743575, 9.782113, -0.022840, 0.022840, -0.083473, 0.003013, 
0.636000, 0.999129, -0.041727, -0.000006, 0.000048, -0.000003, 0.035937, 0.038943, -0.003312, -0.000006, 0.000078, 0.000071, -0.764297, 9.780411, -0.023069, 0.023069, -0.083478, -0.003312, 
0.646000, 0.999129, -0.041740, -0.000006, 0.000049, -0.000003, 0.037212, 0.038943, -0.003063, -0.000006, 0.000075, 0.000071, -0.745550, 9.781915, -0.023114, 0.023114, -0.083504, -0.003063, 
0.656000, 0.999128, -0.041763, -0.000006, 0.000049, -0.000003, 0.038494, 0.038943, -0.006527, -0.000006, 0.000074, 0.000071, -0.756800, 9.780992, -0.023302, 0.023302, -0.083551, -0.006527, 
0.666000, 0.999126, -0.041793, -0.000006, 0.000049, -0.000004, 0.039783, 0.038943, -0.006478, -0.000006, 0.000073, 0.000072, -0.747108, 9.781772, -0.023393, 0.023393, -0.083610, -0.006478, 
0.676000, 0.999125, -0.041829, -0.000006, 0.000050, -0.000004, 0.041080, 0.038943, -0.008386, -0.000006, 0.000073, 0.000072, -0.753370, 9.781261, -0.023561, 0.023561, -0.083682, -0.008386, 
0.686000, 0.999123, -0.041868, -0.000006, 0.000050, -0.000004, 0.042385, 0.038943, -0.008415, -0.000006, 0.000072, 0.000072, -0.748523, 9.781654, -0.023676, 0.023676, -0.083760, -0.008415, 
0.696000, 0.999121, -0.041910, -0.000006, 0.000050, -0.000004, 0.043698, 0.038943, -0.009474, -0.000006, 0.000072, 0.000072, -0.752163, 9.781359, -0.023833, 0.023833, -0.083845, -0.009474, 
0.706000, 0.999120, -0.041955, -0.000006, 0.000051, -0.000004, 0.045019, 0.038943, -0.009529, -0.000006, 0.000072, 0.000072, -0.749909, 9.781545, -0.023963, 0.023963, -0.083934, -0.009529, 
0.716000, 0.999118, -0.042001, -0.000006, 0.000051, -0.000004, 0.046347, 0.038943, -0.010126, -0.000006, 0.000073, 0.000071, -0.752172, 9.781364, -0.024115, 0.024115, -0.084027, -0.010126, 
0.726000, 0.999116, -0.042049, -0.000006, 0.000051, -0.000004, 0.047684, 0.038943, -0.010185, -0.000006, 0.000073, 0.000071, -0.751309, 9.781438, -0.024252, 0.024252, -0.084123, -0.010185, 
0.736000, 0.999113, -0.042098, -0.000006, 0.000052, -0.000004, 0.049029, 0.038943, -0.010530, -0.000006, 0.000073, 0.000071, -0.752850, 9.781317, -0.024402, 0.024402, -0.084221, -0.010530, 
0.746000, 0.999111, -0.042148, -0.000006, 0.000052, -0.000005, 0.050382, 0.038943, -0.010588, -0.000006, 0.000074, 0.000071, -0.752735, 9.781331, -0.024544, 0.024544, -0.084320, -0.010588, 
0.756000, 0.999109, -0.042198, -0.000006, 0.000053, -0.000005, 0.051743, 0.038943, -0.010795, -0.000006, 0.000075, 0.000071, -0.753899, 9.781240, -0.024693, 0.024693, -0.084421, -0.010795, 
0.766000, 0.999107, -0.042249, -0.000006, 0.000053, -0.000005, 0.053113, 0.038943, -0.010849, -0.000006, 0.000075, 0.000071, -0.754186, 9.781222, -0.024839, 0.024839, -0.084524, -0.010849, 
0.776000, 0.999105, -0.042301, -0.000006, 0.000053, -0.000005, 0.054491, 0.038943, -0.010981, -0.000006, 0.000076, 0.000071, -0.755156, 9.781148, -0.024988, 0.024988, -0.084627, -0.010981, 
0.786000, 0.999103, -0.042353, -0.000006, 0.000054, -0.000005, 0.055877, 0.038943, -0.011031, -0.000006, 0.000077, 0.000071, -0.755661, 9.781112, -0.025136, 0.025136, -0.084731, -0.011031, 
0.796000, 0.999101, -0.042405, -0.000006, 0.000054, -0.000005, 0.057271, 0.038943, -0.011123, -0.000007, 0.000077, 0.000070, -0.756531, 9.781046, -0.025286, 0.025286, -0.084835, -0.011123, 
0.806000, 0.999098, -0.042458, -0.000006, 0.000054, -0.000005, 0.058674, 0.038943, -0.011170, -0.000007, 0.000078, 0.000070, -0.757156, 9.781000, -0.025435, 0.025435, -0.084941, -0.011170, 
0.816000, 0.999096, -0.042511, -0.000007, 0.000055, -0.000006, 0.060085, 0.038943, -0.011240, -0.000007, 0.000079, 0.000070, -0.757977, 9.780938, -0.025586, 0.025586, -0.085047, -0.011240, 
0.826000, 0.999094, -0.042564, -0.000007, 0.000055, -0.000006, 0.061505, 0.038943, -0.011286, -0.000007, 0.000079, 0.000070, -0.758669, 9.780886, -0.025737, 0.025737, -0.085153, -0.011286, 
0.836000, 0.999091, -0.042617, -0.000007, 0.000056, -0.000006, 0.062933, 0.038943, -0.011343, -0.000007, 0.000080, 0.000070, -0.759466, 9.780826, -0.025888, 0.025888, -0.085260, -0.011343, 
0.846000, 0.999089, -0.042671, -0.000007, 0.000056, -0.000006, 0.064370, 0.038943, -0.011388, -0.000007, 0.000081, 0.000070, -0.760196, 9.780772, -0.026041, 0.026041, -0.085367, -0.011388, 
0.856000, 0.999087, -0.042725, -0.000007, 0.000056, -0.000006, 0.065815, 0.038943, -0.011439, -0.000007, 0.000082, 0.000069, -0.760984, 9.780712, -0.026193, 0.026193, -0.085475, -0.011439, 
0.866000, 0.999085, -0.042779, -0.000007, 0.000057, -0.000006, 0.067269, 0.038943, -0.011483, -0.000007, 0.000083, 0.000069, -0.761738, 9.780656, -0.026347, 0.026347, -0.085583, -0.011483, 
0.876000, 0.999082, -0.042833, -0.000007, 0.000057, -0.000007, 0.068731, 0.038943, -0.011530, -0.000007, 0.000083, 0.000069, -0.762524, 9.780597, -0.026501, 0.026501, -0.085692, -0.011530, 
0.886000, 0.999080, -0.042888, -0.000007, 0.000058, -0.000007, 0.070202, 0.038943, -0.011574, -0.000007, 0.000084, 0.000069, -0.763293, 9.780539, -0.026655, 0.026655, -0.085801, -0.011574, 
0.896000, 0.999078, -0.042942, -0.000007, 0.000058, -0.000007, 0.071682, 0.038943, -0.011620, -0.000007, 0.000085, 0.000069, -0.764080, 9.780479, -0.026810, 0.026810, -0.085911, -0.011620, 
0.906000, 0.999075, -0.042997, -0.000007, 0.000059, -0.000007, 0.073170, 0.038943, -0.011664, -0.000007, 0.000086, 0.000068, -0.764860, 9.780421, -0.026966, 0.026966, -0.086021, -0.011664, 
0.916000, 0.999073, -0.043052, -0.000007, 0.000059, -0.000007, 0.074667, 0.038943, -0.011709, -0.000007, 0.000087, 0.000068, -0.765651, 9.780361, -0.027122, 0.027122, -0.086131, -0.011709, 
0.926000, 0.999070, -0.043108, -0.000007, 0.000059, -0.000007, 0.076173, 0.038943, -0.011753, -0.000008, 0.000087, 0.000068, -0.766440, 9.780301, -0.027279, 0.027279, -0.086242, -0.011753, 
0.936000, 0.999068, -0.043163, -0.000007, 0.000060, -0.000008, 0.077688, 0.038943, -0.011798, -0.000008, 0.000088, 0.000068, -0.767235, 9.780241, -0.027437, 0.027437, -0.086354, -0.011798, 
0.946000, 0.999066, -0.043219, -0.000007, 0.000060, -0.000008, 0.079212, 0.038943, -0.011842, -0.000008, 0.000089, 0.000068, -0.768031, 9.780181, -0.027595, 0.027595, -0.086465, -0.011842, 
0.956000, 0.999063, -0.043275, -0.000007, 0.000061, -0.000008, 0.080744, 0.038943, -0.011887, -0.000008, 0.000090, 0.000067, -0.768833, 9.780120, -0.027753, 0.027753, -0.086577, -0.011887, 
0.966000, 0.999061, -0.043331, -0.000007, 0.000061, -0.000008, 0.082285, 0.038943, -0.011931, -0.000008, 0.000091, 0.000067, -0.769635, 9.780059, -0.027913, 0.027913, -0.086690, -0.011931, 
0.976000, 0.999058, -0.043388, -0.000007, 0.000062, -0.000008, 0.083836, 0.038943, -0.011976, -0.000008, 0.000091, 0.000067, -0.770442, 9.779998, -0.028073, 0.028073, -0.086803, -0.011976, 
0.986000, 0.999056, -0.043444, -0.000007, 0.000062, -0.000009, 0.085395, 0.038943, -0.012021, -0.000008, 0.000092, 0.000067, -0.771251, 9.779936, -0.028233, 0.028233, -0.086916, -0.012021, 
0.996000, 0.999053, -0.043501, -0.000007, 0.000063, -0.000009, 0.086963, 0.038943, -0.012066, -0.000008, 0.000093, 0.000066, -0.772064, 9.779874, -0.028394, 0.028394, -0.087030, -0.012066, 
1.008000, 0.999050, -0.043571, -0.000007, 0.000063, -0.000009, 0.088857, 0.038943, -0.012994, -0.000008, 0.000094, 0.000066, -0.777661, 9.779409, -0.028619, 0.028619, -0.087170, -0.012994, 
1.018000, 0.999048, -0.043628, -0.000007, 0.000064, -0.000009, 0.090445, 0.038943, -0.011415, -0.000008, 0.000095, 0.000066, -0.769174, 9.780134, -0.028728, 0.028728, -0.087283, -0.011415, 
1.028000, 0.999045, -0.043685, -0.000007, 0.000064, -0.000009, 0.092042, 0.038943, -0.012678, -0.000008, 0.000096, 0.000066, -0.778239, 9.779374, -0.028930, 0.028930, -0.087399, -0.012678, 
1.038000, 0.999043, -0.043743, -0.000007, 0.000065, -0.000010, 0.093649, 0.038943, -0.011859, -0.000008, 0.000096, 0.000066, -0.773003, 9.779824, -0.029065, 0.029065, -0.087513, -0.011859, 
1.048000, 0.999040, -0.043801, -0.000007, 0.000065, -0.000010, 0.095264, 0.038943, -0.012550, -0.000009, 0.000097, 0.000065, -0.778221, 9.779388, -0.029250, 0.029250, -0.087630, -0.012550, 
1.058000, 0.999038, -0.043859, -0.000007, 0.000066, -0.000010, 0.096889, 0.038943, -0.012137, -0.000009, 0.000098, 0.000065, -0.775837, 9.779597, -0.029400, 0.029400, -0.087746, -0.012137, 
1.068000, 0.999035, -0.043917, -0.000007, 0.000066, -0.000010, 0.098523, 0.038943, -0.012526, -0.000009, 0.000099, 0.000065, -0.779004, 9.779335, -0.029576, 0.029576, -0.087863, -0.012526, 
1.078000, 0.999033, -0.043976, -0.000007, 0.000067, -0.000010, 0.100167, 0.038943, -0.012328, -0.000009, 0.000099, 0.000065, -0.778135, 9.779416, -0.029734, 0.029734, -0.087980, -0.012328, 
1.088000, 0.999030, -0.044034, -0.000007, 0.000067, -0.000011, 0.101819, 0.038943, -0.012557, -0.000009, 0.000100, 0.000064, -0.780215, 9.779246, -0.039699, 0.039699, -0.088097, -0.012557, 
1.098000, 0.999081, -0.042860, -0.000007, 0.000067, -0.000011, 0.103571, 0.038943, 0.367211, 0.000005, -0.000006, 0.000075, 0.322477, 9.872945, -0.034760, 0.034760, -0.085746, 0.367211, 
1.108000, 0.999158, -0.041016, -0.000007, 0.000067, -0.000011, 0.105379, 0.038943, 0.368598, 0.000000, 0.000021, 0.000059, -0.751351, 9.782697, -0.040192, 0.040192, -0.082056, 0.368598, 
1.118000, 0.999258, -0.038504, -0.000007, 0.000067, -0.000011, 0.107242, 0.038943, 0.574591, 0.000004, -0.000017, 0.000073, -0.117196, 9.831062, -0.037589, 0.037589, -0.077026, 0.574591, 
1.128000, 0.999366, -0.035614, -0.000007, 0.000067, -0.000012, 0.109137, 0.038943, 0.579897, -0.000000, 0.000007, 0.000067, -0.654852, 9.789006, -0.040434, 0.040434, -0.071244, 0.579897, 
1.138000, 0.999477, -0.032348, -0.000006, 0.000067, -0.000012, 0.111064, 0.038943, 0.693554, 0.000001, -0.000008, 0.000076, -0.289242, 9.812623, -0.038968, 0.038968, -0.064708, 0.693554, 
1.148000, 0.999583, -0.028863, -0.000006, 0.000067, -0.000012, 0.113007, 0.038943, 0.700014, -0.000001, 0.000006, 0.000073, -0.548149, 9.794814, -0.040369, 0.040369, -0.057735, 0.700014, 
1.158000, 0.999683, -0.025162, -0.000006, 0.000067, -0.000012, 0.114967, 0.038943, 0.763623, -0.000000, -0.000004, 0.000079, -0.326561, 9.806360, -0.039450, 0.039450, -0.050329, 0.763623, 
1.168000, 0.999773, -0.021329, -0.000006, 0.000067, -0.000013, 0.116933, 0.038943, 0.769848, -0.000001, -0.000000, 0.000077, -0.437008, 9.800055, -0.040032, 0.040032, -0.042662, 0.769848, 
1.178000, 0.999849, -0.017369, -0.000005, 0.000067, -0.000013, 0.118905, 0.038944, 0.806176, -0.000000, -0.000011, 0.000082, -0.291407, 9.805885, -0.039356, 0.039356, -0.034739, 0.806176, 
1.188000, 0.999911, -0.013327, -0.000005, 0.000067, -0.000013, 0.120876, 0.038944, 0.811771, -0.000000, -0.000016, 0.000082, -0.322136, 9.804564, -0.039455, 0.039455, -0.026655, 0.811771, 
1.198000, 0.999958, -0.009207, -0.000005, 0.000067, -0.000013, 0.122843, 0.038944, 0.833199, 0.000000, -0.000029, 0.000085, -0.216376, 9.807618, -0.038863, 0.038863, -0.018415, 0.833199, 
1.208000, 0.999987, -0.005035, -0.000004, 0.000067, -0.000014, 0.124803, 0.038944, 0.838175, 0.000000, -0.000040, 0.000087, -0.204098, 9.808096, -0.028868, 0.028868, -0.010069, 0.838175, 
1.218000, 0.999998, -0.002045, -0.000004, 0.000067, -0.000014, 0.126662, 0.038944, 0.471952, -0.000008, 0.000045, 0.000072, -1.224649, 9.798591, -0.033372, 0.033372, -0.004091, 0.471952, 
1.228000, 1.000000, 0.000311, -0.000004, 0.000067, -0.000014, 0.128462, 0.038944, 0.474608, -0.000003, 0.000005, 0.000104, -0.114479, 9.811162, -0.027712, 0.027712, 0.000621, 0.474608, 
1.238000, 0.999998, 0.002033, -0.000004, 0.000067, -0.000014, 0.130199, 0.038943, 0.277864, -0.000005, 0.000024, 0.000087, -0.674284, 9.810281, -0.029832, 0.029832, 0.004066, 0.277864, 
1.248000, 0.999994, 0.003406, -0.000004, 0.000067, -0.000015, 0.131895, 0.038943, 0.276118, -0.000001, -0.000016, 0.000102, -0.090374, 9.812045, -0.026613, 0.026613, 0.006812, 0.276118, 
1.258000, 0.999990, 0.004430, -0.000004, 0.000067, -0.000015, 0.133546, 0.038943, 0.169341, -0.000001, -0.000020, 0.000092, -0.385511, 9.812748, -0.027528, 0.027528, 0.008860, 0.169341, 
1.268000, 0.999986, 0.005257, -0.000004, 0.000067, -0.000015, 0.135165, 0.038943, 0.166229, 0.000000, -0.000050, 0.000100, -0.074440, 9.812073, -0.025630, 0.025630, 0.010513, 0.166229, 
1.278000, 0.999983, 0.005890, -0.000004, 0.000067, -0.000015, 0.136750, 0.038943, 0.108133, -0.000000, -0.000059, 0.000094, -0.227933, 9.812775, -0.025920, 0.025920, 0.011780, 0.108133, 
1.288000, 0.999979, 0.006412, -0.000004, 0.000066, -0.000016, 0.138308, 0.038943, 0.105217, 0.000000, -0.000080, 0.000099, -0.061338, 9.811891, -0.024728, 0.024728, 0.012825, 0.105217, 
1.298000, 0.999977, 0.006827, -0.000004, 0.000066, -0.000016, 0.139837, 0.038943, 0.073592, -0.000000, -0.000089, 0.000097, -0.140400, 9.812379, -0.024694, 0.024694, 0.013654, 0.073592, 
1.308000, 0.999974, 0.007179, -0.000004, 0.000066, -0.000016, 0.141341, 0.038943, 0.071350, -0.000000, -0.000103, 0.000100, -0.050689, 9.811750, -0.023878, 0.023878, 0.014359, 0.071350, 
1.318000, 0.999972, 0.007472, -0.000004, 0.000065, -0.000016, 0.142820, 0.038943, 0.054142, -0.000001, -0.000110, 0.000099, -0.090866, 9.812066, -0.023674, 0.023674, 0.014944, 0.054142, 
1.328000, 0.999970, 0.007729, -0.000004, 0.000064, -0.000016, 0.144275, 0.038943, 0.052584, -0.000001, -0.000119, 0.000101, -0.042115, 9.811689, -0.023058, 0.023058, 0.015459, 0.052584, 
1.338000, 0.999968, 0.007954, -0.000004, 0.000064, -0.000017, 0.145707, 0.038943, 0.043237, -0.000001, -0.000124, 0.000101, -0.062027, 9.811891, -0.022765, 0.022765, 0.015907, 0.043237, 
1.348000, 0.999967, 0.008158, -0.000004, 0.000063, -0.000017, 0.147116, 0.038943, 0.042226, -0.000002, -0.000130, 0.000102, -0.035103, 9.811686, -0.022255, 0.022255, 0.016317, 0.042226, 
1.358000, 0.999965, 0.008345, -0.000004, 0.000063, -0.000017, 0.148502, 0.038943, 0.037167, -0.000002, -0.000134, 0.000102, -0.044470, 9.811816, -0.021914, 0.021914, 0.016690, 0.037167, 
1.368000, 0.999964, 0.008520, -0.000004, 0.000062, -0.000017, 0.149866, 0.038943, 0.036550, -0.000002, -0.000138, 0.000103, -0.029177, 9.811712, -0.021459, 0.021459, 0.017041, 0.036550, 
1.378000, 0.999962, 0.008686, -0.000004, 0.000061, -0.000017, 0.151207, 0.038943, 0.033833, -0.000002, -0.000141, 0.000103, -0.033062, 9.811796, -0.021093, 0.021093, 0.017373, 0.033833, 
1.388000, 0.999961, 0.008846, -0.000004, 0.000060, -0.000017, 0.152525, 0.038943, 0.033484, -0.000002, -0.000144, 0.000103, -0.023965, 9.811748, -0.020665, 0.020665, 0.017692, 0.033484, 
1.398000, 0.999959, 0.009001, -0.000004, 0.000060, -0.000018, 0.153822, 0.038943, 0.032046, -0.000003, -0.000146, 0.000103, -0.025001, 9.811805, -0.020284, 0.020284, 0.018001, 0.032046, 
1.408000, 0.999958, 0.009152, -0.000004, 0.000059, -0.000018, 0.155096, 0.038943, 0.031872, -0.000003, -0.000148, 0.000103, -0.019204, 9.811787, -0.019871, 0.019871, 0.018304, 0.031872, 
1.418000, 0.999957, 0.009301, -0.000004, 0.000058, -0.000018, 0.156348, 0.038943, 0.031134, -0.000003, -0.000150, 0.000103, -0.018758, 9.811826, -0.019481, 0.019481, 0.018602, 0.031134, 
1.428000, 0.999955, 0.009448, -0.000004, 0.000057, -0.000018, 0.157577, 0.038943, 0.031071, -0.000003, -0.000152, 0.000103, -0.014716, 9.811824, -0.019073, 0.019073, 0.018896, 0.031071, 
1.438000, 0.999954, 0.009594, -0.000004, 0.000057, -0.000018, 0.158785, 0.038943, 0.030718, -0.000003, -0.000153, 0.000103, -0.013498, 9.811853, -0.018677, 0.018677, 0.019188, 0.030718, 
1.448000, 0.999953, 0.009739, -0.000004, 0.000056, -0.000018, 0.159969, 0.038943, 0.030724, -0.000003, -0.000155, 0.000103, -0.010385, 9.811859, -0.018271, 0.018271, 0.019478, 0.030724, 
1.458000, 0.999951, 0.009884, -0.000004, 0.000055, -0.000018, 0.161131, 0.038943, 0.030581, -0.000003, -0.000156, 0.000103, -0.008761, 9.811882, -0.017871, 0.017871, 0.019768, 0.030581, 
1.468000, 0.999950, 0.010029, -0.000004, 0.000054, -0.000019, 0.162271, 0.038943, 0.030631, -0.000003, -0.000157, 0.000102, -0.006138, 9.811892, -0.017464, 0.017464, 0.020057, 0.030631, 
1.478000, 0.999948, 0.010173, -0.000004, 0.000054, -0.000019, 0.163388, 0.038943, 0.030604, -0.000003, -0.000159, 0.000102, -0.004298, 9.811911, -0.017060, 0.017060, 0.020347, 0.030604, 
1.488000, 0.999947, 0.010318, -0.000004, 0.000053, -0.000019, 0.164482, 0.038943, 0.030680, -0.000003, -0.000160, 0.000102, -0.001930, 9.811923, -0.016652, 0.016652, 0.020636, 0.030680, 
1.498000, 0.999945, 0.010463, -0.000004, 0.000052, -0.000019, 0.165553, 0.038943, 0.030716, -0.000003, -0.000161, 0.000102, 0.000028, 9.811939, -0.016245, 0.016245, 0.020926, 0.030716, 
1.508000, 0.999944, 0.010608, -0.000004, 0.000051, -0.000019, 0.166601, 0.038943, 0.030808, -0.000003, -0.000163, 0.000102, 0.002268, 9.811952, -0.015834, 0.015834, 0.021217, 0.030808, 
1.518000, 0.999942, 0.010754, -0.000004, 0.000050, -0.000019, 0.167626, 0.038943, 0.030881, -0.000003, -0.000164, 0.000101, 0.004294, 9.811967, -0.015423, 0.015423, 0.021509, 0.030881, 
1.528000, 0.999941, 0.010900, -0.000004, 0.000050, -0.000019, 0.168629, 0.038943, 0.030983, -0.000003, -0.000165, 0.000101, 0.006472, 9.811979, -0.015010, 0.015010, 0.021801, 0.030983, 
1.538000, 0.999939, 0.011047, -0.000004, 0.000049, -0.000019, 0.169608, 0.038943, 0.031075, -0.000004, -0.000166, 0.000101, 0.008540, 9.811993, -0.014596, 0.014596, 0.022094, 0.031075, 
1.548000, 0.999937, 0.011194, -0.000004, 0.000048, -0.000019, 0.170564, 0.038943, 0.031183, -0.000004, -0.000168, 0.000101, 0.010692, 9.812006, -0.014180, 0.014180, 0.022388, 0.031183, 
1.558000, 0.999936, 0.011342, -0.000004, 0.000047, -0.000020, 0.171496, 0.038943, 0.031287, -0.000004, -0.000169, 0.000100, 0.012790, 9.812019, -0.013763, 0.013763, 0.022684, 0.031287, 
1.568000, 0.999934, 0.011490, -0.000004, 0.000046, -0.000020, 0.172405, 0.038943, 0.031399, -0.000004, -0.000170, 0.000100, 0.014936, 9.812030, -0.013344, 0.013344, 0.022980, 0.031399, 
1.578000, 0.999932, 0.011638, -0.000004, 0.000045, -0.000020, 0.173291, 0.038943, 0.031509, -0.000004, -0.000171, 0.000100, 0.017057, 9.812042, -0.012924, 0.012924, 0.023277, 0.031509, 
1.588000, 0.999931, 0.011787, -0.000004, 0.000045, -0.000020, 0.174153, 0.038943, 0.031625, -0.000004, -0.000173, 0.000100, 0.019206, 9.812054, -0.012502, 0.012502, 0.023575, 0.031625, 
1.598000, 0.999929, 0.011937, -0.000004, 0.000044, -0.000020, 0.174991, 0.038943, 0.031739, -0.000004, -0.000174, 0.000099, 0.021347, 9.812065, -0.012078, 0.012078, 0.023875, 0.031739, 
1.608000, 0.999927, 0.012087, -0.000004, 0.000043, -0.000020, 0.175806, 0.038943, 0.031856, -0.000004, -0.000175, 0.000099, 0.023506, 9.812076, -0.011653, 0.011653, 0.024175, 0.031856, 
1.618000, 0.999925, 0.012238, -0.000004, 0.000042, -0.000020, 0.176596, 0.038943, 0.031973, -0.000004, -0.000176, 0.000099, 0.025664, 9.812086, -0.011226, 0.011226, 0.024477, 0.031973, 
1.628000, 0.999923, 0.012389, -0.000004, 0.000041, -0.000020, 0.177363, 0.038943, 0.032091, -0.000004, -0.000178, 0.000098, 0.027836, 9.812096, -0.010798, 0.010798, 0.024780, 0.032091, 
1.638000, 0.999921, 0.012541, -0.000004, 0.000040, -0.000020, 0.178106, 0.038943, 0.032210, -0.000004, -0.000179, 0.000098, 0.030011, 9.812106, -0.010368, 0.010368, 0.025083, 0.032210, 
1.648000, 0.999919, 0.012694, -0.000004, 0.000039, -0.000020, 0.178824, 0.038943, 0.032330, -0.000004, -0.000180, 0.000098, 0.032197, 9.812115, -0.009937, 0.009937, 0.025388, 0.032330, 
1.658000, 0.999917, 0.012847, -0.000004, 0.000038, -0.000020, 0.179519, 0.038943, 0.032450, -0.000004, -0.000181, 0.000097, 0.034389, 9.812124, -0.009504, 0.009504, 0.025694, 0.032450, 
1.668000, 0.999915, 0.013000, -0.000004, 0.000037, -0.000020, 0.180189, 0.038943, 0.032571, -0.000005, -0.000182, 0.000097, 0.036590, 9.812132, -0.009069, 0.009069, 0.026002, 0.032571, 
1.678000, 0.999913, 0.013155, -0.000004, 0.000037, -0.000020, 0.180834, 0.038943, 0.032692, -0.000005, -0.000184, 0.000097, 0.038799, 9.812140, -0.008632, 0.008632, 0.026310, 0.032692, 
1.688000, 0.999911, 0.013309, -0.000004, 0.000036, -0.000020, 0.181455, 0.038943, 0.032814, -0.000005, -0.000185, 0.000096, 0.041016, 9.812148, -0.008194, 0.008194, 0.026620, 0.032814, 
1.698000, 0.999909, 0.013465, -0.000004, 0.000035, -0.000020, 0.182052, 0.038943, 0.032937, -0.000005, -0.000186, 0.000096, 0.043242, 9.812155, -0.007755, 0.007755, 0.026930, 0.032937, 
1.708000, 0.999907, 0.013621, -0.000004, 0.000034, -0.000020, 0.182624, 0.038943, 0.033060, -0.000005, -0.000187, 0.000095, 0.045476, 9.812161, -0.007314, 0.007314, 0.027242, 0.033060, 
1.718000, 0.999905, 0.013777, -0.000004, 0.000033, -0.000020, 0.183171, 0.038943, 0.033183, -0.000005, -0.000188, 0.000095, 0.047717, 9.812168, -0.006871, 0.006871, 0.027555, 0.033183, 
1.728000, 0.999903, 0.013934, -0.000004, 0.000032, -0.000021, 0.183693, 0.038943, 0.033307, -0.000005, -0.000189, 0.000095, 0.049968, 9.812174, -0.006426, 0.006426, 0.027869, 0.033307, 
1.738000, 0.999901, 0.014092, -0.000004, 0.000031, -0.000021, 0.184191, 0.038943, 0.033432, -0.000005, -0.000191, 0.000094, 0.052227, 9.812179, -0.005980, 0.005980, 0.028185, 0.033432, 
1.748000, 0.999898, 0.014250, -0.000004, 0.000030, -0.000021, 0.184663, 0.038943, 0.033556, -0.000005, -0.000192, 0.000094, 0.054494, 9.812184, -0.005532, 0.005532, 0.028501, 0.033556, 
1.758000, 0.999896, 0.014409, -0.000004, 0.000029, -0.000021, 0.185110, 0.038943, 0.033682, -0.000005, -0.000193, 0.000093, 0.056769, 9.812189, -0.005082, 0.005082, 0.028819, 0.033682, 
1.768000, 0.999894, 0.014568, -0.000004, 0.000028, -0.000021, 0.185532, 0.038943, 0.033808, -0.000005, -0.000194, 0.000093, 0.059054, 9.812193, -0.004631, 0.004631, 0.029138, 0.033808, 
1.778000, 0.999892, 0.014728, -0.000004, 0.000027, -0.000021, 0.185929, 0.038943, 0.033934, -0.000006, -0.000195, 0.000093, 0.061346, 9.812197, -0.004178, 0.004178, 0.029458, 0.033934, 
1.788000, 0.999889, 0.014889, -0.000004, 0.000026, -0.000021, 0.186300, 0.038943, 0.034061, -0.000006, -0.000196, 0.000092, 0.063648, 9.812200, -0.003724, 0.003724, 0.029779, 0.034061, 
1.798000, 0.999887, 0.015050, -0.000004, 0.000025, -0.000021, 0.186646, 0.038943, 0.034188, -0.000006, -0.000197, 0.000092, 0.065957, 9.812203, -0.003267, 0.003267, 0.030102, 0.034188, 
1.808000, 0.999884, 0.015212, -0.000004, 0.000024, -0.000021, 0.186966, 0.038943, 0.034316, -0.000006, -0.000199, 0.000091, 0.068276, 9.812205, -0.002809, 0.002809, 0.030425, 0.034316, 
1.818000, 0.999882, 0.015375, -0.000004, 0.000023, -0.000021, 0.187260, 0.038943, 0.034444, -0.000006, -0.000200, 0.000091, 0.070603, 9.812207, -0.002349, 0.002349, 0.030750, 0.034444, 
1.828000, 0.999879, 0.015538, -0.000004, 0.000022, -0.000021, 0.187529, 0.038943, 0.034573, -0.000006, -0.000201, 0.000090, 0.072939, 9.812208, -0.001888, 0.001888, 0.031076, 0.034573, 
1.838000, 0.999877, 0.015701, -0.000004, 0.000021, -0.000021, 0.187772, 0.038943, 0.034702, -0.000006, -0.000202, 0.000090, 0.075284, 9.812209, -0.001425, 0.001425, 0.031404, 0.034702, 
1.848000, 0.999874, 0.015866, -0.000004, 0.000020, -0.000021, 0.187988, 0.038943, 0.034831, -0.000006, -0.000203, 0.000089, 0.077637, 9.812209, -0.000960, 0.000960, 0.031732, 0.034831, 
1.858000, 0.999872, 0.016030, -0.000004, 0.000019, -0.000021, 0.188179, 0.038943, 0.034962, -0.000006, -0.000204, 0.000089, 0.079999, 9.812209, -0.000493, 0.000493, 0.032062, 0.034962, 
1.868000, 0.999869, 0.016196, -0.000004, 0.000018, -0.000021, 0.188343, 0.038943, 0.035092, -0.000006, -0.000205, 0.000088, 0.082370, 9.812209, -0.000025, 0.000025, 0.032393, 0.035092, 
1.878000, 0.999866, 0.016362, -0.000004, 0.000017, -0.000021, 0.188481, 0.038943, 0.035223, -0.000007, -0.000206, 0.000088, 0.084750, 9.812208, 0.000445, -0.000445, 0.032725, 0.035223, 
1.888000, 0.999863, 0.016529, -0.000004, 0.000016, -0.000021, 0.188593, 0.038943, 0.035355, -0.000007, -0.000207, 0.000087, 0.087139, 9.812206, 0.000917, -0.000917, 0.033059, 0.035355, 
1.898000, 0.999861, 0.016696, -0.000004, 0.000015, -0.000021, 0.188678, 0.038943, 0.035487, -0.000007, -0.000209, 0.000087, 0.089537, 9.812204, 0.001391, -0.001391, 0.033394, 0.035487, 
1.908000, 0.999858, 0.016864, -0.000004, 0.000014, -0.000021, 0.188737, 0.038943, 0.035620, -0.000007, -0.000210, 0.000086, 0.091943, 9.812201, 0.001866, -0.001866, 0.033730, 0.035620, 
1.918000, 0.999855, 0.017033, -0.000004, 0.000013, -0.000021, 0.188769, 0.038943, 0.035753, -0.000007, -0.000211, 0.000086, 0.094359, 9.812198, 0.012152, -0.012152, 0.034067, 0.035753, 
1.928000, 0.999873, 0.015968, -0.000004, 0.000012, -0.000021, 0.188684, 0.038943, -0.343642, -0.000011, -0.000116, 0.000072, -1.009558, 9.841737, 0.007550, -0.007550, 0.031937, -0.343642, 
1.938000, 0.999899, 0.014229, -0.000004, 0.000012, -0.000021, 0.188526, 0.038942, -0.346550, -0.000007, -0.000140, 0.000111, 0.064212, 9.815559, 0.013251, -0.013251, 0.028460, -0.346550, 
1.948000, 0.999930, 0.011823, -0.000004, 0.000011, -0.000021, 0.188295, 0.038942, -0.551216, -0.000007, -0.000104, 0.000092, -0.562261, 9.825362, 0.011009, -0.011009, 0.023647, -0.551216, 
1.958000, 0.999959, 0.009038, -0.000004, 0.000010, -0.000021, 0.188014, 0.038942, -0.557998, -0.000003, -0.000125, 0.000104, -0.029447, 9.814199, 0.014122, -0.014122, 0.018075, -0.557998, 
1.968000, 0.999983, 0.005877, -0.000004, 0.000010, -0.000021, 0.187684, 0.038942, -0.670410, -0.000002, -0.000109, 0.000090, -0.386584, 9.815081, 0.013014, -0.013014, 0.011754, -0.670410, 
1.978000, 0.999997, 0.002496, -0.000004, 0.000009, -0.000021, 0.187319, 0.038942, -0.677907, 0.000001, -0.000120, 0.000093, -0.132082, 9.811434, 0.014697, -0.014697, 0.004992, -0.677907, 
1.988000, 0.999999, -0.001100, -0.000004, 0.000009, -0.000021, 0.186920, 0.038943, -0.740609, 0.000002, -0.000108, 0.000084, -0.346886, 9.808980, 0.014125, -0.014125, -0.002200, -0.740609, 
1.998000, 0.999988, -0.004827, -0.000004, 0.000008, -0.000021, 0.186496, 0.038943, -0.747451, 0.000003, -0.000109, 0.000085, -0.239107, 9.808094, 0.015004, -0.015004, -0.009655, -0.747451, 
2.010000, 0.999955, -0.009469, -0.000004, 0.000007, -0.000021, 0.185958, 0.038943, -0.787922, 0.000004, -0.000095, 0.000081, -0.378005, 9.804322, 0.014634, -0.014634, -0.018938, -0.787922, 
2.022000, 0.999899, -0.014207, -0.000004, 0.000007, -0.000021, 0.185396, 0.038944, -0.791207, 0.000004, -0.000088, 0.000080, -0.364340, 9.803301, 0.015202, -0.015202, -0.028416, -0.791207, 
2.034000, 0.999818, -0.019068, -0.000004, 0.000006, -0.000021, 0.184814, 0.038944, -0.821721, 0.000004, -0.000068, 0.000078, -0.496458, 9.798008, 0.008727, -0.008727, -0.038139, -0.821721, 
2.046000, 0.999736, -0.022973, -0.000004, 0.000006, -0.000021, 0.184294, 0.038944, -0.558187, 0.000011, -0.000124, 0.000077, 0.096570, 9.823160, 0.007893, -0.007893, -0.045949, -0.558187, 
2.058000, 0.999669, -0.025740, -0.000004, 0.000005, -0.000021, 0.183851, 0.038944, -0.410070, 0.000010, -0.000128, 0.000063, -0.209629, 9.810863, 0.006081, -0.006081, -0.051485, -0.410070, 
2.070000, 0.999617, -0.027661, -0.000004, 0.000004, -0.000021, 0.183465, 0.038944, -0.272879, 0.000009, -0.000123, 0.000063, -0.258757, 9.809980, 0.005906, -0.005906, -0.055330, -0.272879, 
2.082000, 0.999578, -0.029053, -0.000004, 0.000003, -0.000021, 0.183116, 0.038944, -0.211053, 0.000006, -0.000098, 0.000065, -0.442681, 9.800730, 0.004591, -0.004591, -0.058114, -0.211053, 
2.094000, 0.999550, -0.030009, -0.000004, 0.000003, -0.000021, 0.182798, 0.038943, -0.132153, 0.000005, -0.000083, 0.000070, -0.414164, 9.802927, 0.004836, -0.004836, -0.060027, -0.132153, 
2.106000, 0.999528, -0.030722, -0.000004, 0.000002, -0.000021, 0.182499, 0.038943, -0.112532, 0.000002, -0.000057, 0.000073, -0.553871, 9.794768, 0.003778, -0.003778, -0.061453, -0.112532, 
2.118000, 0.999513, -0.031198, -0.000004, 0.000002, -0.000021, 0.182219, 0.038943, -0.061892, 0.000002, -0.000046, 0.000077, -0.489076, 9.798802, 0.004255, -0.004255, -0.062405, -0.061892, 
2.130000, 0.999501, -0.031573, -0.000004, 0.000002, -0.000021, 0.181948, 0.038943, -0.063667, -0.000000, -0.000025, 0.000078, -0.610050, 9.791273, 0.003312, -0.003312, -0.063156, -0.063667, 
2.142000, 0.999494, -0.031809, -0.000004, 0.000002, -0.000021, 0.181690, 0.038943, -0.026633, 0.000000, -0.000020, 0.000080, -0.525512, 9.796541, 0.003919, -0.003919, -0.063629, -0.026633, 
2.154000, 0.999487, -0.032016, -0.000004, 0.000002, -0.000021, 0.181436, 0.038943, -0.039543, -0.000001, -0.000004, 0.000080, -0.639347, 9.789302, 0.003017, -0.003017, -0.064044, -0.039543, 
2.166000, 0.999484, -0.032133, -0.000004, 0.000002, -0.000021, 0.181193, 0.038943, -0.008816, -0.000001, -0.000005, 0.000082, -0.542874, 9.795399, 0.003706, -0.003706, -0.064277, -0.008816, 
2.178000, 0.999480, -0.032257, -0.000004, 0.000002, -0.000021, 0.180952, 0.038943, -0.027769, -0.000002, 0.000008, 0.000081, -0.655328, 9.788198, 0.002808, -0.002808, -0.064525, -0.027769, 
2.190000, 0.999478, -0.032313, -0.000004, 0.000002, -0.000021, 0.180719, 0.038943, 0.000309, -0.000001, 0.000005, 0.000083, -0.550693, 9.794875, 0.003555, -0.003555, -0.064638, 0.000309, 
2.202000, 0.999475, -0.032396, -0.000004, 0.000002, -0.000021, 0.180488, 0.038943, -0.022167, -0.000002, 0.000015, 0.000081, -0.664717, 9.787552, 0.002641, -0.002641, -0.064804, -0.022167, 
2.214000, 0.999474, -0.032422, -0.000004, 0.000002, -0.000021, 0.180265, 0.038943, 0.005108, -0.000001, 0.000010, 0.000083, -0.553711, 9.794676, 0.003433, -0.003433, -0.064856, 0.005108, 
2.226000, 0.999472, -0.032486, -0.000004, 0.000002, -0.000021, 0.180042, 0.038943, -0.019654, -0.000002, 0.000020, 0.000081, -0.670867, 9.787136, 0.002494, -0.002494, -0.064983, -0.019654, 
2.238000, 0.999472, -0.032496, -0.000004, 0.000002, -0.000021, 0.179827, 0.038943, 0.007759, -0.000001, 0.000013, 0.000083, -0.554289, 9.794642, 0.003327, -0.003327, -0.065003, 0.007759, 
2.250000, 0.999470, -0.032550, -0.000004, 0.000002, -0.000021, 0.179612, 0.038943, -0.018694, -0.000002, 0.000022, 0.000081, -0.675452, 9.786831, 0.002356, -0.002356, -0.065111, -0.018694, 
2.262000, 0.999470, -0.032552, -0.000004, 0.000002, -0.000021, 0.179405, 0.038943, 0.009349, -0.000001, 0.000014, 0.000083, -0.553603, 9.794692, 0.003228, -0.003228, -0.065115, 0.009349, 
2.274000, 0.999468, -0.032602, -0.000004, 0.000002, -0.000021, 0.179198, 0.038943, -0.018520, -0.000002, 0.000024, 0.000081, -0.679308, 9.786577, 0.002222, -0.002222, -0.065215, -0.018520, 
2.286000, 0.999468, -0.032599, -0.000004, 0.000003, -0.000021, 0.178999, 0.038943, 0.010422, -0.000001, 0.000015, 0.000083, -0.552237, 9.794788, 0.003132, -0.003132, -0.065210, 0.010422, 
2.298000, 0.999467, -0.032648, -0.000004, 0.000003, -0.000021, 0.178799, 0.038943, -0.018750, -0.000002, 0.000025, 0.000081, -0.682855, 9.786344, 0.002088, -0.002088, -0.065307, -0.018750, 
2.310000, 0.999467, -0.032643, -0.000004, 0.000003, -0.000021, 0.178607, 0.038943, 0.011247, -0.000001, 0.000016, 0.000083, -0.550482, 9.794908, 0.003038, -0.003038, -0.065297, 0.011247, 
2.322000, 0.999466, -0.032691, -0.000004, 0.000003, -0.000021, 0.178415, 0.038943, -0.019195, -0.000002, 0.000026, 0.000081, -0.686304, 9.786117, 0.001954, -0.001954, -0.065394, -0.019195, 
2.334000, 0.999466, -0.032684, -0.000004, 0.000003, -0.000021, 0.178231, 0.038943, 0.011962, -0.000001, 0.000016, 0.000083, -0.548480, 9.795045, 0.002945, -0.002945, -0.065380, 0.011962, 
2.346000, 0.999464, -0.032733, -0.000004, 0.000003, -0.000021, 0.178047, 0.038943, -0.019758, -0.000002, 0.000026, 0.000081, -0.689764, 9.785889, 0.001819, -0.001819, -0.065478, -0.019758, 
2.358000, 0.999464, -0.032725, -0.000004, 0.000003, -0.000021, 0.177870, 0.038943, 0.012635, -0.000001, 0.000017, 0.000083, -0.546300, 9.795193, 0.002853, -0.002853, -0.065462, 0.012635, 
2.370000, 0.999463, -0.032775, -0.000004, 0.000003, -0.000021, 0.177693, 0.038943, -0.020395, -0.000002, 0.000027, 0.000081, -0.693291, 9.785656, 0.001683, -0.001683, -0.065562, -0.020395, 
2.382000, 0.999463, -0.032765, -0.000004, 0.000004, -0.000021, 0.177525, 0.038943, 0.013299, -0.000001, 0.000017, 0.000083, -0.543974, 9.795351, 0.002760, -0.002760, -0.065543, 0.013299, 
2.394000, 0.999461, -0.032817, -0.000004, 0.000004, -0.000021, 0.177356, 0.038943, -0.021082, -0.000002, 0.000028, 0.000081, -0.696914, 9.785417, 0.001544, -0.001544, -0.065645, -0.021082, 
2.406000, 0.999462, -0.032806, -0.000004, 0.000004, -0.000021, 0.177195, 0.038943, 0.013974, -0.000001, 0.000017, 0.000083, -0.541515, 9.795518, 0.002667, -0.002667, -0.065624, 0.013974, 
2.418000, 0.999460, -0.032859, -0.000004, 0.000004, -0.000021, 0.177034, 0.038943, -0.021809, -0.000002, 0.000028, 0.000081, -0.700652, 9.785169, 0.001404, -0.001404, -0.065729, -0.021809, 
2.430000, 0.999460, -0.032847, -0.000004, 0.000004, -0.000021, 0.176881, 0.038943, 0.014668, -0.000001, 0.000017, 0.000083, -0.538928, 9.795694, 0.002575, -0.002575, -0.065705, 0.014668, 
2.442000, 0.999459, -0.032901, -0.000004, 0.000004, -0.000021, 0.176727, 0.038943, -0.022570, -0.000002, 0.000029, 0.000081, -0.704516, 9.784913, 0.001262, -0.001262, -0.065813, -0.022570, 
2.454000, 0.999459, -0.032888, -0.000004, 0.000004, -0.000021, 0.176582, 0.038943, 0.015387, -0.000001, 0.000017, 0.000083, -0.536213, 9.795879, 0.002482, -0.002482, -0.065787, 0.015387, 
2.466000, 0.999457, -0.032943, -0.000004, 0.000005, -0.000021, 0.176437, 0.038943, -0.023364, -0.000002, 0.000029, 0.000081, -0.708514, 9.784648, 0.001118, -0.001118, -0.065899, -0.023364, 
2.478000, 0.999458, -0.032929, -0.000004, 0.000005, -0.000021, 0.176300, 0.038943, 0.016134, -0.000001, 0.000017, 0.000083, -0.533366, 9.796073, 0.002389, -0.002389, -0.065870, 0.016134, 
2.490000, 0.999456, -0.032986, -0.000004, 0.000005, -0.000021, 0.176162, 0.038943, -0.024192, -0.000002, 0.000030, 0.000081, -0.712654, 9.784372, 0.000972, -0.000972, -0.065985, -0.024192, 
2.502000, 0.999456, -0.032971, -0.000004, 0.000005, -0.000021, 0.176033, 0.038943, 0.016911, -0.000001, 0.000017, 0.000083, -0.530383, 9.796277, 0.002296, -0.002296, -0.065954, 0.016911, 
2.514000, 0.999454, -0.033030, -0.000004, 0.000005, -0.000021, 0.175903, 0.038943, -0.025052, -0.000002, 0.000031, 0.000081, -0.716941, 9.784087, 0.000823, -0.000823, -0.066071, -0.025052, 
2.526000, 0.999455, -0.033013, -0.000004, 0.000005, -0.000021, 0.175783, 0.038943, 0.017720, -0.000001, 0.000018, 0.000083, -0.527259, 9.796490, 0.002203, -0.002203, -0.066038, 0.017720, 
2.538000, 0.999453, -0.033073, -0.000004, 0.000005, -0.000021, 0.175661, 0.038943, -0.025947, -0.000002, 0.000031, 0.000081, -0.721382, 9.783790, 0.000672, -0.000672, -0.066159, -0.025947, 
2.550000, 0.999454, -0.033055, -0.000004, 0.000006, -0.000021, 0.175549, 0.038943, 0.018563, -0.000001, 0.000018, 0.000083, -0.523988, 9.796714, 0.002111, -0.002111, -0.066123, 0.018563, 
2.562000, 0.999451, -0.033118, -0.000004, 0.000006, -0.000021, 0.175435, 0.038943, -0.026877, -0.000003, 0.000032, 0.000081, -0.725984, 9.783483, 0.000520, -0.000520, -0.066247, -0.026877, 
2.574000, 0.999452, -0.033098, -0.000004, 0.000006, -0.000021, 0.175332, 0.038943, 0.019441, -0.000001, 0.000018, 0.000083, -0.520565, 9.796948, 0.002018, -0.002018, -0.066208, 0.019441, 
2.586000, 0.999450, -0.033162, -0.000004, 0.000006, -0.000021, 0.175226, 0.038943, -0.027843, -0.000003, 0.000033, 0.000081, -0.730752, 9.783163, 0.000364, -0.000364, -0.066336, -0.027843, 
2.598000, 0.999451, -0.033141, -0.000004, 0.000006, -0.000021, 0.175131, 0.038943, 0.020355, -0.000001, 0.000018, 0.000083, -0.516984, 9.797194, 0.001926, -0.001926, -0.066294, 0.020355, 
2.610000, 0.999448, -0.033207, -0.000004, 0.000006, -0.000021, 0.175034, 0.038943, -0.028848, -0.000003, 0.000033, 0.000081, -0.735693, 9.782832, 0.000207, -0.000207, -0.066426, -0.028848, 
2.622000, 0.999449, -0.033185, -0.000004, 0.000006, -0.000021, 0.174947, 0.038943, 0.021308, -0.000001, 0.000018, 0.000083, -0.513237, 9.797451, 0.001833, -0.001833, -0.066381, 0.021308, 
2.634000, 0.999447, -0.033253, -0.000004, 0.000007, -0.000021, 0.174858, 0.038943, -0.029893, -0.000003, 0.000034, 0.000081, -0.740815, 9.782488, 0.000047, -0.000047, -0.066517, -0.029893, 
2.646000, 0.999448, -0.033228, -0.000004, 0.000007, -0.000021, 0.174780, 0.038943, 0.022300, -0.000001, 0.000018, 0.000083, -0.509318, 9.797720, 0.001741, -0.001741, -0.066469, 0.022300, 
2.658000, 0.999445, -0.033298, -0.000004, 0.000007, -0.000021, 0.174700, 0.038943, -0.030978, -0.000003, 0.000035, 0.000080, -0.746124, 9.782131, -0.000116, 0.000116, -0.066609, -0.030978, 
2.670000, 0.999446, -0.033273, -0.000004, 0.000007, -0.000021, 0.174630, 0.038943, 0.023334, -0.000001, 0.000018, 0.000083, -0.505219, 9.798002, 0.001650, -0.001650, -0.066557, 0.023334, 
2.682000, 0.999444, -0.033345, -0.000004, 0.000007, -0.000021, 0.174558, 0.038943, -0.032107, -0.000003, 0.000035, 0.000080, -0.751627, 9.781760, -0.000281, 0.000281, -0.066702, -0.032107, 
2.694000, 0.999445, -0.033317, -0.000004, 0.000007, -0.000021, 0.174498, 0.038943, 0.024411, -0.000001, 0.000018, 0.000083, -0.500934, 9.798297, 0.001558, -0.001558, -0.066646, 0.024411, 
2.706000, 0.999442, -0.033391, -0.000004, 0.000008, -0.000021, 0.174434, 0.038943, -0.033280, -0.000003, 0.000036, 0.000080, -0.757333, 9.781375, -0.000449, 0.000449, -0.066795, -0.033280, 
2.718000, 0.999443, -0.033362, -0.000004, 0.000008, -0.000021, 0.174383, 0.038943, 0.025532, -0.000001, 0.000018, 0.000083, -0.496454, 9.798606, 0.001467, -0.001467, -0.066736, 0.025532, 
2.730000, 0.999441, -0.033439, -0.000004, 0.000008, -0.000021, 0.174327, 0.038943, -0.034500, -0.000003, 0.000037, 0.000080, -0.763249, 9.780975, -0.000620, 0.000620, -0.066890, -0.034500, 
2.742000, 0.999442, -0.033407, -0.000004, 0.000008, -0.000021, 0.174285, 0.038943, 0.026701, -0.000001, 0.000018, 0.000083, -0.491772, 9.798929, 0.001376, -0.001376, -0.066827, 0.026701, 
2.754000, 0.999439, -0.033486, -0.000004, 0.000008, -0.000021, 0.174238, 0.038943, -0.035767, -0.000003, 0.000037, 0.000080, -0.769384, 9.780559, -0.000793, 0.000793, -0.066985, -0.035767, 
2.766000, 0.999440, -0.033453, -0.000004, 0.000008, -0.000021, 0.174205, 0.038943, 0.027917, -0.000001, 0.000018, 0.000083, -0.486879, 9.799267, 0.001286, -0.001286, -0.066918, 0.027917, 
2.778000, 0.999438, -0.033535, -0.000004, 0.000009, -0.000021, 0.174167, 0.038943, -0.037085, -0.000003, 0.000038, 0.000080, -0.775746, 9.780127, -0.000969, 0.000969, -0.067082, -0.037085, 
2.790000, 0.999439, -0.033499, -0.000004, 0.000009, -0.000021, 0.174143, 0.038943, 0.029185, -0.000001, 0.000018, 0.000083, -0.481767, 9.799621, 0.001196, -0.001196, -0.067011, 0.029185, 
2.802000, 0.999436, -0.033583, -0.000004, 0.000009, -0.000021, 0.174114, 0.038943, -0.038456, -0.000003, 0.000039, 0.000080, -0.782345, 9.779679, -0.001148, 0.001148, -0.067179, -0.038456, 
2.814000, 0.999437, -0.033545, -0.000004, 0.000009, -0.000021, 0.174099, 0.038943, 0.030505, -0.000001, 0.000017, 0.000083, -0.476425, 9.799991, 0.001107, -0.001107, -0.067103, 0.030505, 
2.826000, 0.999434, -0.033632, -0.000004, 0.000009, -0.000021, 0.174079, 0.038943, -0.039880, -0.000003, 0.000039, 0.000080, -0.789189, 9.779213, -0.001330, 0.001330, -0.067277, -0.039880, 
2.838000, 0.999436, -0.033592, -0.000004, 0.000009, -0.000021, 0.174073, 0.038943, 0.031879, -0.000000, 0.000017, 0.000084, -0.470846, 9.800378, 0.001019, -0.001019, -0.067197, 0.031879, 
2.850000, 0.999433, -0.033682, -0.000005, 0.000010, -0.000021, 0.174062, 0.038943, -0.041361, -0.000003, 0.000040, 0.000080, -0.796289, 9.778729, -0.001516, 0.001516, -0.067376, -0.041361, 
2.862000, 0.999434, -0.033639, -0.000005, 0.000010, -0.000021, 0.174066, 0.038943, 0.033311, -0.000000, 0.000017, 0.000084, -0.465019, 9.800783, 0.000931, -0.000931, -0.067291, 0.033311, 
2.874000, 0.999431, -0.033732, -0.000005, 0.000010, -0.000021, 0.174064, 0.038943, -0.042901, -0.000003, 0.000041, 0.000080, -0.803654, 9.778226, -0.001704, 0.001704, -0.067476, -0.042901, 
2.886000, 0.999432, -0.033687, -0.000005, 0.000010, -0.000021, 0.174077, 0.038943, 0.034801, -0.000000, 0.000017, 0.000084, -0.458933, 9.801206, 0.000844, -0.000844, -0.067387, 0.034801, 
2.898000, 0.999429, -0.033782, -0.000005, 0.000010, -0.000021, 0.174084, 0.038943, -0.044502, -0.000004, 0.000042, 0.000080, -0.811295, 9.777703, -0.001896, 0.001896, -0.067578, -0.044502, 
2.910000, 0.999431, -0.033735, -0.000005, 0.000010, -0.000021, 0.174107, 0.038943, 0.036353, -0.000000, 0.000017, 0.000084, -0.452579, 9.801649, 0.000758, -0.000758, -0.067483, 0.036353, 
2.922000, 0.999427, -0.033833, -0.000005, 0.000011, -0.000021, 0.174123, 0.038943, -0.046166, -0.000004, 0.000043, 0.000080, -0.819223, 9.777159, -0.002091, 0.002091, -0.067680, -0.046166, 
2.934000, 0.999429, -0.033783, -0.000005, 0.000011, -0.000021, 0.174156, 0.038943, 0.037970, -0.000000, 0.000017, 0.000084, -0.445945, 9.802112, 0.000672, -0.000672, -0.067579, 0.037970, 
2.946000, 0.999426, -0.033885, -0.000005, 0.000011, -0.000021, 0.174181, 0.038943, -0.047897, -0.000004, 0.000043, 0.000079, -0.827450, 9.776594, -0.002290, 0.002290, -0.067783, -0.047897, 
2.958000, 0.999428, -0.033832, -0.000005, 0.000011, -0.000021, 0.174223, 0.038943, 0.039653, -0.000000, 0.000016, 0.000084, -0.439020, 9.802596, 0.000588, -0.000588, -0.067677, 0.039653, 
2.970000, 0.999424, -0.033937, -0.000005, 0.000011, -0.000021, 0.174259, 0.038943, -0.049696, -0.000004, 0.000044, 0.000079, -0.835987, 9.776007, -0.002492, 0.002492, -0.067887, -0.049696, 
2.982000, 0.999426, -0.033881, -0.000005, 0.000011, -0.000021, 0.174310, 0.038943, 0.041406, -0.000000, 0.000016, 0.000084, -0.431792, 9.803102, 0.000505, -0.000505, -0.067775, 0.041406, 
2.994000, 0.999422, -0.033990, -0.000005, 0.000012, -0.000021, 0.174355, 0.038943, -0.051567, -0.000004, 0.000045, 0.000079, -0.844846, 9.775397, -0.002698, 0.002698, -0.067992, -0.051567, 
3.006000, 0.999424, -0.033931, -0.000005, 0.000012, -0.000021, 0.174417, 0.038943, 0.043231, -0.000000, 0.000016, 0.000084, -0.424247, 9.803631, 0.000423, -0.000423, -0.067874, 0.043231, 
3.018000, 0.999420, -0.034043, -0.000005, 0.000012, -0.000021, 0.174471, 0.038943, -0.053512, -0.000004, 0.000046, 0.000079, -0.854041, 9.774762, -0.002908, 0.002908, -0.068098, -0.053512, 
3.030000, 0.999422, -0.033980, -0.000005, 0.000012, -0.000021, 0.174543, 0.038943, 0.045131, -0.000000, 0.000015, 0.000084, -0.416374, 9.804184, 0.000342, -0.000342, -0.067974, 0.045131, 
3.042000, 0.999419, -0.034096, -0.000005, 0.000012, -0.000021, 0.174606, 0.038943, -0.055535, -0.000004, 0.000047, 0.000079, -0.863585, 9.774102, -0.003121, 0.003121, -0.068206, -0.055535, 
3.054000, 0.999421, -0.034031, -0.000005, 0.000013, -0.000021, 0.174689, 0.038943, 0.047109, -0.000000, 0.000015, 0.000084, -0.408159, 9.804761, 0.000262, -0.000262, -0.068075, 0.047109, 
3.066000, 0.999417, -0.034150, -0.000005, 0.000013, -0.000021, 0.174762, 0.038943, -0.057638, -0.000004, 0.000048, 0.000079, -0.873491, 9.773415, -0.003339, 0.003339, -0.068314, -0.057638, 
3.078000, 0.999419, -0.034081, -0.000005, 0.000013, -0.000021, 0.174854, 0.038943, 0.049168, -0.000000, 0.000015, 0.000084, -0.399588, 9.805365, 0.000184, -0.000184, -0.068176, 0.049168, 
3.090000, 0.999415, -0.034205, -0.000005, 0.000013, -0.000021, 0.174937, 0.038943, -0.059826, -0.000004, 0.000049, 0.000079, -0.883774, 9.772702, -0.003561, 0.003561, -0.068424, -0.059826, 
3.102000, 0.999417, -0.034133, -0.000005, 0.000013, -0.000021, 0.175040, 0.038943, 0.051313, 0.000000, 0.000014, 0.000084, -0.390646, 9.805995, 0.000108, -0.000108, -0.068278, 0.051313, 
3.114000, 0.999413, -0.034260, -0.000005, 0.000014, -0.000021, 0.175133, 0.038943, -0.062100, -0.000004, 0.000050, 0.000079, -0.894449, 9.771959, -0.003787, 0.003787, -0.068534, -0.062100, 
3.126000, 0.999416, -0.034184, -0.000005, 0.000014, -0.000021, 0.175246, 0.038943, 0.053545, 0.000000, 0.000014, 0.000084, -0.381318, 9.806654, 0.000033, -0.000033, -0.068381, 0.053545, 
3.138000, 0.999411, -0.034316, -0.000005, 0.000014, -0.000021, 0.175349, 0.038943, -0.064465, -0.000005, 0.000051, 0.000078, -0.905532, 9.771187, -0.004017, 0.004017, -0.068646, -0.064465, 
3.150000, 0.999414, -0.034236, -0.000005, 0.000014, -0.000021, 0.175473, 0.038943, 0.055869, 0.000000, 0.000014, 0.000084, -0.371589, 9.807343, -0.000040, 0.000040, -0.068485, 0.055869, 
3.162000, 0.999409, -0.034373, -0.000005, 0.000014, -0.000021, 0.175585, 0.038943, -0.066924, -0.000005, 0.000052, 0.000078, -0.917039, 9.770384, -0.004252, 0.004252, -0.068759, -0.066924, 
3.174000, 0.999412, -0.034288, -0.000005, 0.000014, -0.000021, 0.175720, 0.038943, 0.058289, 0.000000, 0.000013, 0.000084, -0.361441, 9.808062, -0.000112, 0.000112, -0.068590, 0.058289, 
3.186000, 0.999407, -0.034430, -0.000005, 0.000015, -0.000021, 0.175842, 0.038943, -0.069482, -0.000005, 0.000053, 0.000078, -0.928986, 9.769549, -0.004492, 0.004492, -0.068873, -0.069482, 
3.198000, 0.999410, -0.034341, -0.000005, 0.000015, -0.000021, 0.175988, 0.038943, 0.060808, 0.000000, 0.000013, 0.000085, -0.350858, 9.808813, -0.000181, 0.000181, -0.068695, 0.060808, 
3.210000, 0.999405, -0.034487, -0.000005, 0.000015, -0.000021, 0.176121, 0.038943, -0.072141, -0.000005, 0.000054, 0.000078, -0.941392, 9.768680, -0.004736, 0.004736, -0.068988, -0.072141, 
3.222000, 0.999408, -0.034394, -0.000005, 0.000015, -0.000021, 0.176277, 0.038943, 0.063430, 0.000000, 0.000012, 0.000085, -0.339822, 9.809598, -0.000248, 0.000248, -0.068801, 0.063430, 
3.234000, 0.999403, -0.034545, -0.000005, 0.000016, -0.000021, 0.176420, 0.038943, -0.074907, -0.000005, 0.000055, 0.000078, -0.954274, 9.767776, -0.004985, 0.004985, -0.069104, -0.074907, 
3.246000, 0.999407, -0.034447, -0.000005, 0.000016, -0.000021, 0.176587, 0.038943, 0.066159, 0.000001, 0.000011, 0.000085, -0.328315, 9.810418, -0.000313, 0.000313, -0.068908, 0.066159, 
3.258000, 0.999401, -0.034604, -0.000005, 0.000016, -0.000021, 0.176740, 0.038943, -0.077783, -0.000005, 0.000056, 0.000078, -0.967652, 9.766836, -0.005240, 0.005240, -0.069222, -0.077783, 
3.270000, 0.999405, -0.034501, -0.000005, 0.000016, -0.000021, 0.176919, 0.038943, 0.069001, 0.000001, 0.000011, 0.000085, -0.316317, 9.811274, -0.000376, 0.000376, -0.069016, 0.069001, 
3.282000, 0.999399, -0.034663, -0.000005, 0.000016, -0.000021, 0.177082, 0.038943, -0.080774, -0.000005, 0.000058, 0.000077, -0.981544, 9.765857, -0.005500, 0.005500, -0.069341, -0.080774, 
3.294000, 0.999403, -0.034556, -0.000005, 0.000016, -0.000021, 0.177272, 0.038943, 0.071958, 0.000001, 0.000010, 0.000085, -0.303808, 9.812168, -0.000436, 0.000436, -0.069125, 0.071958, 
3.306000, 0.999397, -0.034723, -0.000005, 0.000017, -0.000021, 0.177446, 0.038943, -0.083884, -0.000006, 0.000059, 0.000077, -0.995973, 9.764839, -0.005765, 0.005765, -0.069461, -0.083884, 
3.318000, 0.999401, -0.034610, -0.000005, 0.000017, -0.000021, 0.177647, 0.038943, 0.075037, 0.000001, 0.000009, 0.000085, -0.290768, 9.813101, -0.000494, 0.000494, -0.069234, 0.075037, 
3.330000, 0.999395, -0.034784, -0.000005, 0.000017, -0.000021, 0.177832, 0.038943, -0.087119, -0.000006, 0.000060, 0.000077, -1.010958, 9.763780, -0.006036, 0.006036, -0.069582, -0.087119, 
3.342000, 0.999399, -0.034665, -0.000005, 0.000017, -0.000021, 0.178044, 0.038943, 0.078242, 0.000001, 0.000009, 0.000085, -0.277174, 9.814076, -0.000549, 0.000549, -0.069345, 0.078242, 
3.354000, 0.999393, -0.034845, -0.000005, 0.000018, -0.000021, 0.178239, 0.038943, -0.090482, -0.000006, 0.000061, 0.000077, -1.026523, 9.762677, -0.006313, 0.006313, -0.069704, -0.090482, 
3.366000, 0.999397, -0.034721, -0.000005, 0.000018, -0.000021, 0.178463, 0.038943, 0.081577, 0.000001, 0.000008, 0.000085, -0.263005, 9.815095, -0.000600, 0.000600, -0.069456, 0.081577, 
3.378000, 0.999391, -0.034907, -0.000005, 0.000018, -0.000021, 0.178669, 0.038943, -0.093981, -0.000006, 0.000063, 0.000077, -1.042691, 9.761530, -0.006595, 0.006595, -0.069828, -0.093981, 
3.390000, 0.999395, -0.034777, -0.000005, 0.000018, -0.000021, 0.178904, 0.038943, 0.085049, 0.000001, 0.000007, 0.000085, -0.248238, 9.816158, -0.000649, 0.000649, -0.069568, 0.085049, 
3.402000, 0.999388, -0.034970, -0.000005, 0.000018, -0.000021, 0.179121, 0.038943, -0.097619, -0.000006, 0.000064, 0.000076, -1.059484, 9.760336, -0.006884, 0.006884, -0.069953, -0.097619, 
3.414000, 0.999393, -0.034833, -0.000005, 0.000019, -0.000021, 0.179369, 0.038943, 0.088663, 0.000001, 0.000006, 0.000086, -0.232846, 9.817268, -0.000695, 0.000695, -0.069680, 0.088663, 
3.426000, 0.999386, -0.035033, -0.000005, 0.000019, -0.000021, 0.179596, 0.038943, -0.101403, -0.000006, 0.000065, 0.000076, -1.076929, 9.759093, -0.007180, 0.007180, -0.070080, -0.101403, 
3.438000, 0.999391, -0.034890, -0.000005, 0.000019, -0.000021, 0.179856, 0.038943, 0.092424, 0.000001, 0.000005, 0.000086, -0.216806, 9.818427, -0.000737, 0.000737, -0.069794, 0.092424, 
3.450000, 0.999384, -0.035097, -0.000005, 0.000019, -0.000021, 0.180094, 0.038943, -0.105337, -0.000007, 0.000067, 0.000076, -1.095051, 9.757800, -0.007482, 0.007482, -0.070208, -0.105337, 
3.462000, 0.999389, -0.034947, -0.000005, 0.000019, -0.000021, 0.180365, 0.038943, 0.096338, 0.000002, 0.000004, 0.000086, -0.200091, 9.819637, -0.000775, 0.000775, -0.069908, 0.096338, 
3.474000, 0.999382, -0.035161, -0.000005, 0.000020, -0.000021, 0.180615, 0.038943, -0.109430, -0.000007, 0.000068, 0.000076, -1.113878, 9.756453, -0.007790, 0.007790, -0.070337, -0.109430, 
3.486000, 0.999387, -0.035005, -0.000005, 0.000020, -0.000021, 0.180899, 0.038943, 0.100412, 0.000002, 0.000003, 0.000086, -0.182674, 9.820900, -0.000809, 0.000809, -0.070023, 0.100412, 
3.498000, 0.999379, -0.035226, -0.000005, 0.000020, -0.000021, 0.181160, 0.038943, -0.113686, -0.000007, 0.000070, 0.000075, -1.133437, 9.755052, -0.008106, 0.008106, -0.070467, -0.113686, 
3.510000, 0.999385, -0.035062, -0.000005, 0.000020, -0.000021, 0.181455, 0.038943, 0.104653, 0.000002, 0.000002, 0.000086, -0.164525, 9.822218, -0.000840, 0.000840, -0.070139, 0.104653, 
3.522000, 0.999377, -0.035292, -0.000005, 0.000021, -0.000021, 0.181727, 0.038943, -0.118112, -0.000007, 0.000071, 0.000075, -1.153758, 9.753593, -0.008429, 0.008429, -0.070599, -0.118112, 
3.534000, 0.999383, -0.035121, -0.000005, 0.000021, -0.000021, 0.182035, 0.038943, 0.109066, 0.000002, 0.000001, 0.000086, -0.145616, 9.823595, -0.000866, 0.000866, -0.070256, 0.109066, 
3.546000, 0.999375, -0.035359, -0.000005, 0.000021, -0.000021, 0.182319, 0.038943, -0.122716, -0.000007, 0.000073, 0.000075, -1.174870, 9.752074, -0.008760, 0.008760, -0.070733, -0.122716, 
3.558000, 0.999381, -0.035179, -0.000005, 0.000021, -0.000021, 0.182639, 0.038943, 0.113658, 0.000002, -0.000001, 0.000087, -0.125916, 9.825032, -0.000888, 0.000888, -0.070374, 0.113658, 
3.570000, 0.999372, -0.035426, -0.000005, 0.000021, -0.000021, 0.182934, 0.038943, -0.127503, -0.000008, 0.000075, 0.000075, -1.196806, 9.750493, -0.009098, 0.009098, -0.070868, -0.127503, 
3.582000, 0.999379, -0.035239, -0.000005, 0.000022, -0.000021, 0.183267, 0.038943, 0.118438, 0.000002, -0.000002, 0.000087, -0.105392, 9.826532, -0.000905, 0.000905, -0.070492, 0.118438, 
3.594000, 0.999370, -0.035495, -0.000005, 0.000022, -0.000021, 0.183574, 0.038943, -0.132482, -0.000008, 0.000077, 0.000074, -1.219599, 9.748847, -0.009445, 0.009445, -0.071004, -0.132482, 
3.606000, 0.999377, -0.035298, -0.000005, 0.000022, -0.000021, 0.183920, 0.038943, 0.123412, 0.000003, -0.000003, 0.000087, -0.084012, 9.828098, -0.000917, 0.000917, -0.070611, 0.123412, 
3.618000, 0.999367, -0.035563, -0.000005, 0.000022, -0.000021, 0.184237, 0.038943, -0.137661, -0.000008, 0.000078, 0.000074, -1.243282, 9.747133, -0.009799, 0.009799, -0.071142, -0.137661, 
3.630000, 0.999375, -0.035358, -0.000005, 0.000022, -0.000021, 0.184597, 0.038943, 0.128588, 0.000003, -0.000005, 0.000087, -0.061740, 9.829732, -0.000924, 0.000924, -0.070731, 0.128588, 
3.642000, 0.999365, -0.035633, -0.000005, 0.000023, -0.000021, 0.184926, 0.038943, -0.143047, -0.000008, 0.000080, 0.000074, -1.267891, 9.745348, -0.010163, 0.010163, -0.071281, -0.143047, 
3.654000, 0.999373, -0.035418, -0.000005, 0.000023, -0.000021, 0.185298, 0.038943, 0.133975, 0.000003, -0.000006, 0.000087, -0.038540, 9.831438, -0.000925, 0.000925, -0.070852, 0.133975, 
3.666000, 0.999362, -0.035703, -0.000005, 0.000023, -0.000021, 0.185639, 0.038943, -0.148648, -0.000008, 0.000082, 0.000074, -1.293463, 9.743490, -0.010535, 0.010535, -0.071422, -0.148648, 
3.678000, 0.999370, -0.035479, -0.000005, 0.000023, -0.000021, 0.186025, 0.038943, 0.139581, 0.000003, -0.000008, 0.000088, -0.014375, 9.833218, -0.000921, 0.000921, -0.070973, 0.139581, 
3.690000, 0.999360, -0.035775, -0.000005, 0.000024, -0.000021, 0.186377, 0.038943, -0.154474, -0.000009, 0.000084, 0.000073, -1.320036, 9.741556, -0.010917, 0.010917, -0.071565, -0.154474, 
3.702000, 0.999368, -0.035540, -0.000005, 0.000024, -0.000021, 0.186776, 0.038943, 0.145415, 0.000003, -0.000009, 0.000088, 0.010793, 9.835077, -0.000910, 0.000910, -0.071095, 0.145415, 
3.714000, 0.999357, -0.035847, -0.000005, 0.000024, -0.000021, 0.187141, 0.038943, -0.160532, -0.000009, 0.000086, 0.000073, -1.347651, 9.739541, -0.011308, 0.011308, -0.071709, -0.160532, 
3.726000, 0.999366, -0.035602, -0.000005, 0.000024, -0.000021, 0.187553, 0.038943, 0.151485, 0.000004, -0.000011, 0.000088, 0.037006, 9.837016, -0.000894, 0.000894, -0.071218, 0.151485, 
3.738000, 0.999355, -0.035919, -0.000005, 0.000025, -0.000021, 0.187930, 0.038943, -0.166834, -0.000009, 0.000088, 0.000073, -1.376348, 9.737444, -0.011708, 0.011708, -0.071854, -0.166834, 
3.750000, 0.999364, -0.035664, -0.000005, 0.000025, -0.000021, 0.188356, 0.038943, 0.157802, 0.000004, -0.000013, 0.000088, 0.064306, 9.839040, -0.000870, 0.000870, -0.071342, 0.157802, 
3.762000, 0.999352, -0.035993, -0.000005, 0.000025, -0.000021, 0.188744, 0.038943, -0.173387, -0.000010, 0.000091, 0.000072, -1.406171, 9.735259, -0.012119, 0.012119, -0.072002, -0.173387, 
3.774000, 0.999362, -0.035726, -0.000005, 0.000025, -0.000021, 0.189184, 0.038943, 0.164375, 0.000004, -0.000015, 0.000089, 0.092737, 9.841153, -0.000840, 0.000840, -0.071467, 0.164375, 
3.786000, 0.999349, -0.036068, -0.000005, 0.000026, -0.000021, 0.189585, 0.038943, -0.180203, -0.000010, 0.000093, 0.000072, -1.437165, 9.732984, -0.012541, 0.012541, -0.072151, -0.180203, 
3.798000, 0.999359, -0.035788, -0.000005, 0.000026, -0.000021, 0.190039, 0.038943, 0.171214, 0.000004, -0.000017, 0.000089, 0.122343, 9.843357, -0.000803, 0.000803, -0.071592, 0.171214, 
3.810000, 0.999347, -0.036143, -0.000005, 0.000026, -0.000021, 0.190452, 0.038943, -0.187292, -0.000010, 0.000095, 0.000071, -1.469377, 9.730615, -0.012973, 0.012973, -0.072302, -0.187292, 
3.822000, 0.999357, -0.035851, -0.000005, 0.000026, -0.000021, 0.190920, 0.038943, 0.178331, 0.000005, -0.000019, 0.000089, 0.153173, 9.845658, -0.000758, 0.000758, -0.071718, 0.178331, 
3.834000, 0.999344, -0.036219, -0.000005, 0.000026, -0.000021, 0.191345, 0.038943, -0.194665, -0.000010, 0.000098, 0.000071, -1.502854, 9.728148, -0.013417, 0.013417, -0.072454, -0.194665, 
3.846000, 0.999355, -0.035915, -0.000005, 0.000027, -0.000021, 0.191827, 0.038943, 0.185737, 0.000005, -0.000021, 0.000090, 0.185276, 9.848059, -0.000705, 0.000705, -0.071845, 0.185737, 
3.858000, 0.999341, -0.036296, -0.000005, 0.000027, -0.000021, 0.192265, 0.038943, -0.202333, -0.000011, 0.000100, 0.000071, -1.537648, 9.725578, -0.013873, 0.013873, -0.072609, -0.202333, 
3.870000, 0.999353, -0.035978, -0.000005, 0.000027, -0.000021, 0.192761, 0.038943, 0.193442, 0.000005, -0.000023, 0.000090, 0.218704, 9.850565, -0.000643, 0.000643, -0.071972, 0.193442, 
3.882000, 0.999338, -0.036374, -0.000005, 0.000027, -0.000021, 0.193211, 0.038943, -0.210308, -0.000011, 0.000103, 0.000070, -1.573811, 9.722902, -0.014340, 0.014340, -0.072765, -0.210308, 
3.894000, 0.999350, -0.036043, -0.000005, 0.000027, -0.000021, 0.193722, 0.038943, 0.201459, 0.000006, -0.000026, 0.000090, 0.253509, 9.853179, -0.000573, 0.000573, -0.072101, 0.201459, 
3.906000, 0.999335, -0.036453, -0.000005, 0.000028, -0.000022, 0.194185, 0.038943, -0.218602, -0.000011, 0.000106, 0.000070, -1.611397, 9.720114, -0.014821, 0.014821, -0.072923, -0.218602, 
3.918000, 0.999348, -0.036107, -0.000005, 0.000028, -0.000022, 0.194711, 0.038943, 0.209801, 0.000006, -0.000028, 0.000091, 0.289746, 9.855908, -0.000494, 0.000494, -0.072230, 0.209801, 
3.930000, 0.999332, -0.036533, -0.000005, 0.000028, -0.000022, 0.195186, 0.038943, -0.227228, -0.000012, 0.000109, 0.000069, -1.650463, 9.717211, -0.015314, 0.015314, -0.073083, -0.227228, 
3.942000, 0.999346, -0.036172, -0.000005, 0.000028, -0.000022, 0.195727, 0.038943, 0.218480, 0.000006, -0.000031, 0.000091, 0.327474, 9.858755, -0.000405, 0.000405, -0.072359, 0.218480, 
3.954000, 0.999329, -0.036614, -0.000005, 0.000029, -0.000022, 0.196215, 0.038943, -0.236199, -0.000012, 0.000111, 0.000069, -1.691068, 9.714186, -0.015820, 0.015820, -0.073244, -0.236199, 
3.966000, 0.999343, -0.036237, -0.000005, 0.000029, -0.000022, 0.196771, 0.038943, 0.227511, 0.000007, -0.000033, 0.000092, 0.366753, 9.861726, -0.000307, 0.000307, -0.072489, 0.227511, 
3.978000, 0.999326, -0.036696, -0.000005, 0.000029, -0.000022, 0.197271, 0.038943, -0.245530, -0.000013, 0.000115, 0.000069, -1.733273, 9.711036, -0.016341, 0.016341, -0.073408, -0.245530, 
3.990000, 0.999341, -0.036302, -0.000005, 0.000029, -0.000022, 0.197842, 0.038943, 0.236906, 0.000007, -0.000036, 0.000092, 0.407645, 9.864826, -0.000198, 0.000198, -0.072620, 0.236906, 
4.002000, 0.999323, -0.036779, -0.000005, 0.000030, -0.000022, 0.198356, 0.038943, -0.255234, -0.000013, 0.000118, 0.000068, -1.777142, 9.707755, -0.016876, 0.016876, -0.073574, -0.255234, 
4.014000, 0.999338, -0.036368, -0.000005, 0.000030, -0.000022, 0.198942, 0.038943, 0.246682, 0.000007, -0.000039, 0.000092, 0.450214, 9.868061, -0.000078, 0.000078, -0.072752, 0.246682, 
4.026000, 0.999320, -0.036862, -0.000005, 0.000030, -0.000022, 0.199469, 0.038943, -0.265326, -0.000013, 0.000121, 0.000068, -1.822741, 9.704337, -0.017426, 0.017426, -0.073742, -0.265326, 
4.038000, 0.999336, -0.036434, -0.000005, 0.000030, -0.000022, 0.200071, 0.038943, 0.256852, 0.000008, -0.000042, 0.000093, 0.494528, 9.871437, 0.000054, -0.000054, -0.072884, 0.256852, 
4.050000, 0.999317, -0.036947, -0.000005, 0.000031, -0.000022, 0.200610, 0.038943, -0.275822, -0.000014, 0.000124, 0.000067, -1.870140, 9.700777, -0.017991, 0.017991, -0.073912, -0.275822, 
4.062000, 0.999334, -0.036500, -0.000005, 0.000031, -0.000022, 0.201228, 0.038943, 0.267433, 0.000008, -0.000045, 0.000093, 0.540656, 9.874959, 0.000197, -0.000197, -0.073017, 0.267433, 
4.074000, 0.999314, -0.037033, -0.000005, 0.000031, -0.000022, 0.201781, 0.038943, -0.286738, -0.000014, 0.000128, 0.000067, -1.919408, 9.697068, -0.018573, 0.018573, -0.074083, -0.286738, 
4.086000, 0.999331, -0.036567, -0.000005, 0.000031, -0.000022, 0.202415, 0.038943, 0.278441, 0.000009, -0.000049, 0.000094, 0.588673, 9.878635, 0.000353, -0.000353, -0.073151, 0.278441, 
4.098000, 0.999311, -0.037120, -0.000005, 0.000032, -0.000022, 0.202980, 0.038943, -0.298091, -0.000015, 0.000132, 0.000066, -1.970622, 9.693205, -0.019171, 0.019171, -0.074258, -0.298091, 
4.110000, 0.999329, -0.036634, -0.000005, 0.000032, -0.000022, 0.203631, 0.038943, 0.289893, 0.000009, -0.000052, 0.000094, 0.638653, 9.882470, 0.000522, -0.000522, -0.073285, 0.289893, 
4.122000, 0.999308, -0.037208, -0.000005, 0.000032, -0.000022, 0.204209, 0.038943, -0.309898, -0.000015, 0.000136, 0.000065, -2.023858, 9.689180, -0.019786, 0.019786, -0.074434, -0.309898, 
4.134000, 0.999326, -0.036701, -0.000005, 0.000032, -0.000022, 0.204876, 0.038943, 0.301808, 0.000010, -0.000056, 0.000095, 0.690675, 9.886472, 0.000705, -0.000705, -0.073419, 0.301808, 
4.146000, 0.999304, -0.037298, -0.000005, 0.000033, -0.000022, 0.205468, 0.038943, -0.322177, -0.000016, 0.000140, 0.000065, -2.079196, 9.684988, -0.020419, 0.020419, -0.074612, -0.322177, 
4.158000, 0.999324, -0.036769, -0.000005, 0.000033, -0.000022, 0.206151, 0.038943, 0.314203, 0.000010, -0.000059, 0.000096, 0.744820, 9.890647, 0.000902, -0.000902, -0.073555, 0.314203, 
4.170000, 0.999301, -0.037388, -0.000005, 0.000033, -0.000022, 0.206756, 0.038943, -0.334947, -0.000016, 0.000144, 0.000064, -2.136721, 9.680620, -0.021071, 0.021071, -0.074793, -0.334947, 
4.182000, 0.999321, -0.036837, -0.000005, 0.000033, -0.000022, 0.207456, 0.038943, 0.327097, 0.000011, -0.000063, 0.000096, 0.801175, 9.895004, 0.001113, -0.001113, -0.073690, 0.327097, 
4.194000, 0.999297, -0.037479, -0.000005, 0.000034, -0.000022, 0.208075, 0.038943, -0.348228, -0.000017, 0.000148, 0.000064, -2.196518, 9.676069, -0.021742, 0.021742, -0.074976, -0.348228, 
4.206000, 0.999319, -0.036905, -0.000005, 0.000034, -0.000022, 0.208792, 0.038943, 0.340511, 0.000011, -0.000067, 0.000097, 0.859827, 9.899550, 0.001340, -0.001340, -0.073827, 0.340511, 
4.218000, 0.999294, -0.037572, -0.000005, 0.000034, -0.000022, 0.209424, 0.038943, -0.362040, -0.000018, 0.000152, 0.000063, -2.258679, 9.671329, -0.022433, 0.022433, -0.075162, -0.362040, 
4.230000, 0.999316, -0.036973, -0.000005, 0.000034, -0.000023, 0.210158, 0.038943, 0.354465, 0.000012, -0.000072, 0.000097, 0.920868, 9.904294, 0.001583, -0.001583, -0.073963, 0.354465, 
4.242000, 0.999290, -0.037666, -0.000005, 0.000035, -0.000023, 0.210804, 0.038943, -0.376404, -0.000018, 0.000157, 0.000062, -2.323297, 9.666390, -0.023144, 0.023144, -0.075350, -0.376404, 
4.254000, 0.999314, -0.037042, -0.000005, 0.000035, -0.000023, 0.211555, 0.038943, 0.368981, 0.000012, -0.000076, 0.000098, 0.984393, 9.909243, 0.001844, -0.001844, -0.074100, 0.368981, 
4.266000, 0.999287, -0.037761, -0.000006, 0.000035, -0.000023, 0.212214, 0.038943, -0.391342, -0.000019, 0.000162, 0.000062, -2.390469, 9.661245, -0.023877, 0.023877, -0.075541, -0.391342, 
4.278000, 0.999311, -0.037110, -0.000005, 0.000035, -0.000023, 0.212984, 0.038943, 0.384082, 0.000013, -0.000081, 0.000099, 1.050502, 9.914408, 0.002121, -0.002121, -0.074238, 0.384082, 
4.290000, 0.999283, -0.037858, -0.000006, 0.000036, -0.000023, 0.213656, 0.038943, -0.406878, -0.000020, 0.000167, 0.000061, -2.460297, 9.655885, -0.024632, 0.024632, -0.075734, -0.406878, 
4.302000, 0.999309, -0.037179, -0.000005, 0.000036, -0.000023, 0.214444, 0.038943, 0.399789, 0.000014, -0.000086, 0.000100, 1.119298, 9.919796, 0.002417, -0.002417, -0.074376, 0.399789, 
4.314000, 0.999279, -0.037955, -0.000006, 0.000036, -0.000023, 0.215130, 0.038943, -0.423034, -0.000020, 0.000172, 0.000060, -2.532887, 9.650300, -0.025410, 0.025410, -0.075929, -0.423034, 
4.326000, 0.999306, -0.037249, -0.000006, 0.000036, -0.000023, 0.215935, 0.038943, 0.416129, 0.000014, -0.000090, 0.000100, 1.190888, 9.925419, 0.002733, -0.002733, -0.074514, 0.416129, 
4.338000, 0.999276, -0.038055, -0.000006, 0.000037, -0.000023, 0.216636, 0.038943, -0.439835, -0.000021, 0.000178, 0.000059, -2.608347, 9.644482, -0.026212, 0.026212, -0.076127, -0.439835, 
4.350000, 0.999303, -0.037318, -0.000006, 0.000037, -0.000023, 0.217459, 0.038943, 0.433125, 0.000015, -0.000096, 0.000101, 1.265384, 9.931285, 0.003068, -0.003068, -0.074653, 0.433125, 
4.362000, 0.999272, -0.038155, -0.000006, 0.000037, -0.000023, 0.218173, 0.038943, -0.457307, -0.000022, 0.000183, 0.000059, -2.686791, 9.638420, -0.027039, 0.027039, -0.076328, -0.457307, 
4.374000, 0.999301, -0.037387, -0.000006, 0.000037, -0.000023, 0.219015, 0.038943, 0.450805, 0.000016, -0.000101, 0.000102, 1.342901, 9.937407, 0.003424, -0.003424, -0.074792, 0.450805, 
4.386000, 0.999268, -0.038257, -0.000006, 0.000038, -0.000023, 0.219743, 0.038943, -0.475477, -0.000022, 0.000189, 0.000058, -2.768339, 9.632104, -0.027891, 0.027891, -0.076532, -0.475477, 
4.398000, 0.999298, -0.037457, -0.000006, 0.000038, -0.000023, 0.220604, 0.038943, 0.469194, 0.000016, -0.000107, 0.000103, 1.423560, 9.943794, 0.003802, -0.003802, -0.074931, 0.469194, 
4.410000, 0.999264, -0.038360, -0.000006, 0.000038, -0.000023, 0.221346, 0.038943, -0.494372, -0.000023, 0.000195, 0.000057, -2.853112, 9.625524, -0.028770, 0.028770, -0.076739, -0.494372, 
4.422000, 0.999296, -0.037527, -0.000006, 0.000038, -0.000023, 0.222226, 0.038943, 0.488322, 0.000017, -0.000113, 0.000104, 1.507486, 9.950458, 0.004203, -0.004203, -0.075071, 0.488322, 
4.434000, 0.999260, -0.038465, -0.000006, 0.000039, -0.000023, 0.222982, 0.038943, -0.514022, -0.000024, 0.000202, 0.000056, -2.941238, 9.618668, -0.029676, 0.029676, -0.076948, -0.514022, 
4.446000, 0.999293, -0.037596, -0.000006, 0.000039, -0.000024, 0.223881, 0.038943, 0.508217, 0.000018, -0.000119, 0.000105, 1.594809, 9.957412, 0.004627, -0.004627, -0.075210, 0.508217, 
4.458000, 0.999256, -0.038571, -0.000006, 0.000039, -0.000024, 0.224651, 0.038943, -0.534455, -0.000025, 0.000209, 0.000055, -3.032850, 9.611525, -0.030611, 0.030611, -0.077161, -0.534455, 
4.470000, 0.999290, -0.037666, -0.000006, 0.000039, -0.000024, 0.225569, 0.038943, 0.528911, 0.000019, -0.000125, 0.000106, 1.685664, 9.964668, 0.005076, -0.005076, -0.075350, 0.528911, 
4.482000, 0.999252, -0.038679, -0.000006, 0.000040, -0.000024, 0.226353, 0.038943, -0.555704, -0.000026, 0.000216, 0.000054, -3.128087, 9.604083, -0.031576, 0.031576, -0.077376, -0.555704, 
4.494000, 0.999288, -0.037736, -0.000006, 0.000040, -0.000024, 0.227292, 0.038943, 0.550435, 0.000020, -0.000132, 0.000107, 1.780191, 9.972239, 0.005550, -0.005550, -0.075490, 0.550435, 
4.506000, 0.999247, -0.038788, -0.000006, 0.000040, -0.000024, 0.228090, 0.038943, -0.577800, -0.000027, 0.000223, 0.000054, -3.227090, 9.596329, -0.032571, 0.032571, -0.077595, -0.577800, 
4.518000, 0.999285, -0.037806, -0.000006, 0.000040, -0.000024, 0.229048, 0.038943, 0.572821, 0.000021, -0.000138, 0.000108, 1.878537, 9.980139, 0.006052, -0.006052, -0.075630, 0.572821, 
4.530000, 0.999243, -0.038899, -0.000006, 0.000041, -0.000024, 0.229861, 0.038943, -0.600778, -0.000028, 0.000230, 0.000053, -3.330009, 9.588251, -0.033599, 0.033599, -0.077817, -0.600778, 
4.542000, 0.999282, -0.037876, -0.000006, 0.000041, -0.000024, 0.230839, 0.038943, 0.596104, 0.000022, -0.000146, 0.000109, 1.980852, 9.988382, 0.006581, -0.006581, -0.075770, 0.596104, 
4.554000, 0.999239, -0.039011, -0.000006, 0.000041, -0.000024, 0.231666, 0.038943, -0.624671, -0.000029, 0.000238, 0.000052, -3.436999, 9.579834, -0.034659, 0.034659, -0.078042, -0.624671, 
4.566000, 0.999280, -0.037946, -0.000006, 0.000041, -0.000024, 0.232665, 0.038943, 0.620320, 0.000023, -0.000153, 0.000111, 2.087295, 9.996984, 0.007139, -0.007139, -0.075910, 0.620320, 
4.578000, 0.999234, -0.039125, -0.000006, 0.000042, -0.000024, 0.233506, 0.038943, -0.649516, -0.000030, 0.000246, 0.000051, -3.548220, 9.571064, -0.035754, 0.035754, -0.078271, -0.649516, 
4.590000, 0.999277, -0.038016, -0.000006, 0.000042, -0.000024, 0.234526, 0.038943, 0.645505, 0.000024, -0.000161, 0.000112, 2.198029, 10.005959, 0.007728, -0.007728, -0.076050, 0.645505, 
4.602000, 0.999230, -0.039241, -0.000006, 0.000043, -0.000024, 0.235381, 0.038943, -0.675351, -0.000031, 0.000255, 0.000050, -3.663839, 9.561928, -0.036885, 0.036885, -0.078502, -0.675351, 
4.614000, 0.999274, -0.038086, -0.000006, 0.000042, -0.000025, 0.236423, 0.038943, 0.671698, 0.000025, -0.000169, 0.000113, 2.313224, 10.015325, 0.008349, -0.008349, -0.076190, 0.671698, 
4.626000, 0.999225, -0.039359, -0.000006, 0.000043, -0.000025, 0.237292, 0.038943, -0.702215, -0.000032, 0.000264, 0.000049, -3.784031, 9.552408, -0.038052, 0.038052, -0.078738, -0.702215, 
4.638000, 0.999272, -0.038156, -0.000006, 0.000043, -0.000025, 0.238355, 0.038943, 0.698939, 0.000026, -0.000177, 0.000115, 2.433057, 10.025097, 0.009002, -0.009002, -0.076330, 0.698939, 
4.650000, 0.999220, -0.039478, -0.000006, 0.000044, -0.000025, 0.239238, 0.038943, -0.730149, -0.000034, 0.000273, 0.000047, -3.908974, 9.542490, -0.039258, 0.039258, -0.078977, -0.730149, 
4.662000, 0.999269, -0.038225, -0.000006, 0.000043, -0.000025, 0.240323, 0.038943, 0.727268, 0.000027, -0.000186, 0.000116, 2.557711, 10.035295, 0.009689, -0.009689, -0.076469, 0.727268, 
4.674000, 0.999216, -0.039599, -0.000006, 0.000044, -0.000025, 0.241220, 0.038943, -0.759194, -0.000035, 0.000283, 0.000046, -4.038856, 9.532157, -0.040504, 0.040504, -0.079220, -0.759194, 
4.686000, 0.999266, -0.038295, -0.000006, 0.000044, -0.000025, 0.242327, 0.038943, 0.756730, 0.000028, -0.000194, 0.000118, 2.687378, 10.045936, 0.010413, -0.010413, -0.076608, 0.756730, 
4.698000, 0.999211, -0.039723, -0.000006, 0.000045, -0.000025, 0.243239, 0.038943, -0.789395, -0.000036, 0.000293, 0.000045, -4.173873, 9.521391, -0.041791, 0.041791, -0.079466, -0.789395, 
4.710000, 0.999264, -0.038364, -0.000006, 0.000045, -0.000025, 0.244369, 0.038943, 0.787369, 0.000030, -0.000204, 0.000120, 2.822254, 10.057040, 0.011173, -0.011173, -0.076747, 0.787369, 
4.722000, 0.999206, -0.039848, -0.000006, 0.000045, -0.000025, 0.245295, 0.038943, -0.820797, -0.000038, 0.000304, 0.000044, -4.314224, 9.510175, -0.043122, 0.043122, -0.079717, -0.820797, 
4.734000, 0.999261, -0.038433, -0.000006, 0.000045, -0.000025, 0.246447, 0.038943, 0.819230, 0.000031, -0.000213, 0.000121, 2.962547, 10.068628, 0.011972, -0.011972, -0.076886, 0.819230, 
4.746000, 0.999201, -0.039975, -0.000006, 0.000046, -0.000026, 0.247388, 0.038943, -0.853448, -0.000039, 0.000314, 0.000043, -4.460121, 9.498490, -0.044496, 0.044496, -0.079971, -0.853448, 
4.758000, 0.999259, -0.038502, -0.000006, 0.000046, -0.000026, 0.248563, 0.038943, 0.852363, 0.000032, -0.000223, 0.000123, 3.108469, 10.080720, 0.012812, -0.012812, -0.077023, 0.852363, 
4.770000, 0.999196, -0.040104, -0.000006, 0.000047, -0.000026, 0.249518, 0.038943, -0.887396, -0.000041, 0.000326, 0.000042, -4.611782, 9.486315, -0.045917, 0.045917, -0.080229, -0.887396, 
4.782000, 0.999256, -0.038571, -0.000006, 0.000046, -0.000026, 0.250716, 0.038943, 0.886818, 0.000034, -0.000234, 0.000125, 3.260244, 10.093339, 0.013693, -0.013693, -0.077161, 0.886818, 
4.794000, 0.999190, -0.040235, -0.000006, 0.000047, -0.000026, 0.251685, 0.038943, -0.922694, -0.000042, 0.000338, 0.000040, -4.769432, 9.473632, -0.047386, 0.047386, -0.080492, -0.922694, 
4.806000, 0.999253, -0.038639, -0.000006, 0.000047, -0.000026, 0.252908, 0.038943, 0.922646, 0.000035, -0.000245, 0.000127, 3.418100, 10.106507, 0.014618, -0.014618, -0.077297, 0.922646, 
4.818000, 0.999185, -0.040369, -0.000006, 0.000048, -0.000026, 0.253891, 0.038943, -0.959393, -0.000044, 0.000350, 0.000039, -4.933308, 9.460418, -0.048904, 0.048904, -0.080759, -0.959393, 
4.830000, 0.999251, -0.038707, -0.000006, 0.000047, -0.000026, 0.255138, 0.038943, 0.959902, 0.000037, -0.000256, 0.000129, 3.582279, 10.120250, 0.015589, -0.015589, -0.077433, 0.959902, 
4.842000, 0.999179, -0.040504, -0.000006, 0.000048, -0.000026, 0.256136, 0.038943, -0.997549, -0.000046, 0.000363, 0.000038, -5.103652, 9.446652, -0.062257, 0.062257, -0.081031, -0.997549, 
4.854000, 0.999324, -0.036772, -0.000006, 0.000047, -0.000026, 0.257553, 0.038943, 1.516743, 0.000056, -0.000407, 0.000145, 4.924257, 10.215028, 0.014118, -0.014118, -0.073560, 1.516743, 
4.866000, 0.999345, -0.036189, -0.000006, 0.000048, -0.000027, 0.258738, 0.038943, -0.688840, -0.000041, 0.000322, 0.000016, -5.612933, 9.441030, -0.065956, 0.065956, -0.072393, -0.688840, 
4.878000, 0.999530, -0.030655, -0.000005, 0.000047, -0.000027, 0.260297, 0.038943, 1.813908, 0.000053, -0.000434, 0.000160, 4.997625, 10.161856, 0.014296, -0.014296, -0.061319, 1.813908, 
4.890000, 0.999581, -0.028942, -0.000005, 0.000047, -0.000027, 0.261570, 0.038943, -0.558804, -0.000042, 0.000335, 0.000010, -5.875673, 9.489438, -0.068390, 0.068390, -0.057892, -0.558804, 
4.902000, 0.999748, -0.022451, -0.000005, 0.000046, -0.000027, 0.263199, 0.038943, 1.991290, 0.000047, -0.000443, 0.000179, 5.234566, 10.092276, 0.015618, -0.015618, -0.044905, 1.991290, 
4.914000, 0.999796, -0.020200, -0.000005, 0.000047, -0.000027, 0.264505, 0.038944, -0.516113, -0.000041, 0.000345, 0.000002, -6.048053, 9.567847, -0.070042, 0.070042, -0.040402, -0.516113, 
4.926000, 0.999913, -0.013162, -0.000005, 0.000046, -0.000027, 0.266161, 0.038944, 2.110154, 0.000043, -0.000463, 0.000199, 5.547004, 10.008124, 0.017670, -0.017670, -0.026325, 2.110154, 
4.938000, 0.999943, -0.010664, -0.000005, 0.000046, -0.000027, 0.267464, 0.038944, -0.516765, -0.000038, 0.000340, -0.000007, -6.177568, 9.665310, -0.071167, 0.071167, -0.021329, -0.516765, 
4.950000, 0.999995, -0.003287, -0.000004, 0.000045, -0.000028, 0.269116, 0.038945, 2.199536, 0.000038, -0.000495, 0.000220, 5.895343, 9.910134, 0.020205, -0.020205, -0.006573, 2.199536, 
4.962000, 1.000000, -0.000684, -0.000004, 0.000045, -0.000028, 0.270390, 0.038944, -0.538118, -0.000035, 0.000321, -0.000018, -6.281515, 9.776263, -0.060082, 0.060082, -0.001369, -0.538118, 
4.974000, 0.999988, 0.004925, -0.000004, 0.000044, -0.000028, 0.271867, 0.038945, 1.755386, 0.000023, -0.000405, 0.000220, 5.086711, 9.812693, 0.025578, -0.025578, 0.009849, 1.755386, 
4.986000, 0.999987, 0.005107, -0.000004, 0.000045, -0.000028, 0.272916, 0.038943, -0.917946, -0.000033, 0.000344, 0.000001, -6.040204, 9.852558, -0.058352, 0.058352, 0.010214, -0.917946, 
4.998000, 0.999958, 0.009170, -0.000004, 0.000044, -0.000028, 0.274227, 0.038944, 1.564849, 0.000024, -0.000443, 0.000233, 5.566852, 9.765859, 0.029665, -0.029665, 0.018340, 1.564849, 
5.010000, 0.999967, 0.008144, -0.000004, 0.000044, -0.000028, 0.275130, 0.038942, -1.126206, -0.000030, 0.000312, -0.000005, -6.046831, 9.891421, -0.057653, 0.057653, 0.016289, -1.126206, 
5.022000, 0.999934, 0.011485, -0.000004, 0.000043, -0.000028, 0.276328, 0.038944, 1.492658, 0.000026, -0.000499, 0.000236, 5.897309, 9.735922, 0.032973, -0.032973, 0.022971, 1.492658, 
5.034000, 0.999952, 0.009822, -0.000004, 0.000043, -0.000028, 0.277121, 0.038942, -1.251871, -0.000029, 0.000281, -0.000012, -6.149450, 9.914310, -0.057527, 0.057527, 0.019645, -1.251871, 
5.046000, 0.999918, 0.012844, -0.000004, 0.000041, -0.000028, 0.278231, 0.038944, 1.479300, 0.000026, -0.000548, 0.000239, 6.164129, 9.716190, 0.035901, -0.035901, 0.025689, 1.479300, 
5.058000, 0.999941, 0.010824, -0.000004, 0.000041, -0.000028, 0.278930, 0.038942, -1.337108, -0.000030, 0.000264, -0.000018, -6.299802, 9.930085, -0.057703, 0.057703, 0.021649, -1.337108, 
5.070000, 0.999906, 0.013728, -0.000004, 0.000040, -0.000029, 0.279964, 0.038944, 1.495813, 0.000025, -0.000585, 0.000243, 6.402553, 9.702033, 0.038663, -0.038663, 0.027457, 1.495813, 
5.082000, 0.999934, 0.011491, -0.000004, 0.000039, -0.000029, 0.280579, 0.038942, -1.402793, -0.000032, 0.000257, -0.000023, -6.476379, 9.942650, -0.058046, 0.058046, 0.022982, -1.402793, 
5.094000, 0.999897, 0.014378, -0.000004, 0.000037, -0.000029, 0.281541, 0.038944, 1.527833, 0.000025, -0.000613, 0.000248, 6.629605, 9.690661, 0.041368, -0.041368, 0.028757, 1.527833, 
5.106000, 0.999928, 0.011991, -0.000004, 0.000037, -0.000029, 0.282075, 0.038942, -1.459344, -0.000033, 0.000259, -0.000028, -6.668756, 9.953826, -0.058489, 0.058489, 0.023982, -1.459344, 
5.118000, 0.999889, 0.014913, -0.000004, 0.000035, -0.000029, 0.282969, 0.038944, 1.568215, 0.000025, -0.000636, 0.000254, 6.853798, 9.680524, 0.044071, -0.044071, 0.029827, 1.568215, 
5.130000, 0.999923, 0.012409, -0.000004, 0.000035, -0.000029, 0.283423, 0.038942, -1.511968, -0.000034, 0.000265, -0.000032, -6.871817, 9.964520, -0.058997, 0.058997, 0.024819, -1.511968, 
5.142000, 0.999882, 0.015393, -0.000004, 0.000033, -0.000029, 0.284251, 0.038945, 1.613407, 0.000025, -0.000656, 0.000259, 7.079436, 9.670796, 0.046798, -0.046798, 0.030788, 1.613407, 
5.154000, 0.999918, 0.012788, -0.000004, 0.000033, -0.000029, 0.284625, 0.038942, -1.563276, -0.000035, 0.000274, -0.000037, -7.083069, 9.975204, -0.059555, 0.059555, 0.025576, -1.563276, 
5.166000, 0.999874, 0.015849, -0.000004, 0.000031, -0.000029, 0.285386, 0.038945, 1.661649, 0.000025, -0.000674, 0.000264, 7.308712, 9.661046, 0.049565, -0.049565, 0.031699, 1.661649, 
5.178000, 0.999914, 0.013148, -0.000004, 0.000030, -0.000029, 0.285680, 0.038942, -1.614580, -0.000036, 0.000285, -0.000042, -7.301315, 9.986136, -0.060154, 0.060154, 0.026297, -1.614580, 
5.190000, 0.999867, 0.016294, -0.000004, 0.000028, -0.000029, 0.286374, 0.038945, 1.712072, 0.000026, -0.000692, 0.000269, 7.542769, 9.651048, 0.052378, -0.052378, 0.032589, 1.712072, 
5.202000, 0.999909, 0.013500, -0.000004, 0.000028, -0.000029, 0.286587, 0.038942, -1.666544, -0.000037, 0.000297, -0.000047, -7.526004, 9.997464, -0.060791, 0.060791, 0.027001, -1.666544, 
5.214000, 0.999860, 0.016736, -0.000004, 0.000026, -0.000029, 0.287214, 0.038945, 1.764254, 0.000026, -0.000710, 0.000275, 7.782217, 9.640677, 0.055243, -0.055243, 0.033474, 1.764254, 
5.226000, 0.999904, 0.013849, -0.000004, 0.000026, -0.000029, 0.287347, 0.038942, -1.719509, -0.000038, 0.000309, -0.000052, -7.756902, 10.009273, -0.061465, 0.061465, 0.027700, -1.719509, 
5.238000, 0.999852, 0.017180, -0.000004, 0.000023, -0.000029, 0.287906, 0.038945, 1.817992, 0.000027, -0.000727, 0.000280, 8.027403, 9.629862, 0.058161, -0.058161, 0.034361, 1.817992, 
5.250000, 0.999899, 0.014199, -0.000004, 0.000023, -0.000029, 0.287956, 0.038942, -1.773653, -0.000039, 0.000323, -0.000057, -7.993932, 10.021621, -0.062175, 0.062175, 0.028398, -1.773653, 
5.262000, 0.999845, 0.017626, -0.000004, 0.000021, -0.000029, 0.288448, 0.038945, 1.873194, 0.000027, -0.000745, 0.000286, 8.278535, 9.618557, 0.061134, -0.061134, 0.035254, 1.873194, 
5.274000, 0.999894, 0.014549, -0.000004, 0.000021, -0.000029, 0.288416, 0.038942, -1.829073, -0.000040, 0.000336, -0.000063, -8.237095, 10.034547, -0.062920, 0.062920, 0.029099, -1.829073, 
5.286000, 0.999837, 0.018077, -0.000004, 0.000018, -0.000029, 0.288839, 0.038945, 1.929821, 0.000028, -0.000764, 0.000292, 8.535755, 9.606728, 0.064162, -0.064162, 0.036155, 1.929821, 
5.298000, 0.999889, 0.014901, -0.000004, 0.000018, -0.000029, 0.288722, 0.038942, -1.885826, -0.000041, 0.000350, -0.000068, -8.486424, 10.048085, -0.063702, 0.063702, 0.029804, -1.885826, 
5.310000, 0.999828, 0.018532, -0.000004, 0.000016, -0.000029, 0.289076, 0.038945, 1.987862, 0.000028, -0.000783, 0.000298, 8.799166, 9.594349, 0.067248, -0.067248, 0.037065, 1.987862, 
5.322000, 0.999884, 0.015256, -0.000004, 0.000016, -0.000029, 0.288876, 0.038942, -1.943947, -0.000042, 0.000364, -0.000074, -8.741971, 10.062261, -0.064520, 0.064520, 0.030513, -1.943947, 
5.334000, 0.999820, 0.018991, -0.000004, 0.000013, -0.000029, 0.289160, 0.038945, 2.047319, 0.000029, -0.000802, 0.000304, 9.068851, 9.581397, 0.070391, -0.070391, 0.037985, 2.047319, 
5.346000, 0.999878, 0.015613, -0.000004, 0.000013, -0.000029, 0.288874, 0.038942, -2.003460, -0.000043, 0.000379, -0.000080, -9.003792, 10.077102, -0.065374, 0.065374, 0.031227, -2.003460, 
5.358000, 0.999811, 0.019456, -0.000004, 0.000011, -0.000029, 0.289088, 0.038946, 2.108198, 0.000029, -0.000821, 0.000311, 9.344880, 9.567848, 0.073593, -0.073593, 0.038914, 2.108198, 
5.370000, 0.999872, 0.015972, -0.000004, 0.000011, -0.000029, 0.288716, 0.038942, -2.064384, -0.000044, 0.000394, -0.000086, -9.271942, 10.092634, -0.066265, 0.066265, 0.031946, -2.064384, 
5.382000, 0.999801, 0.019926, -0.000004, 0.000008, -0.000029, 0.288859, 0.038946, 2.170509, 0.000030, -0.000841, 0.000317, 9.627315, 9.553682, 0.076853, -0.076853, 0.039854, 2.170509, 
5.394000, 0.999867, 0.016334, -0.000004, 0.000008, -0.000029, 0.288400, 0.038942, -2.126732, -0.000045, 0.000409, -0.000092, -9.546476, 10.108881, -0.067193, 0.067193, 0.032670, -2.126732, 
5.406000, 0.999792, 0.020400, -0.000004, 0.000005, -0.000029, 0.288472, 0.038946, 2.234261, 0.000030, -0.000862, 0.000324, 9.916208, 9.538878, 0.080173, -0.080173, 0.040803, 2.234261, 
5.418000, 0.999861, 0.016699, -0.000004, 0.000005, -0.000029, 0.287924, 0.038942, -2.190517, -0.000046, 0.000424, -0.000098, -9.827441, 10.125871, -0.068159, 0.068159, 0.033400, -2.190517, 
5.430000, 0.999782, 0.020880, -0.000004, 0.000003, -0.000029, 0.287925, 0.038946, 2.299464, 0.000031, -0.000882, 0.000331, 10.211605, 9.523413, 0.095902, -0.095902, 0.041764, 2.299464, 
5.442000, 0.999888, 0.014971, -0.000004, 0.000003, -0.000029, 0.287135, 0.038942, -2.797801, -0.000052, 0.000577, -0.000087, -11.348701, 10.160308, -0.066512, 0.066512, 0.029944, -2.797801, 
5.454000, 0.999861, 0.016700, -0.000004, 0.000001, -0.000029, 0.286882, 0.038945, 2.000596, 0.000030, -0.000869, 0.000386, 10.862759, 9.575515, 0.101515, -0.101515, 0.033402, 2.000596, 
5.466000, 0.999961, 0.008850, -0.000004, 0.000002, -0.000029, 0.285879, 0.038941, -3.136444, -0.000055, 0.000615, -0.000048, -11.537343, 10.045661, -0.066723, 0.066723, 0.017700, -3.136444, 
5.478000, 0.999955, 0.009452, -0.000004, -0.000001, -0.000029, 0.285476, 0.038946, 1.894386, 0.000041, -0.000916, 0.000401, 11.272472, 9.699384, 0.105985, -0.105985, 0.018904, 1.894386, 
5.490000, 1.000000, 0.000532, -0.000004, -0.000000, -0.000029, 0.284333, 0.038944, -3.355796, -0.000057, 0.000643, -0.000022, -11.918765, 9.872333, -0.068350, 0.068350, 0.001065, -3.355796, 
5.502000, 1.000000, 0.000645, -0.000004, -0.000003, -0.000029, 0.283839, 0.038949, 1.887440, 0.000061, -0.000959, 0.000391, 11.615251, 9.874320, 0.109900, -0.109900, 0.001290, 1.887440, 
5.514000, 0.999960, -0.008924, -0.000005, -0.000002, -0.000029, 0.282600, 0.038948, -3.521290, -0.000096, 0.000729, 0.000124, -12.411223, 9.657400, -0.070985, 0.070985, -0.017848, -3.521290, 
5.526000, 0.999960, -0.008981, -0.000005, -0.000004, -0.000029, 0.282054, 0.038953, 1.933754, 0.000076, -0.000964, 0.000461, 11.944393, 10.083476, 0.113537, -0.113537, -0.017961, 1.933754, 
5.538000, 0.999820, -0.018995, -0.000005, -0.000003, -0.000029, 0.280750, 0.038953, -3.663560, -0.000097, 0.000811, 0.000194, -12.973295, 9.408177, -0.074371, 0.074371, -0.037992, -3.663560, 
5.550000, 0.999818, -0.019059, -0.000005, -0.000005, -0.000029, 0.280179, 0.038957, 2.009229, 0.000109, -0.000971, 0.000469, 12.278007, 10.319462, 0.104640, -0.104640, -0.038121, 2.009229, 
5.562000, 0.999627, -0.027329, -0.000005, -0.000004, -0.000029, 0.278985, 0.038956, -3.255020, -0.000082, 0.000747, 0.000184, -12.349580, 9.232190, -0.081017, 0.081017, -0.054664, -3.255020, 
5.574000, 0.999694, -0.024742, -0.000005, -0.000007, -0.000029, 0.278596, 0.038958, 2.468551, 0.000135, -0.001032, 0.000440, 12.285692, 10.479927, 0.105818, -0.105818, -0.049489, 2.468551, 
5.586000, 0.999504, -0.031498, -0.000005, -0.000006, -0.000030, 0.277506, 0.038958, -3.117258, -0.000086, 0.000809, 0.000180, -13.118798, 9.082210, -0.086450, 0.086450, -0.063006, -3.117258, 
5.598000, 0.999621, -0.027531, -0.000005, -0.000009, -0.000030, 0.277214, 0.038960, 2.751013, 0.000122, -0.001061, 0.000527, 12.576888, 10.568896, 0.108191, -0.108191, -0.055068, 2.751013, 
5.610000, 0.999434, -0.033642, -0.000006, -0.000007, -0.000030, 0.276170, 0.038963, -3.106412, -0.000142, 0.000911, 0.000374, -13.747412, 8.979056, -0.091148, 0.091148, -0.067296, -3.106412, 
5.622000, 0.999583, -0.028892, -0.000006, -0.000009, -0.000030, 0.275939, 0.038966, 2.948612, 0.000121, -0.001043, 0.000672, 12.983665, 10.619901, 0.111224, -0.111224, -0.057792, 2.948612, 
5.634000, 0.999395, -0.034780, -0.000007, -0.000007, -0.000030, 0.274915, 0.038970, -3.158135, -0.000137, 0.000999, 0.000463, -14.317988, 8.893216, -0.095469, 0.095469, -0.069574, -3.158135, 
5.646000, 0.999564, -0.029542, -0.000007, -0.000010, -0.000030, 0.274724, 0.038974, 3.104432, 0.000147, -0.001041, 0.000728, 13.445667, 10.651017, 0.114603, -0.114603, -0.059094, 3.104432, 
5.658000, 0.999373, -0.035419, -0.000007, -0.000007, -0.000030, 0.273707, 0.038980, -3.241716, -0.000122, 0.001069, 0.000489, -14.862160, 8.821495, -0.099625, 0.099625, -0.070852, -3.241716, 
5.670000, 0.999555, -0.029838, -0.000007, -0.000010, -0.000030, 0.273549, 0.038985, 3.240151, 0.000171, -0.001054, 0.000747, 13.938236, 10.674989, 0.118177, -0.118177, -0.059686, 3.240151, 
5.682000, 0.999359, -0.035810, -0.000007, -0.000007, -0.000030, 0.272532, 0.038992, -3.341869, -0.000113, 0.001127, 0.000495, -15.396477, 8.758269, -0.103725, 0.103725, -0.071635, -3.341869, 
5.694000, 0.999551, -0.029958, -0.000007, -0.000009, -0.000030, 0.272401, 0.038998, 3.366520, 0.000156, -0.001117, 0.000848, 14.449351, 10.695221, 0.121869, -0.121869, -0.059925, 3.366520, 
5.706000, 0.999349, -0.036076, -0.000008, -0.000007, -0.000030, 0.271381, 0.039005, -3.450330, -0.000175, 0.001200, 0.000736, -15.928571, 8.690718, -0.107796, 0.107796, -0.072168, -3.450330, 
5.718000, 0.999550, -0.029990, -0.000008, -0.000009, -0.000030, 0.271276, 0.039012, 3.487774, 0.000163, -0.001134, 0.001053, 14.970607, 10.702447, 0.125604, -0.125604, -0.059989, 3.487774, 
5.730000, 0.999342, -0.036281, -0.000009, -0.000006, -0.000030, 0.270252, 0.039021, -3.562758, -0.000149, 0.001267, 0.000868, -16.457137, 8.619540, -0.111849, 0.111849, -0.072579, -3.562758, 
5.742000, 0.999551, -0.029979, -0.000009, -0.000008, -0.000030, 0.270171, 0.039028, 3.606498, 0.000215, -0.001160, 0.001129, 15.495838, 10.706848, 0.129358, -0.129358, -0.059968, 3.606498, 
5.754000, 0.999335, -0.036456, -0.000009, -0.000005, -0.000030, 0.269141, 0.039038, -3.677071, -0.000110, 0.001325, 0.000893, -16.984003, 8.549542, -0.115892, 0.115892, -0.072929, -3.677071, 
5.766000, 0.999551, -0.029948, -0.000009, -0.000007, -0.000030, 0.269084, 0.039045, 3.723837, 0.000260, -0.001193, 0.001136, 16.022411, 10.711775, 0.133118, -0.133118, -0.059905, 3.723837, 
5.778000, 0.999329, -0.036616, -0.000009, -0.000004, -0.000030, 0.268049, 0.039054, -3.791976, -0.000162, 0.001430, 0.001051, -17.509217, 8.478631, -0.119917, 0.119917, -0.073249, -3.791976, 
5.790000, 0.999553, -0.029907, -0.000009, -0.000006, -0.000030, 0.268015, 0.039062, 3.839937, 0.000220, -0.001242, 0.001383, 16.548181, 10.713201, 0.136861, -0.136861, -0.059822, 3.839937, 
5.802000, 0.999324, -0.036767, -0.000010, -0.000003, -0.000030, 0.266975, 0.039071, -3.906279, -0.000169, 0.001482, 0.001236, -18.030501, 8.400284, -0.123903, 0.123903, -0.073550, -3.906279, 
5.814000, 0.999554, -0.029862, -0.000010, -0.000005, -0.000030, 0.266964, 0.039079, 3.954200, 0.000252, -0.001284, 0.001515, 17.069758, 10.704665, 0.140554, -0.140554, -0.059733, 3.954200, 
5.826000, 0.999318, -0.036913, -0.000010, -0.000001, -0.000030, 0.265919, 0.039089, -4.019238, -0.000143, 0.001535, 0.001305, -18.544122, 8.318544, -0.127836, 0.127836, -0.073843, -4.019238, 
5.838000, 0.999555, -0.029817, -0.000010, -0.000004, -0.000030, 0.265931, 0.039097, 4.066549, 0.000292, -0.001325, 0.001559, 17.584181, 10.694865, 0.144187, -0.144187, -0.059643, 4.066549, 
5.850000, 0.999313, -0.037056, -0.000010, 0.000000, -0.000030, 0.264881, 0.039107, -4.130388, -0.000124, 0.001586, 0.001316, -19.049351, 8.238086, -0.131705, 0.131705, -0.074129, -4.130388, 
5.862000, 0.999557, -0.029774, -0.000009, -0.000002, -0.000030, 0.264916, 0.039114, 4.176771, 0.000316, -0.001366, 0.001575, 18.089671, 10.685855, 0.147750, -0.147750, -0.059556, 4.176771, 
5.874000, 0.999308, -0.037196, -0.000010, 0.000002, -0.000030, 0.263861, 0.039124, -4.239220, -0.000219, 0.001695, 0.001503, -19.544635, 8.155874, -0.135494, 0.135494, -0.074409, -4.239220, 
5.886000, 0.999558, -0.029732, -0.000010, -0.000001, -0.000030, 0.263918, 0.039131, 4.284379, 0.000238, -0.001424, 0.001901, 18.584315, 10.672471, 0.151225, -0.151225, -0.059473, 4.284379, 
5.898000, 0.999303, -0.037333, -0.000011, 0.000004, -0.000030, 0.262860, 0.039141, -4.345123, -0.000248, 0.001750, 0.001782, -20.027242, 8.067129, -0.139184, 0.139184, -0.074684, -4.345123, 
5.910000, 0.999559, -0.029693, -0.000011, 0.000001, -0.000030, 0.262939, 0.039148, 4.388590, 0.000263, -0.001472, 0.002122, 19.065609, 10.648497, 0.154586, -0.154586, -0.059396, 4.388590, 
5.922000, 0.999298, -0.037467, -0.000011, 0.000006, -0.000031, 0.261877, 0.039159, -4.447585, -0.000221, 0.001809, 0.001910, -20.493883, 7.975151, -0.142758, 0.142758, -0.074952, -4.447585, 
5.934000, 0.999560, -0.029659, -0.000011, 0.000003, -0.000031, 0.261978, 0.039166, 4.489101, 0.000310, -0.001514, 0.002211, 19.530959, 10.622888, 0.157820, -0.157820, -0.059326, 4.489101, 
5.946000, 0.999293, -0.037598, -0.000012, 0.000008, -0.000031, 0.260914, 0.039176, -4.546170, -0.000197, 0.001862, 0.001944, -20.943480, 7.885565, -0.146203, 0.146203, -0.075215, -4.546170, 
5.958000, 0.999561, -0.029629, -0.000011, 0.000005, -0.000031, 0.261035, 0.039183, 4.585592, 0.000341, -0.001555, 0.002247, 19.978345, 10.598357, 0.160918, -0.160918, -0.059266, 4.585592, 
5.970000, 0.999288, -0.037726, -0.000012, 0.000010, -0.000031, 0.259969, 0.039193, -4.640583, -0.000305, 0.001971, 0.000231, -21.374099, 7.803674, -0.149509, 0.149509, -0.075471, -4.640583, 
5.982000, 0.999562, -0.029602, -0.000011, 0.000007, -0.000031, 0.260111, 0.039199, 4.677840, 0.000308, -0.001557, 0.002494, 20.406518, 10.574331, 0.163871, -0.163871, -0.059213, 4.677840, 
5.994000, 0.999283, -0.037850, -0.000012, 0.000012, -0.000031, 0.259043, 0.039209, -4.730355, -0.000333, 0.002069, 0.000197, -21.778853, 7.766309, -0.152661, 0.152661, -0.075719, -4.730355, 
6.006000, 0.999562, -0.029580, -0.000012, 0.000010, -0.000031, 0.259206, 0.039215, 4.765239, 0.000253, -0.001639, 0.001437, 20.802913, 10.580187, 0.166662, -0.166662, -0.059169, 4.765239, 
6.018000, 0.999279, -0.037970, -0.000013, 0.000015, -0.000031, 0.258137, 0.039225, -4.815258, -0.000351, 0.002111, 0.000357, -22.160995, 7.725558, -0.155648, 0.155648, -0.075959, -4.815258, 
6.030000, 0.999563, -0.029563, -0.000013, 0.000012, -0.000031, 0.258319, 0.039231, 4.847432, 0.000284, -0.001700, 0.001589, 21.174395, 10.591558, 0.169276, -0.169276, -0.059135, 4.847432, 
6.042000, 0.999274, -0.038086, -0.000014, 0.000018, -0.000031, 0.257251, 0.039241, -4.894838, -0.000325, 0.002161, 0.000420, -22.519412, 7.685548, -0.158458, 0.158458, -0.076190, -4.894838, 
6.054000, 0.999563, -0.029552, -0.000013, 0.000015, -0.000031, 0.257452, 0.039247, 4.924178, 0.000328, -0.001748, 0.001645, 21.521855, 10.602159, 0.171705, -0.171705, -0.059112, 4.924178, 
6.066000, 0.999270, -0.038197, -0.000014, 0.000020, -0.000031, 0.256384, 0.039256, -4.968892, -0.000304, 0.002208, 0.000414, -22.853461, 7.648498, -0.161084, 0.161084, -0.076413, -4.968892, 
6.078000, 0.999563, -0.029546, -0.000013, 0.000018, -0.000031, 0.256604, 0.039261, 4.995393, 0.000354, -0.001788, 0.001660, 21.844570, 10.612702, 0.173946, -0.173946, -0.059100, 4.995393, 
6.090000, 0.999266, -0.038305, -0.000014, 0.000023, -0.000031, 0.255538, 0.039270, -5.037419, -0.000303, 0.002250, 0.000394, -23.162952, 7.614347, -0.163525, 0.163525, -0.076628, -5.037419, 
6.102000, 0.999563, -0.029545, -0.000014, 0.000020, -0.000031, 0.255775, 0.039275, 5.061131, 0.000363, -0.001825, 0.001678, 22.142661, 10.622771, 0.176002, -0.176002, -0.059099, 5.061131, 
6.114000, 0.999262, -0.038408, -0.000014, 0.000026, -0.000031, 0.254711, 0.039283, -5.100518, -0.000313, 0.002290, 0.000389, -23.448185, 7.582613, -0.165786, 0.165786, -0.076835, -5.100518, 
6.126000, 0.999563, -0.029549, -0.000014, 0.000023, -0.000031, 0.254966, 0.039287, 5.121508, 0.000365, -0.001860, 0.001711, 22.416626, 10.632044, 0.177876, -0.177876, -0.059107, 5.121508, 
6.138000, 0.999258, -0.038507, -0.000015, 0.000028, -0.000031, 0.253905, 0.039295, -5.158326, -0.000325, 0.002329, 0.000399, -23.709729, 7.553064, -0.167871, 0.167871, -0.077033, -5.158326, 
6.150000, 0.999563, -0.029558, -0.000014, 0.000025, -0.000031, 0.254176, 0.039298, 5.176677, 0.000368, -0.001893, 0.001753, 22.667133, 10.640490, 0.179574, -0.179574, -0.059125, 5.176677, 
6.162000, 0.999255, -0.038603, -0.000015, 0.000031, -0.000031, 0.253120, 0.039306, -5.211016, -0.000333, 0.002367, 0.000415, -23.948330, 7.525661, -0.169785, 0.169785, -0.077224, -5.211016, 
6.174000, 0.999563, -0.029572, -0.000014, 0.000028, -0.000031, 0.253407, 0.039309, 5.226827, 0.000374, -0.001923, 0.001794, 22.895007, 10.648211, 0.181102, -0.181102, -0.059153, 5.226827, 
6.186000, 0.999251, -0.038694, -0.000015, 0.000034, -0.000031, 0.252355, 0.039316, -5.258798, -0.000339, 0.002402, 0.000430, -24.164902, 7.500399, -0.171535, 0.171535, -0.077408, -5.258798, 
6.198000, 0.999562, -0.029590, -0.000014, 0.000031, -0.000031, 0.252658, 0.039318, 5.272186, 0.000381, -0.001952, 0.001831, 23.101239, 10.655309, 0.182468, -0.182468, -0.059189, 5.272186, 
6.210000, 0.999248, -0.038783, -0.000015, 0.000036, -0.000031, 0.251611, 0.039325, -5.301917, -0.000342, 0.002436, 0.000441, -24.360523, 7.477226, -0.173131, 0.173131, -0.077585, -5.301917, 
6.222000, 0.999561, -0.029613, -0.000015, 0.000033, -0.000031, 0.251929, 0.039327, 5.313017, 0.000389, -0.001978, 0.001863, 23.286976, 10.661860, 0.183681, -0.183681, -0.059234, 5.313017, 
6.234000, 0.999244, -0.038868, -0.000016, 0.000039, -0.000031, 0.250889, 0.039333, -5.340650, -0.000346, 0.002466, 0.000449, -24.536401, 7.456049, -0.174581, 0.174581, -0.077756, -5.340650, 
6.246000, 0.999561, -0.029639, -0.000015, 0.000036, -0.000031, 0.251221, 0.039335, 5.349604, 0.000396, -0.002001, 0.001891, 23.453484, 10.667920, 0.184751, -0.184751, -0.059286, 5.349604, 
6.258000, 0.999241, -0.038951, -0.000016, 0.000042, -0.000031, 0.250187, 0.039341, -5.375292, -0.000349, 0.002493, 0.000457, -24.693842, 7.436752, -0.175895, 0.175895, -0.077921, -5.375292, 
6.270000, 0.999560, -0.029669, -0.000015, 0.000039, -0.000031, 0.250534, 0.039342, 5.382251, 0.000402, -0.002022, 0.001916, 23.602101, 10.673541, 0.185687, -0.185687, -0.059346, 5.382251, 
6.282000, 0.999238, -0.039031, -0.000016, 0.000045, -0.000031, 0.249507, 0.039347, -5.406148, -0.000352, 0.002518, 0.000464, -24.834204, 7.419210, -0.177084, 0.177084, -0.078081, -5.406148, 
6.294000, 0.999559, -0.029702, -0.000015, 0.000042, -0.000031, 0.249868, 0.039348, 5.411265, 0.000407, -0.002042, 0.001940, 23.734205, 10.678775, 0.186500, -0.186500, -0.059413, 5.411265, 
6.306000, 0.999235, -0.039108, -0.000016, 0.000048, -0.000031, 0.248849, 0.039353, -5.433529, -0.000355, 0.002541, 0.000471, -24.958864, 7.403293, -0.178158, 0.178158, -0.078237, -5.433529, 
6.318000, 0.999558, -0.029739, -0.000015, 0.000045, -0.000031, 0.249223, 0.039354, 5.436956, 0.000412, -0.002059, 0.001961, 23.851180, 10.683669, 0.187200, -0.187200, -0.059486, 5.436956, 
6.330000, 0.999232, -0.039184, -0.000017, 0.000051, -0.000031, 0.248212, 0.039359, -5.457740, -0.000358, 0.002561, 0.000477, -25.069191, 7.388870, -0.179127, 0.179127, -0.078388, -5.457740, 
6.342000, 0.999557, -0.029778, -0.000015, 0.000047, -0.000031, 0.248600, 0.039359, 5.459625, 0.000417, -0.002075, 0.001980, 23.954386, 10.688267, 0.187798, -0.187798, -0.059565, 5.459625, 
6.354000, 0.999229, -0.039258, -0.000017, 0.000054, -0.000031, 0.247598, 0.039363, -5.479079, -0.000360, 0.002580, 0.000483, -25.166519, 7.375808, -0.180002, 0.180002, -0.078536, -5.479079, 
6.366000, 0.999555, -0.029820, -0.000016, 0.000050, -0.000031, 0.247999, 0.039363, 5.479565, 0.000421, -0.002088, 0.001997, 24.045140, 10.692607, 0.188303, -0.188303, -0.059650, 5.479565, 
6.378000, 0.999226, -0.039330, -0.000017, 0.000056, -0.000031, 0.247006, 0.039367, -5.497833, -0.000362, 0.002596, 0.000487, -25.252130, 7.363979, -0.180791, 0.180791, -0.078680, -5.497833, 
6.390000, 0.999554, -0.029865, -0.000016, 0.000053, -0.000032, 0.247420, 0.039367, 5.497054, 0.000425, -0.002100, 0.002011, 24.124696, 10.696723, 0.188724, -0.188724, -0.059739, 5.497054, 
6.402000, 0.999223, -0.039401, -0.000017, 0.000059, -0.000031, 0.246436, 0.039371, -5.514269, -0.000364, 0.002611, 0.000491, -25.327235, 7.353256, -0.181504, 0.181504, -0.078822, -5.514269, 
6.414000, 0.999553, -0.029912, -0.000016, 0.000056, -0.000032, 0.246863, 0.039370, 5.512352, 0.000429, -0.002111, 0.002024, 24.194236, 10.700647, 0.189071, -0.189071, -0.059833, 5.512352, 
6.426000, 0.999221, -0.039471, -0.000017, 0.000062, -0.000032, 0.245888, 0.039374, -5.528639, -0.000365, 0.002624, 0.000495, -25.392965, 7.343523, -0.182150, 0.182150, -0.078962, -5.528639, 
6.438000, 0.999551, -0.029961, -0.000016, 0.000059, -0.000032, 0.246328, 0.039373, 5.525700, 0.000432, -0.002120, 0.002036, 24.254856, 10.704405, 0.189351, -0.189351, -0.059930, 5.525700, 
6.450000, 0.999218, -0.039540, -0.000018, 0.000065, -0.000032, 0.245364, 0.039377, -5.541175, -0.000367, 0.002635, 0.000498, -25.450369, 7.334669, -0.182736, 0.182736, -0.079100, -5.541175, 
6.462000, 0.999550, -0.030011, -0.000016, 0.000062, -0.000032, 0.245816, 0.039376, 5.537322, 0.000435, -0.002128, 0.002046, 24.307566, 10.708021, 0.189572, -0.189572, -0.060032, 5.537322, 
6.474000, 0.999215, -0.039608, -0.000018, 0.000068, -0.000032, 0.244862, 0.039380, -5.552090, -0.000368, 0.002645, 0.000501, -25.500405, 7.326592, -0.183269, 0.183269, -0.079237, -5.552090, 
6.486000, 0.999548, -0.030064, -0.000016, 0.000065, -0.000032, 0.245327, 0.039378, 5.547419, 0.000438, -0.002135, 0.002054, 24.353289, 10.711517, 0.189740, -0.189740, -0.060137, 5.547419, 
6.498000, 0.999213, -0.039676, -0.000018, 0.000071, -0.000032, 0.244383, 0.039382, -5.561575, -0.000369, 0.002654, 0.000503, -25.543945, 7.319200, -0.183756, 0.183756, -0.079373, -5.561575, 
6.510000, 0.999546, -0.030118, -0.000017, 0.000068, -0.000032, 0.244861, 0.039380, 5.556174, 0.000441, -0.002141, 0.002062, 24.392856, 10.714910, 0.189862, -0.189862, -0.060245, 5.556174, 
6.522000, 0.999210, -0.039743, -0.000018, 0.000074, -0.000032, 0.243928, 0.039384, -5.569804, -0.000370, 0.002662, 0.000505, -25.581774, 7.312409, -0.184202, 0.184202, -0.079507, -5.569804, 
6.534000, 0.999545, -0.030173, -0.000017, 0.000071, -0.000032, 0.244419, 0.039382, 5.563751, 0.000443, -0.002146, 0.002069, 24.427020, 10.718219, 0.189943, -0.189943, -0.060356, 5.563751, 
6.546000, 0.999207, -0.039810, -0.000018, 0.000077, -0.000032, 0.243497, 0.039385, -5.576933, -0.000372, 0.002669, 0.000507, -25.614597, 7.306141, -0.184613, 0.184613, -0.079641, -5.576933, 
6.558000, 0.999543, -0.030230, -0.000017, 0.000074, -0.000032, 0.244000, 0.039383, 5.570298, 0.000445, -0.002150, 0.002074, 24.456450, 10.721456, 0.189988, -0.189988, -0.060470, 5.570298, 
6.570000, 0.999205, -0.039877, -0.000018, 0.000080, -0.000032, 0.243089, 0.039387, -5.583100, -0.000373, 0.002676, 0.000508, -25.643042, 7.300329, -0.184994, 0.184994, -0.079775, -5.583100, 
6.582000, 0.999541, -0.030288, -0.000017, 0.000077, -0.000032, 0.243605, 0.039385, 5.575944, 0.000447, -0.002154, 0.002079, 24.481742, 10.724635, 0.190001, -0.190001, -0.060586, 5.575944, 
6.594000, 0.999202, -0.039944, -0.000019, 0.000084, -0.000032, 0.242705, 0.039388, -5.588426, -0.000374, 0.002681, 0.000510, -25.667665, 7.294912, -0.185348, 0.185348, -0.079909, -5.588426, 
6.606000, 0.999539, -0.030348, -0.000017, 0.000080, -0.000032, 0.243233, 0.039386, 5.580805, 0.000448, -0.002157, 0.002083, 24.503425, 10.727766, 0.189986, -0.189986, -0.060705, 5.580805, 
6.618000, 0.999199, -0.040010, -0.000019, 0.000087, -0.000032, 0.242346, 0.039389, -5.593022, -0.000374, 0.002686, 0.000510, -25.688960, 7.289837, -0.185679, 0.185679, -0.080042, -5.593022, 
6.630000, 0.999538, -0.030408, -0.000017, 0.000083, -0.000032, 0.242886, 0.039387, 5.584983, 0.000450, -0.002159, 0.002087, 24.521963, 10.730860, 0.189947, -0.189947, -0.060826, 5.584983, 
6.642000, 0.999197, -0.040077, -0.000019, 0.000090, -0.000032, 0.242010, 0.039390, -5.596981, -0.000375, 0.002690, 0.000511, -25.707359, 7.285057, -0.185991, 0.185991, -0.080176, -5.596981, 
6.654000, 0.999536, -0.030469, -0.000017, 0.000086, -0.000032, 0.242564, 0.039388, 5.588566, 0.000451, -0.002161, 0.002090, 24.537766, 10.733924, 0.189887, -0.189887, -0.060948, 5.588566, 
6.666000, 0.999194, -0.040144, -0.000019, 0.000093, -0.000032, 0.241700, 0.039391, -5.600388, -0.000376, 0.002694, 0.000512, -25.723243, 7.280528, -0.186286, 0.186286, -0.080310, -5.600388, 
6.678000, 0.999534, -0.030532, -0.000017, 0.000090, -0.000032, 0.242266, 0.039388, 5.591633, 0.000452, -0.002163, 0.002093, 24.551193, 10.736966, 0.189807, -0.189807, -0.061073, 5.591633, 
6.690000, 0.999191, -0.040211, -0.000019, 0.000096, -0.000032, 0.241414, 0.039392, -5.603315, -0.000377, 0.002697, 0.000512, -25.736945, 7.276215, -0.186566, 0.186566, -0.080444, -5.603315, 
6.702000, 0.999532, -0.030595, -0.000018, 0.000093, -0.000032, 0.241993, 0.039389, 5.594253, 0.000454, -0.002164, 0.002095, 24.562558, 10.739993, 0.189711, -0.189711, -0.061200, 5.594253, 
6.714000, 0.999188, -0.040279, -0.000019, 0.000099, -0.000032, 0.241154, 0.039392, -5.605827, -0.000378, 0.002700, 0.000512, -25.748754, 7.272086, -0.186834, 0.186834, -0.080580, -5.605827, 
6.726000, 0.999530, -0.030659, -0.000018, 0.000096, -0.000032, 0.241746, 0.039389, 5.596485, 0.000455, -0.002165, 0.002097, 24.572133, 10.743009, 0.189601, -0.189601, -0.061328, 5.596485, 
6.738000, 0.999186, -0.040347, -0.000019, 0.000102, -0.000032, 0.240918, 0.039393, -5.607979, -0.000379, 0.002703, 0.000513, -25.758926, 7.268112, -0.187092, 0.187092, -0.080715, -5.607979, 
6.750000, 0.999528, -0.030724, -0.000018, 0.000099, -0.000032, 0.241523, 0.039390, 5.598381, 0.000456, -0.002165, 0.002098, 24.580156, 10.746021, 0.189477, -0.189477, -0.061459, 5.598381, 
6.762000, 0.999183, -0.040415, -0.000020, 0.000105, -0.000032, 0.240709, 0.039393, -5.609819, -0.000379, 0.002706, 0.000513, -25.767678, 7.264269, -0.187341, 0.187341, -0.080852, -5.609819, 
6.774000, 0.999526, -0.030790, -0.000018, 0.000102, -0.000032, 0.241327, 0.039390, 5.599986, 0.000457, -0.002166, 0.002100, 24.586835, 10.749031, 0.189342, -0.189342, -0.061591, 5.599986, 
6.786000, 0.999180, -0.040483, -0.000020, 0.000108, -0.000032, 0.240525, 0.039393, -5.611389, -0.000380, 0.002708, 0.000513, -25.775204, 7.260536, -0.187583, 0.187583, -0.080989, -5.611389, 
6.798000, 0.999524, -0.030857, -0.000018, 0.000105, -0.000032, 0.241156, 0.039391, 5.601338, 0.000457, -0.002166, 0.002101, 24.592350, 10.752045, 0.189197, -0.189197, -0.061724, 5.601338, 
6.810000, 0.999177, -0.040552, -0.000020, 0.000112, -0.000032, 0.240367, 0.039394, -5.612726, -0.000381, 0.002710, 0.000513, -25.781669, 7.256894, -0.187819, 0.187819, -0.081127, -5.612726, 
6.822000, 0.999522, -0.030925, -0.000018, 0.000108, -0.000032, 0.241011, 0.039391, 5.602473, 0.000458, -0.002166, 0.002102, 24.596855, 10.755065, 0.189043, -0.189043, -0.061859, 5.602473, 
6.834000, 0.999175, -0.040622, -0.000020, 0.000115, -0.000032, 0.240235, 0.039394, -5.613861, -0.000382, 0.002712, 0.000512, -25.787217, 7.253328, -0.188050, 0.188050, -0.081266, -5.613861, 
6.846000, 0.999520, -0.030993, -0.000018, 0.000112, -0.000032, 0.240893, 0.039391, 5.603419, 0.000459, -0.002166, 0.002103, 24.600485, 10.758095, 0.188880, -0.188880, -0.061996, 5.603419, 
6.858000, 0.999172, -0.040692, -0.000020, 0.000118, -0.000032, 0.240130, 0.039394, -5.614821, -0.000383, 0.002713, 0.000512, -25.791972, 7.249822, -0.188277, 0.188277, -0.081406, -5.614821, 
6.870000, 0.999517, -0.031062, -0.000018, 0.000115, -0.000032, 0.240801, 0.039391, 5.604201, 0.000460, -0.002166, 0.002103, 24.603358, 10.761136, 0.188711, -0.188711, -0.062134, 5.604201, 
6.882000, 0.999169, -0.040762, -0.000020, 0.000121, -0.000032, 0.240052, 0.039394, -5.615631, -0.000383, 0.002715, 0.000512, -25.796042, 7.246366, -0.188500, 0.188500, -0.081547, -5.615631, 
6.894000, 0.999515, -0.031132, -0.000018, 0.000118, -0.000033, 0.240736, 0.039391, 5.604843, 0.000460, -0.002166, 0.002104, 24.605574, 10.764191, 0.188535, -0.188535, -0.062273, 5.604843, 
6.906000, 0.999166, -0.040833, -0.000020, 0.000124, -0.000032, 0.240000, 0.039395, -5.616309, -0.000384, 0.002716, 0.000512, -25.799519, 7.242948, -0.188721, 0.188721, -0.081689, -5.616309, 
6.918000, 0.999513, -0.031202, -0.000019, 0.000121, -0.000033, 0.240699, 0.039392, 5.605361, 0.000461, -0.002165, 0.002104, 24.607220, 10.767262, 0.188353, -0.188353, -0.062414, 5.605361, 
6.930000, 0.999163, -0.040905, -0.000021, 0.000128, -0.000032, 0.239976, 0.039395, -5.616875, -0.000385, 0.002718, 0.000511, -25.802484, 7.239560, -0.188940, 0.188940, -0.081833, -5.616875, 
6.942000, 0.999511, -0.031273, -0.000019, 0.000124, -0.000033, 0.240688, 0.039392, 5.605774, 0.000462, -0.002165, 0.002104, 24.608370, 10.770350, 0.188166, -0.188166, -0.062557, 5.605774, 
6.954000, 0.999160, -0.040977, -0.000021, 0.000131, -0.000033, 0.239980, 0.039395, -5.617344, -0.000386, 0.002719, 0.000511, -25.805007, 7.236193, -0.189157, 0.189157, -0.081977, -5.617344, 
6.966000, 0.999509, -0.031345, -0.000019, 0.000128, -0.000033, 0.240705, 0.039392, 5.606094, 0.000462, -0.002164, 0.002105, 24.609091, 10.773458, 0.187973, -0.187973, -0.062701, 5.606094, 
6.978000, 0.999157, -0.041050, -0.000021, 0.000134, -0.000033, 0.240011, 0.039395, -5.617727, -0.000386, 0.002720, 0.000510, -25.807147, 7.232840, -0.189374, 0.189374, -0.082123, -5.617727, 
6.990000, 0.999506, -0.031418, -0.000019, 0.000131, -0.000033, 0.240750, 0.039392, 5.606335, 0.000463, -0.002164, 0.002105, 24.609437, 10.776586, 0.187777, -0.187777, -0.062846, 5.606335, 
7.002000, 0.999154, -0.041123, -0.000021, 0.000137, -0.000033, 0.240070, 0.039395, -5.618037, -0.000387, 0.002722, 0.000510, -25.808956, 7.229496, -0.189590, 0.189590, -0.082270, -5.618037, 
7.014000, 0.999504, -0.031491, -0.000019, 0.000134, -0.000033, 0.240824, 0.039392, 5.606506, 0.000464, -0.002163, 0.002105, 24.609457, 10.779736, 0.187576, -0.187576, -0.062993, 5.606506, 
7.026000, 0.999151, -0.041197, -0.000021, 0.000140, -0.000033, 0.240157, 0.039395, -5.618283, -0.000388, 0.002723, 0.000509, -25.810477, 7.226156, -0.189806, 0.189806, -0.082418, -5.618283, 
7.038000, 0.999502, -0.031566, -0.000019, 0.000137, -0.000033, 0.240925, 0.039392, 5.606617, 0.000464, -0.002162, 0.002105, 24.609192, 10.782909, 0.187371, -0.187371, -0.063142, 5.606617, 
7.050000, 0.999148, -0.041272, -0.000021, 0.000144, -0.000033, 0.240273, 0.039395, -5.618474, -0.000388, 0.002724, 0.000509, -25.811750, 7.222814, -0.190021, 0.190021, -0.082567, -5.618474, 
7.062000, 0.999499, -0.031640, -0.000019, 0.000141, -0.000033, 0.241055, 0.039392, 5.606676, 0.000465, -0.002162, 0.002105, 24.608678, 10.786106, 0.187162, -0.187162, -0.063291, 5.606676, 
7.074000, 0.999145, -0.041347, -0.000021, 0.000147, -0.000033, 0.240417, 0.039395, -5.618617, -0.000389, 0.002725, 0.000508, -25.812807, 7.219468, -0.190238, 0.190238, -0.082718, -5.618617, 
7.086000, 0.999497, -0.031716, -0.000019, 0.000144, -0.000033, 0.241214, 0.039392, 5.606688, 0.000465, -0.002161, 0.002105, 24.607945, 10.789327, 0.186950, -0.186950, -0.063443, 5.606688, 
7.098000, 0.999142, -0.041423, -0.000022, 0.000150, -0.000033, 0.240591, 0.039395, -5.618718, -0.000390, 0.002726, 0.000508, -25.813677, 7.216113, -0.190454, 0.190454, -0.082870, -5.618718, 
7.110000, 0.999494, -0.031792, -0.000019, 0.000147, -0.000034, 0.241402, 0.039392, 5.606660, 0.000466, -0.002160, 0.002104, 24.607020, 10.792574, 0.186735, -0.186735, -0.063595, 5.606660, 
7.122000, 0.999139, -0.041500, -0.000022, 0.000154, -0.000033, 0.240793, 0.039395, -5.618783, -0.000391, 0.002727, 0.000507, -25.814383, 7.212746, -0.190672, 0.190672, -0.083023, -5.618783, 
7.134000, 0.999492, -0.031869, -0.000020, 0.000150, -0.000034, 0.241620, 0.039392, 5.606597, 0.000466, -0.002159, 0.002104, 24.605926, 10.795847, 0.186517, -0.186517, -0.063749, 5.606597, 
7.146000, 0.999135, -0.041577, -0.000022, 0.000157, -0.000034, 0.241026, 0.039395, -5.618815, -0.000391, 0.002728, 0.000507, -25.814947, 7.209366, -0.190890, 0.190890, -0.083178, -5.618815, 
7.158000, 0.999490, -0.031947, -0.000020, 0.000154, -0.000034, 0.241867, 0.039392, 5.606503, 0.000467, -0.002158, 0.002104, 24.604682, 10.799147, 0.186295, -0.186295, -0.063905, 5.606503, 
7.170000, 0.999132, -0.041655, -0.000022, 0.000160, -0.000034, 0.241288, 0.039395, -5.618820, -0.000392, 0.002729, 0.000506, -25.815387, 7.205969, -0.191109, 0.191109, -0.083334, -5.618820, 
7.182000, 0.999487, -0.032026, -0.000020, 0.000157, -0.000034, 0.242144, 0.039392, 5.606382, 0.000468, -0.002158, 0.002104, 24.603304, 10.802474, 0.186071, -0.186071, -0.064062, 5.606382, 
7.194000, 0.999129, -0.041733, -0.000022, 0.000164, -0.000034, 0.241580, 0.039395, -5.618799, -0.000393, 0.002730, 0.000505, -25.815719, 7.202554, -0.191330, 0.191330, -0.083491, -5.618799, 
7.206000, 0.999484, -0.032105, -0.000020, 0.000160, -0.000034, 0.242452, 0.039392, 5.606237, 0.000468, -0.002157, 0.002103, 24.601808, 10.805829, 0.185844, -0.185844, -0.064221, 5.606237, 
7.218000, 0.999125, -0.041813, -0.000022, 0.000167, -0.000034, 0.241903, 0.039395, -5.618757, -0.000394, 0.002731, 0.000505, -25.815955, 7.199118, -0.191551, 0.191551, -0.083650, -5.618757, 
7.230000, 0.999482, -0.032185, -0.000020, 0.000164, -0.000034, 0.242790, 0.039392, 5.606070, 0.000469, -0.002156, 0.002103, 24.600205, 10.809213, 0.185614, -0.185614, -0.064381, 5.606070, 
7.242000, 0.999122, -0.041893, -0.000022, 0.000170, -0.000034, 0.242256, 0.039395, -5.618696, -0.000395, 0.002732, 0.000504, -25.816107, 7.195662, -0.191775, 0.191775, -0.083810, -5.618696, 
7.254000, 0.999479, -0.032265, -0.000020, 0.000167, -0.000035, 0.243158, 0.039392, 5.605883, 0.000469, -0.002155, 0.002103, 24.598505, 10.812626, 0.185381, -0.185381, -0.064542, 5.605883, 
7.266000, 0.999119, -0.041974, -0.000023, 0.000174, -0.000035, 0.242641, 0.039395, -5.618618, -0.000395, 0.002733, 0.000503, -25.816185, 7.192182, -0.191999, 0.191999, -0.083972, -5.618618, 
7.278000, 0.999477, -0.032347, -0.000020, 0.000171, -0.000035, 0.243558, 0.039392, 5.605680, 0.000470, -0.002154, 0.002102, 24.596718, 10.816068, 0.185146, -0.185146, -0.064705, 5.605680, 
7.290000, 0.999115, -0.042055, -0.000023, 0.000177, -0.000035, 0.243056, 0.039395, -5.618524, -0.000396, 0.002734, 0.000503, -25.816197, 7.188678, -0.192226, 0.192226, -0.084135, -5.618524, 
7.302000, 0.999474, -0.032429, -0.000020, 0.000174, -0.000035, 0.243989, 0.039392, 5.605461, 0.000470, -0.002153, 0.002102, 24.594852, 10.819541, 0.184908, -0.184908, -0.064870, 5.605461, 
7.314000, 0.999112, -0.042137, -0.000023, 0.000180, -0.000035, 0.243503, 0.039395, -5.618416, -0.000397, 0.002735, 0.000502, -25.816150, 7.185148, -0.192454, 0.192454, -0.084300, -5.618416, 
7.326000, 0.999471, -0.032512, -0.000020, 0.000177, -0.000035, 0.244452, 0.039392, 5.605227, 0.000471, -0.002152, 0.002102, 24.592912, 10.823043, 0.184667, -0.184667, -0.065036, 5.605227, 
7.338000, 0.999108, -0.042220, -0.000023, 0.000184, -0.000035, 0.243982, 0.039395, -5.618296, -0.000398, 0.002736, 0.000501, -25.816051, 7.181593, -0.192683, 0.192683, -0.084466, -5.618296, 
7.350000, 0.999469, -0.032596, -0.000021, 0.000181, -0.000036, 0.244947, 0.039392, 5.604981, 0.000471, -0.002152, 0.002101, 24.590905, 10.826577, 0.184424, -0.184424, -0.065203, 5.604981, 
7.362000, 0.999105, -0.042304, -0.000023, 0.000187, -0.000036, 0.244493, 0.039395, -5.618165, -0.000398, 0.002737, 0.000501, -25.815904, 7.178010, -0.192915, 0.192915, -0.084634, -5.618165, 
7.374000, 0.999466, -0.032680, -0.000021, 0.000184, -0.000036, 0.245474, 0.039392, 5.604723, 0.000472, -0.002151, 0.002101, 24.588835, 10.830141, 0.184178, -0.184178, -0.065372, 5.604723, 
7.386000, 0.999101, -0.042389, -0.000023, 0.000191, -0.000036, 0.245036, 0.039395, -5.618024, -0.000399, 0.002738, 0.000500, -25.815715, 7.174399, -0.193148, 0.193148, -0.084803, -5.618024, 
7.398000, 0.999463, -0.032766, -0.000021, 0.000188, -0.000036, 0.246033, 0.039391, 5.604454, 0.000472, -0.002150, 0.002100, 24.586706, 10.833737, 0.183930, -0.183930, -0.065543, 5.604454, 
7.410000, 0.999098, -0.042474, -0.000024, 0.000194, -0.000036, 0.245612, 0.039395, -5.617873, -0.000400, 0.002739, 0.000499, -25.815486, 7.170760, -0.205244, 0.205244, -0.084974, -5.617873, 
7.422000, 0.999523, -0.030878, -0.000021, 0.000190, -0.000037, 0.246768, 0.039402, 6.114134, 0.000464, -0.002352, 0.002087, 25.724835, 10.900816, 0.180714, -0.180714, -0.061765, 6.114134, 
7.434000, 0.999275, -0.038074, -0.000023, 0.000196, -0.000037, 0.246541, 0.039414, -5.248236, -0.000413, 0.002684, 0.000478, -26.085642, 7.224216, -0.206970, 0.206970, -0.076166, -5.248236, 
7.446000, 0.999693, -0.024768, -0.000020, 0.000192, -0.000037, 0.247828, 0.039421, 6.352066, 0.000447, -0.002388, 0.002227, 25.520151, 10.584875, 0.178855, -0.178855, -0.049541, 6.352066, 
7.458000, 0.999529, -0.030697, -0.000022, 0.000198, -0.000037, 0.247696, 0.039425, -5.050741, -0.000382, 0.002707, 0.000474, -26.104194, 7.517589, -0.207116, 0.207116, -0.061403, -5.050741, 
7.470000, 0.999863, -0.016548, -0.000019, 0.000194, -0.000038, 0.249041, 0.039426, 6.460785, 0.000438, -0.002354, 0.002327, 25.436858, 10.236164, 0.177897, -0.177897, -0.033097, 6.460785, 
7.482000, 0.999762, -0.021810, -0.000020, 0.000200, -0.000038, 0.248948, 0.039421, -4.938227, -0.000323, 0.002714, 0.000432, -26.011791, 7.922319, -0.206368, 0.206368, -0.043624, -4.938227, 
7.494000, 0.999974, -0.007237, -0.000017, 0.000197, -0.000038, 0.250306, 0.039423, 6.507594, 0.000424, -0.002298, 0.002362, 25.410960, 9.850090, 0.177578, -0.177578, -0.014474, 6.507594, 
7.506000, 0.999926, -0.012124, -0.000018, 0.000203, -0.000038, 0.250214, 0.039413, -4.867367, -0.000266, 0.002690, 0.000353, -25.860635, 8.363818, -0.205025, 0.205025, -0.024249, -4.867367, 
7.518000, 0.999996, 0.002654, -0.000016, 0.000199, -0.000039, 0.251553, 0.039421, 6.520893, 0.000293, -0.002322, 0.001707, 25.402328, 9.422087, 0.177601, -0.177601, 0.005309, 6.520893, 
7.530000, 0.999998, -0.001986, -0.000018, 0.000205, -0.000039, 0.251436, 0.039407, -4.811560, -0.000177, 0.002656, 0.000252, -25.655387, 8.811154, -0.191198, 0.191198, -0.003973, -4.811560, 
7.542000, 0.999941, 0.010900, -0.000014, 0.000202, -0.000039, 0.252588, 0.039405, 6.002243, 0.000463, -0.002052, 0.002431, 24.249744, 9.007852, 0.180710, -0.180710, 0.021800, 6.002243, 
7.554000, 0.999992, 0.003932, -0.000015, 0.000209, -0.000039, 0.252247, 0.039377, -5.128953, -0.000073, 0.002625, 0.000210, -25.144349, 9.215038, -0.187182, 0.187182, 0.007864, -5.128953, 
7.566000, 0.999885, 0.015141, -0.000013, 0.000206, -0.000039, 0.253217, 0.039382, 5.743412, 0.000344, -0.002015, 0.001617, 24.431411, 8.852114, 0.182644, -0.182644, 0.030283, 5.743412, 
7.578000, 0.999975, 0.007055, -0.000014, 0.000212, -0.000039, 0.252731, 0.039361, -5.276824, -0.000078, 0.002533, 0.000009, -24.867717, 9.371770, -0.184359, 0.184359, 0.014109, -5.276824, 
7.590000, 0.999848, 0.017422, -0.000012, 0.000209, -0.000039, 0.253572, 0.039376, 5.606867, 0.000327, -0.002049, 0.001528, 24.478026, 8.718365, 0.183855, -0.183855, 0.034847, 5.606867, 
7.602000, 0.999961, 0.008808, -0.000014, 0.000215, -0.000039, 0.252977, 0.039360, -5.338796, -0.000067, 0.002462, -0.000006, -24.683844, 9.426356, -0.182029, 0.182029, 0.017616, -5.338796, 
7.614000, 0.999824, 0.018737, -0.000012, 0.000211, -0.000039, 0.253715, 0.039378, 5.527384, 0.000325, -0.002086, 0.001509, 24.451475, 8.637303, 0.196711, -0.196711, 0.037476, 5.527384, 
7.626000, 0.999969, 0.007875, -0.000014, 0.000218, -0.000039, 0.252885, 0.039369, -5.876637, -0.000116, 0.002619, -0.000026, -25.714296, 9.464710, -0.176832, 0.176832, 0.015750, -5.876637, 
7.638000, 0.999887, 0.015003, -0.000013, 0.000215, -0.000039, 0.253349, 0.039398, 5.099366, 0.000313, -0.002068, 0.001559, 24.665456, 8.663325, 0.198791, -0.198791, 0.030008, 5.099366, 
7.650000, 0.999997, 0.002278, -0.000016, 0.000221, -0.000038, 0.252319, 0.039387, -6.122507, -0.000120, 0.002652, 0.000134, -25.379585, 9.180570, -0.173386, 0.173386, 0.004556, -6.122507, 
7.662000, 0.999968, 0.008013, -0.000015, 0.000218, -0.000038, 0.252620, 0.039404, 4.873838, 0.000355, -0.002123, 0.001541, 24.629428, 8.946203, 0.199595, -0.199595, 0.016026, 4.873838, 
7.674000, 0.999984, -0.005648, -0.000018, 0.000224, -0.000038, 0.251466, 0.039388, -6.240094, -0.000114, 0.002631, 0.000193, -25.236230, 8.869311, -0.171383, 0.171383, -0.011296, -6.240094, 
7.686000, 1.000000, -0.000610, -0.000017, 0.000220, -0.000038, 0.251668, 0.039394, 4.758269, 0.000399, -0.002164, 0.001425, 24.529983, 9.347789, 0.200006, -0.200006, -0.001220, 4.758269, 
7.698000, 0.999891, -0.014777, -0.000020, 0.000226, -0.000037, 0.250434, 0.039380, -6.306755, -0.000128, 0.002604, 0.000193, -25.228499, 8.516673, -0.170630, 0.170630, -0.029555, -6.306755, 
7.710000, 0.999949, -0.010084, -0.000017, 0.000223, -0.000037, 0.250578, 0.039382, 4.705571, 0.000530, -0.002114, 0.002021, 24.438687, 9.773887, 0.200367, -0.200367, -0.020169, 4.705571, 
7.722000, 0.999699, -0.024547, -0.000021, 0.000229, -0.000036, 0.249295, 0.039374, -6.354007, -0.000211, 0.002590, 0.000268, -25.312976, 8.109594, -0.170814, 0.170814, -0.049100, -6.354007, 
7.734000, 0.999799, -0.020033, -0.000018, 0.000226, -0.000036, 0.249408, 0.039376, 4.685731, 0.000468, -0.002097, 0.001924, 24.364229, 10.189578, 0.188506, -0.188506, -0.040068, 4.685731, 
7.746000, 0.999466, -0.032662, -0.000022, 0.000231, -0.000036, 0.248248, 0.039365, -5.869415, -0.000272, 0.002397, 0.000339, -24.277042, 7.742262, -0.174555, 0.174555, -0.065336, -5.869415, 
7.758000, 0.999670, -0.025687, -0.000019, 0.000227, -0.000036, 0.248534, 0.039356, 5.055592, 0.000439, -0.002157, 0.001872, 24.018672, 10.520203, 0.186909, -0.186909, -0.051380, 5.055592, 
7.770000, 0.999327, -0.036694, -0.000022, 0.000232, -0.000036, 0.247490, 0.039351, -5.652884, -0.000342, 0.002382, 0.000333, -24.652240, 7.575025, -0.177193, 0.177193, -0.073404, -5.652884, 
7.782000, 0.999594, -0.028498, -0.000020, 0.000228, -0.000036, 0.247868, 0.039348, 5.253107, 0.000408, -0.002144, 0.001905, 23.940220, 10.651892, 0.186532, -0.186532, -0.057004, 5.253107, 
7.794000, 0.999250, -0.038732, -0.000023, 0.000234, -0.000036, 0.246887, 0.039351, -5.561155, -0.000383, 0.002439, 0.000395, -24.895864, 7.448559, -0.179103, 0.179103, -0.077483, -5.561155, 
7.806000, 0.999552, -0.029917, -0.000021, 0.000230, -0.000036, 0.247318, 0.039352, 5.363388, 0.000406, -0.002128, 0.001979, 23.964213, 10.698822, 0.186661, -0.186661, -0.059842, 5.363388, 
7.818000, 0.999208, -0.039783, -0.000024, 0.000236, -0.000035, 0.246373, 0.039358, -5.526597, -0.000393, 0.002508, 0.000452, -25.066621, 7.368691, -0.180509, 0.180509, -0.079588, -5.526597, 
7.830000, 0.999530, -0.030649, -0.000021, 0.000232, -0.000036, 0.246839, 0.039359, 5.427225, 0.000424, -0.002117, 0.002032, 24.020581, 10.723041, 0.186929, -0.186929, -0.061308, 5.427225, 
7.842000, 0.999186, -0.040346, -0.000024, 0.000238, -0.000035, 0.245918, 0.039365, -5.517733, -0.000388, 0.002563, 0.000474, -25.190316, 7.325902, -0.181582, 0.181582, -0.080714, -5.517733, 
7.854000, 0.999518, -0.031043, -0.000022, 0.000235, -0.000036, 0.246408, 0.039365, 5.466334, 0.000442, -0.002109, 0.002051, 24.083015, 10.741415, 0.187210, -0.187210, -0.062095, 5.466334, 
7.866000, 0.999173, -0.040667, -0.000025, 0.000241, -0.000035, 0.245506, 0.039370, -5.520429, -0.000383, 0.002599, 0.000472, -25.284396, 7.302972, -0.182454, 0.182454, -0.081357, -5.520429, 
7.878000, 0.999511, -0.031269, -0.000022, 0.000238, -0.000035, 0.246016, 0.039369, 5.492384, 0.000452, -0.002105, 0.002052, 24.143927, 10.755135, 0.187470, -0.187470, -0.062548, 5.492384, 
7.890000, 0.999165, -0.040868, -0.000025, 0.000244, -0.000035, 0.245129, 0.039373, -5.528166, -0.000384, 0.002623, 0.000465, -25.360163, 7.287832, -0.183204, 0.183204, -0.081759, -5.528166, 
7.902000, 0.999506, -0.031414, -0.000022, 0.000241, -0.000035, 0.245657, 0.039371, 5.511303, 0.000455, -0.002104, 0.002053, 24.201075, 10.764353, 0.187695, -0.187695, -0.062837, 5.511303, 
7.914000, 0.999159, -0.041010, -0.000025, 0.000247, -0.000035, 0.244784, 0.039376, -5.537705, -0.000388, 0.002641, 0.000463, -25.423695, 7.275518, -0.183871, 0.183871, -0.082042, -5.537705, 
7.926000, 0.999503, -0.031519, -0.000022, 0.000244, -0.000035, 0.245328, 0.039374, 5.525960, 0.000456, -0.002107, 0.002059, 24.253208, 10.770617, 0.187878, -0.187878, -0.063048, 5.525960, 
7.938000, 0.999154, -0.041121, -0.000025, 0.000250, -0.000035, 0.244469, 0.039378, -5.547397, -0.000392, 0.002655, 0.000467, -25.477940, 7.264852, -0.184473, 0.184473, -0.082265, -5.547397, 
7.950000, 0.999500, -0.031605, -0.000022, 0.000247, -0.000035, 0.245029, 0.039376, 5.537781, 0.000458, -0.002111, 0.002068, 24.299616, 10.775532, 0.188015, -0.188015, -0.063220, 5.537781, 
7.962000, 0.999150, -0.041217, -0.000025, 0.000253, -0.000035, 0.244184, 0.039381, -5.556477, -0.000395, 0.002667, 0.000473, -25.524521, 7.255601, -0.185021, 0.185021, -0.082458, -5.556477, 
7.974000, 0.999498, -0.031683, -0.000022, 0.000250, -0.000035, 0.244760, 0.039378, 5.547555, 0.000460, -0.002116, 0.002077, 24.340234, 10.779964, 0.188106, -0.188106, -0.063376, 5.547555, 
7.986000, 0.999146, -0.041306, -0.000026, 0.000257, -0.000035, 0.243928, 0.039383, -5.564663, -0.000397, 0.002677, 0.000477, -25.564618, 7.247492, -0.185523, 0.185523, -0.082636, -5.564663, 
7.998000, 0.999496, -0.031757, -0.000023, 0.000254, -0.000035, 0.244519, 0.039380, 5.555769, 0.000463, -0.002121, 0.002084, 24.375457, 10.784192, 0.188156, -0.188156, -0.063526, 5.555769, 
8.008000, 0.999358, -0.035824, -0.000024, 0.000257, -0.000035, 0.244124, 0.039388, -4.249292, -0.000366, 0.002197, -0.000021, -29.040582, 7.354539, -0.131103, 0.131103, -0.071663, -4.249292, 
8.018000, 0.999421, -0.034017, -0.000023, 0.000258, -0.000035, 0.244176, 0.039355, 2.854669, 0.000378, -0.000950, 0.002209, 20.141508, 10.251458, 0.097487, -0.097487, -0.068047, 2.854669, 
8.028000, 0.999344, -0.036217, -0.000022, 0.000260, -0.000035, 0.243928, 0.039261, -2.222083, 0.000485, 0.001032, 0.001646, -15.423429, 8.604861, -0.068013, 0.068013, -0.072450, -2.222083, 
8.038000, 0.999379, -0.035240, -0.000018, 0.000260, -0.000035, 0.243925, 0.039154, 1.500495, 0.000770, -0.000310, 0.000430, 10.150592, 10.800598, 0.051818, -0.051818, -0.070495, 1.500495, 
8.048000, 0.999336, -0.036445, -0.000015, 0.000261, -0.000034, 0.243761, 0.039072, -1.182416, 0.000468, 0.000524, -0.000738, -8.494838, 9.544134, -0.035743, 0.035743, -0.072906, -1.182416, 
8.058000, 0.999354, -0.035945, -0.000013, 0.000262, -0.000034, 0.243730, 0.039018, 0.791949, 0.000330, -0.000174, -0.000591, 5.059286, 10.427967, 0.027761, -0.027761, -0.071905, 0.791949, 
8.068000, 0.999330, -0.036607, -0.000012, 0.000262, -0.000034, 0.243616, 0.038985, -0.632195, 0.000101, 0.000255, -0.000584, -4.825328, 9.641786, -0.018777, 0.018777, -0.073230, -0.632195, 
8.078000, 0.999339, -0.036359, -0.000012, 0.000262, -0.000034, 0.243576, 0.038965, 0.416923, 0.000045, -0.000104, -0.000244, 2.372813, 10.097944, 0.014918, -0.014918, -0.072735, 0.416923, 
8.088000, 0.999325, -0.036729, -0.000012, 0.000263, -0.000034, 0.243494, 0.038954, -0.339761, -0.000041, 0.000132, -0.000178, -2.879571, 9.684902, -0.009859, 0.009859, -0.073475, -0.339761, 
8.098000, 0.999329, -0.036615, -0.000012, 0.000263, -0.000034, 0.243454, 0.038948, 0.217974, -0.000042, -0.000053, -0.000003, 0.944976, 9.936227, 0.008006, -0.008006, -0.073247, 0.217974, 
8.108000, 0.999322, -0.036829, -0.000013, 0.000263, -0.000034, 0.243393, 0.038944, -0.184164, -0.000065, 0.000077, 0.000017, -1.847380, 9.721147, -0.005209, 0.005209, -0.073675, -0.184164, 
8.118000, 0.999323, -0.036785, -0.000013, 0.000263, -0.000034, 0.243358, 0.038943, 0.112388, -0.000049, -0.000018, 0.000093, 0.185051, 9.859079, 0.004244, -0.004244, -0.073587, 0.112388, 
8.128000, 0.999318, -0.036915, -0.000013, 0.000263, -0.000034, 0.243314, 0.038942, -0.101343, -0.000051, 0.000053, 0.000088, -1.299772, 9.746980, -0.002825, 0.002825, -0.073847, -0.101343, 
8.138000, 0.999319, -0.036908, -0.000013, 0.000263, -0.000034, 0.243285, 0.038942, 0.056340, -0.000035, 0.000003, 0.000115, -0.219720, 9.822248, 0.002156, -0.002156, -0.073832, 0.056340, 
8.148000, 0.999315, -0.036993, -0.000014, 0.000263, -0.000034, 0.243255, 0.038942, -0.057259, -0.000031, 0.000042, 0.000103, -1.009389, 9.763628, -0.001646, 0.001646, -0.074003, -0.057259, 
8.158000, 0.999315, -0.037005, -0.000014, 0.000263, -0.000034, 0.243235, 0.038942, 0.026581, -0.000020, 0.000015, 0.000110, -0.435528, 9.804445, 0.000958, -0.000958, -0.074027, 0.026581, 
8.168000, 0.999313, -0.037066, -0.000014, 0.000264, -0.000034, 0.243217, 0.038942, -0.033801, -0.000016, 0.000036, 0.000099, -0.855593, 9.773653, -0.001107, 0.001107, -0.074149, -0.033801, 
8.178000, 0.999312, -0.037088, -0.000014, 0.000264, -0.000034, 0.243207, 0.038942, 0.010771, -0.000010, 0.000022, 0.000100, -0.550786, 9.795656, 0.000233, -0.000233, -0.074194, 0.010771, 
8.188000, 0.999310, -0.037137, -0.000014, 0.000264, -0.000034, 0.243200, 0.038943, -0.021329, -0.000008, 0.000033, 0.000092, -0.774340, 9.779403, -0.000909, 0.000909, -0.074291, -0.021329, 
8.198000, 0.999309, -0.037165, -0.000014, 0.000264, -0.000034, 0.243200, 0.038943, 0.002362, -0.000004, 0.000026, 0.000091, -0.612546, 9.791200, -0.000242, 0.000242, -0.074346, 0.002362, 
8.208000, 0.999308, -0.037206, -0.000014, 0.000264, -0.000034, 0.243205, 0.038943, -0.014708, -0.000004, 0.000032, 0.000086, -0.731623, 9.782580, -0.000894, 0.000894, -0.074429, -0.014708, 
8.218000, 0.999306, -0.037237, -0.000014, 0.000264, -0.000034, 0.243215, 0.038943, -0.002122, -0.000002, 0.000028, 0.000086, -0.645849, 9.788874, -0.000584, 0.000584, -0.074491, -0.002122, 
8.228000, 0.999305, -0.037275, -0.000014, 0.000264, -0.000034, 0.243230, 0.038943, -0.011205, -0.000002, 0.000031, 0.000083, -0.709381, 9.784282, -0.000976, 0.000976, -0.074567, -0.011205, 
8.238000, 0.999304, -0.037307, -0.000014, 0.000265, -0.000034, 0.243251, 0.038943, -0.004524, -0.000002, 0.000029, 0.000083, -0.664016, 9.787623, -0.000856, 0.000856, -0.074632, -0.004524, 
8.248000, 0.999302, -0.037344, -0.000014, 0.000265, -0.000034, 0.243277, 0.038943, -0.009364, -0.000002, 0.000031, 0.000082, -0.698021, 9.785164, -0.001110, 0.001110, -0.074704, -0.009364, 
8.258000, 0.999301, -0.037377, -0.000014, 0.000265, -0.000034, 0.243309, 0.038943, -0.005823, -0.000002, 0.000030, 0.000082, -0.674137, 9.786927, -0.001092, 0.001092, -0.074771, -0.005823, 
8.268000, 0.999300, -0.037412, -0.000014, 0.000265, -0.000034, 0.243346, 0.038943, -0.008407, -0.000002, 0.000031, 0.000081, -0.692446, 9.785601, -0.001272, 0.001272, -0.074842, -0.008407, 
8.278000, 0.999299, -0.037446, -0.000014, 0.000265, -0.000034, 0.243389, 0.038943, -0.006537, -0.000002, 0.000031, 0.000081, -0.679982, 9.786523, -0.001308, 0.001308, -0.074910, -0.006537, 
8.288000, 0.999297, -0.037481, -0.000014, 0.000265, -0.000034, 0.243437, 0.038943, -0.007923, -0.000002, 0.000031, 0.000081, -0.689948, 9.785799, -0.001451, 0.001451, -0.074980, -0.007923, 
8.298000, 0.999296, -0.037516, -0.000014, 0.000265, -0.000034, 0.243490, 0.038943, -0.006942, -0.000002, 0.000031, 0.000081, -0.683557, 9.786273, -0.001516, 0.001516, -0.075049, -0.006942, 
8.308000, 0.999295, -0.037551, -0.000014, 0.000266, -0.000034, 0.243549, 0.038943, -0.007691, -0.000002, 0.000032, 0.000081, -0.689089, 9.785872, -0.001638, 0.001638, -0.075119, -0.007691, 
8.318000, 0.999293, -0.037586, -0.000014, 0.000266, -0.000034, 0.243614, 0.038943, -0.007182, -0.000002, 0.000032, 0.000081, -0.685927, 9.786107, -0.001719, 0.001719, -0.075189, -0.007182, 
8.328000, 0.999292, -0.037621, -0.000014, 0.000266, -0.000034, 0.243684, 0.038943, -0.007593, -0.000002, 0.000032, 0.000081, -0.689104, 9.785877, -0.001831, 0.001831, -0.075259, -0.007593, 
8.338000, 0.999291, -0.037656, -0.000014, 0.000266, -0.000034, 0.243759, 0.038943, -0.007335, -0.000002, 0.000032, 0.000081, -0.687660, 9.785986, -0.001921, 0.001921, -0.075329, -0.007335, 
8.348000, 0.999289, -0.037691, -0.000014, 0.000266, -0.000034, 0.243840, 0.038943, -0.007567, -0.000002, 0.000033, 0.000081, -0.689587, 9.785847, -0.002028, 0.002028, -0.075400, -0.007567, 
8.358000, 0.999288, -0.037726, -0.000014, 0.000266, -0.000034, 0.243927, 0.038943, -0.007443, -0.000002, 0.000033, 0.000081, -0.689059, 9.785889, -0.002123, 0.002123, -0.075471, -0.007443, 
8.368000, 0.999287, -0.037762, -0.000014, 0.000267, -0.000034, 0.244019, 0.038943, -0.007579, -0.000003, 0.000033, 0.000081, -0.690323, 9.785798, -0.002227, 0.002227, -0.075542, -0.007579, 
8.378000, 0.999285, -0.037797, -0.000014, 0.000267, -0.000034, 0.244117, 0.038943, -0.007527, -0.000003, 0.000033, 0.000081, -0.690282, 9.785803, -0.002325, 0.002325, -0.075613, -0.007527, 
8.388000, 0.999284, -0.037833, -0.000014, 0.000267, -0.000034, 0.244221, 0.038943, -0.007612, -0.000003, 0.000033, 0.000081, -0.691196, 9.785739, -0.002428, 0.002428, -0.075685, -0.007612, 
8.398000, 0.999283, -0.037869, -0.000014, 0.000267, -0.000034, 0.244330, 0.038943, -0.007598, -0.000003, 0.000034, 0.000081, -0.691417, 9.785725, -0.002529, 0.002529, -0.075756, -0.007598, 
8.408000, 0.999281, -0.037905, -0.000014, 0.000267, -0.000034, 0.244445, 0.038943, -0.007657, -0.000003, 0.000034, 0.000081, -0.692146, 9.785673, -0.002632, 0.002632, -0.075829, -0.007657, 
8.418000, 0.999280, -0.037941, -0.000014, 0.000267, -0.000035, 0.244566, 0.038943, -0.007662, -0.000003, 0.000034, 0.000081, -0.692507, 9.785649, -0.002733, 0.002733, -0.075901, -0.007662, 
8.428000, 0.999279, -0.037978, -0.000014, 0.000268, -0.000035, 0.244693, 0.038943, -0.007707, -0.000003, 0.000034, 0.000081, -0.693140, 9.785605, -0.002837, 0.002837, -0.075974, -0.007707, 
8.438000, 0.999277, -0.038014, -0.000014, 0.000268, -0.000035, 0.244825, 0.038943, -0.007724, -0.000003, 0.000035, 0.000081, -0.693578, 9.785575, -0.002939, 0.002939, -0.076046, -0.007724, 
8.448000, 0.999276, -0.038051, -0.000014, 0.000268, -0.000035, 0.244963, 0.038943, -0.007762, -0.000003, 0.000035, 0.000081, -0.694161, 9.785535, -0.003043, 0.003043, -0.076120, -0.007762, 
8.458000, 0.999274, -0.038087, -0.000014, 0.000268, -0.000035, 0.245107, 0.038943, -0.007784, -0.000003, 0.000035, 0.000081, -0.694642, 9.785502, -0.003147, 0.003147, -0.076193, -0.007784, 
8.468000, 0.999273, -0.038124, -0.000014, 0.000268, -0.000035, 0.245256, 0.038943, -0.007818, -0.000003, 0.000035, 0.000081, -0.695201, 9.785463, -0.003251, 0.003251, -0.076267, -0.007818, 
8.478000, 0.999272, -0.038161, -0.000014, 0.000268, -0.000035, 0.245412, 0.038943, -0.007844, -0.000003, 0.000035, 0.000081, -0.695706, 9.785428, -0.003356, 0.003356, -0.076341, -0.007844, 
8.488000, 0.999270, -0.038198, -0.000014, 0.000269, -0.000035, 0.245573, 0.038943, -0.007875, -0.000003, 0.000036, 0.000081, -0.696254, 9.785390, -0.003461, 0.003461, -0.076415, -0.007875, 
8.498000, 0.999269, -0.038235, -0.000014, 0.000269, -0.000035, 0.245741, 0.038943, -0.007903, -0.000003, 0.000036, 0.000081, -0.696774, 9.785354, -0.003567, 0.003567, -0.076490, -0.007903, 
8.508000, 0.999267, -0.038273, -0.000014, 0.000269, -0.000035, 0.245914, 0.038943, -0.007934, -0.000003, 0.000036, 0.000081, -0.697317, 9.785316, -0.003672, 0.003672, -0.076564, -0.007934, 
8.518000, 0.999266, -0.038310, -0.000014, 0.000269, -0.000035, 0.246093, 0.038943, -0.007962, -0.000003, 0.000036, 0.000081, -0.697847, 9.785279, -0.003779, 0.003779, -0.076639, -0.007962, 
8.528000, 0.999264, -0.038348, -0.000015, 0.000269, -0.000035, 0.246278, 0.038943, -0.007993, -0.000003, 0.000037, 0.000081, -0.698391, 9.785241, -0.003885, 0.003885, -0.076715, -0.007993, 
8.538000, 0.999263, -0.038386, -0.000015, 0.000270, -0.000036, 0.246469, 0.038943, -0.008022, -0.000003, 0.000037, 0.000081, -0.698928, 9.785204, -0.003992, 0.003992, -0.076791, -0.008022, 
8.548000, 0.999261, -0.038424, -0.000015, 0.000270, -0.000036, 0.246667, 0.038943, -0.008053, -0.000003, 0.000037, 0.000081, -0.699473, 9.785166, -0.004100, 0.004100, -0.076866, -0.008053, 
8.558000, 0.999260, -0.038462, -0.000015, 0.000270, -0.000036, 0.246870, 0.038943, -0.008082, -0.000003, 0.000037, 0.000081, -0.700016, 9.785128, -0.004208, 0.004208, -0.076943, -0.008082, 
8.568000, 0.999259, -0.038500, -0.000015, 0.000270, -0.000036, 0.247079, 0.038943, -0.008113, -0.000003, 0.000038, 0.000081, -0.700564, 9.785090, -0.004316, 0.004316, -0.077019, -0.008113, 
8.578000, 0.999257, -0.038538, -0.000015, 0.000270, -0.000036, 0.247294, 0.038943, -0.008143, -0.000003, 0.000038, 0.000081, -0.701111, 9.785052, -0.004425, 0.004425, -0.077096, -0.008143, 
8.588000, 0.999256, -0.038577, -0.000015, 0.000270, -0.000036, 0.247516, 0.038943, -0.008174, -0.000003, 0.000038, 0.000081, -0.701663, 9.785013, -0.004534, 0.004534, -0.077173, -0.008174, 
8.598000, 0.999254, -0.038616, -0.000015, 0.000271, -0.000036, 0.247743, 0.038943, -0.008204, -0.000003, 0.000038, 0.000081, -0.702215, 9.784975, -0.004643, 0.004643, -0.077250, -0.008204, 
8.608000, 0.999253, -0.038654, -0.000015, 0.000271, -0.000036, 0.247977, 0.038943, -0.008235, -0.000003, 0.000038, 0.000081, -0.702770, 9.784936, -0.004753, 0.004753, -0.077328, -0.008235, 
8.618000, 0.999251, -0.038693, -0.000015, 0.000271, -0.000036, 0.248217, 0.038943, -0.008266, -0.000003, 0.000039, 0.000081, -0.703327, 9.784897, -0.004864, 0.004864, -0.077406, -0.008266, 
8.628000, 0.999250, -0.038732, -0.000015, 0.000271, -0.000037, 0.248463, 0.038943, -0.008297, -0.000003, 0.000039, 0.000080, -0.703886, 9.784858, -0.004974, 0.004974, -0.077484, -0.008297, 
8.638000, 0.999248, -0.038772, -0.000015, 0.000271, -0.000037, 0.248715, 0.038943, -0.008328, -0.000003, 0.000039, 0.000080, -0.704447, 9.784819, -0.005085, 0.005085, -0.077563, -0.008328, 
8.648000, 0.999247, -0.038811, -0.000015, 0.000272, -0.000037, 0.248973, 0.038943, -0.008359, -0.000003, 0.000039, 0.000080, -0.705010, 9.784779, -0.005197, 0.005197, -0.077642, -0.008359, 
8.658000, 0.999245, -0.038851, -0.000015, 0.000272, -0.000037, 0.249238, 0.038943, -0.008390, -0.000003, 0.000040, 0.000080, -0.705575, 9.784739, -0.005309, 0.005309, -0.077721, -0.008390, 
8.668000, 0.999243, -0.038890, -0.000015, 0.000272, -0.000037, 0.249509, 0.038943, -0.008421, -0.000003, 0.000040, 0.000080, -0.706143, 9.784700, -0.005421, 0.005421, -0.077800, -0.008421, 
8.678000, 0.999242, -0.038930, -0.000015, 0.000272, -0.000037, 0.249786, 0.038943, -0.008453, -0.000003, 0.000040, 0.000080, -0.706712, 9.784660, -0.005534, 0.005534, -0.077880, -0.008453, 
8.688000, 0.999240, -0.038970, -0.000015, 0.000272, -0.000037, 0.250070, 0.038943, -0.008484, -0.000003, 0.000040, 0.000080, -0.707284, 9.784619, -0.005647, 0.005647, -0.077960, -0.008484, 
8.698000, 0.999239, -0.039010, -0.000015, 0.000273, -0.000038, 0.250360, 0.038943, -0.008516, -0.000003, 0.000041, 0.000080, -0.707858, 9.784579, -0.005761, 0.005761, -0.078040, -0.008516, 
8.708000, 0.999237, -0.039051, -0.000015, 0.000273, -0.000038, 0.250656, 0.038943, -0.008548, -0.000003, 0.000041, 0.000080, -0.708434, 9.784538, -0.005875, 0.005875, -0.078121, -0.008548, 
8.718000, 0.999236, -0.039091, -0.000015, 0.000273, -0.000038, 0.250959, 0.038943, -0.008580, -0.000003, 0.000041, 0.000080, -0.709012, 9.784498, -0.005990, 0.005990, -0.078202, -0.008580, 
8.728000, 0.999234, -0.039132, -0.000015, 0.000273, -0.000038, 0.251268, 0.038943, -0.008612, -0.000003, 0.000041, 0.000080, -0.709592, 9.784457, -0.006105, 0.006105, -0.078283, -0.008612, 
8.738000, 0.999232, -0.039172, -0.000015, 0.000273, -0.000038, 0.251584, 0.038943, -0.008644, -0.000003, 0.000042, 0.000080, -0.710174, 9.784416, -0.006220, 0.006220, -0.078365, -0.008644, 
8.748000, 0.999231, -0.039213, -0.000015, 0.000274, -0.000038, 0.251906, 0.038943, -0.008676, -0.000003, 0.000042, 0.000080, -0.710759, 9.784374, -0.006336, 0.006336, -0.078446, -0.008676, 
8.758000, 0.999229, -0.039254, -0.000015, 0.000274, -0.000039, 0.252235, 0.038943, -0.008709, -0.000003, 0.000042, 0.000080, -0.711346, 9.784333, -0.006452, 0.006452, -0.078529, -0.008709, 
8.768000, 0.999228, -0.039295, -0.000015, 0.000274, -0.000039, 0.252570, 0.038943, -0.008742, -0.000003, 0.000043, 0.000080, -0.711935, 9.784291, -0.006569, 0.006569, -0.078611, -0.008742, 
8.778000, 0.999226, -0.039337, -0.000015, 0.000274, -0.000039, 0.252912, 0.038943, -0.008774, -0.000003, 0.000043, 0.000080, -0.712526, 9.784249, -0.006686, 0.006686, -0.078694, -0.008774, 
8.788000, 0.999224, -0.039378, -0.000015, 0.000275, -0.000039, 0.253260, 0.038943, -0.008807, -0.000003, 0.000043, 0.000080, -0.713119, 9.784207, -0.006803, 0.006803, -0.078777, -0.008807, 
8.798000, 0.999223, -0.039420, -0.000015, 0.000275, -0.000039, 0.253615, 0.038943, -0.008840, -0.000003, 0.000043, 0.000080, -0.713715, 9.784165, -0.006921, 0.006921, -0.078860, -0.008840, 
8.808000, 0.999221, -0.039462, -0.000015, 0.000275, -0.000040, 0.253976, 0.038943, -0.008873, -0.000003, 0.000044, 0.000080, -0.714313, 9.784123, -0.007040, 0.007040, -0.078944, -0.008873, 
8.818000, 0.999219, -0.039504, -0.000015, 0.000275, -0.000040, 0.254345, 0.038943, -0.008906, -0.000003, 0.000044, 0.000080, -0.714913, 9.784080, -0.007158, 0.007158, -0.079028, -0.008906, 
8.828000, 0.999218, -0.039546, -0.000015, 0.000275, -0.000040, 0.254719, 0.038943, -0.008939, -0.000004, 0.000044, 0.000080, -0.715515, 9.784037, -0.007278, 0.007278, -0.079112, -0.008939, 
8.838000, 0.999216, -0.039588, -0.000015, 0.000276, -0.000040, 0.255101, 0.038943, -0.008973, -0.000004, 0.000044, 0.000080, -0.716120, 9.783994, -0.007398, 0.007398, -0.079197, -0.008973, 
8.848000, 0.999214, -0.039631, -0.000015, 0.000276, -0.000040, 0.255489, 0.038943, -0.009006, -0.000004, 0.000045, 0.000080, -0.716726, 9.783951, -0.007518, 0.007518, -0.079282, -0.009006, 
8.858000, 0.999213, -0.039673, -0.000015, 0.000276, -0.000041, 0.255884, 0.038943, -0.009040, -0.000004, 0.000045, 0.000080, -0.717335, 9.783908, -0.007638, 0.007638, -0.079367, -0.009040, 
8.868000, 0.999211, -0.039716, -0.000015, 0.000276, -0.000041, 0.256286, 0.038943, -0.009074, -0.000004, 0.000045, 0.000080, -0.717947, 9.783864, -0.007759, 0.007759, -0.079453, -0.009074, 
8.878000, 0.999209, -0.039759, -0.000015, 0.000276, -0.000041, 0.256694, 0.038943, -0.009108, -0.000004, 0.000046, 0.000080, -0.718560, 9.783821, -0.007881, 0.007881, -0.079539, -0.009108, 
8.888000, 0.999208, -0.039802, -0.000015, 0.000277, -0.000041, 0.257110, 0.038943, -0.009142, -0.000004, 0.000046, 0.000079, -0.719176, 9.783777, -0.008003, 0.008003, -0.079625, -0.009142, 
8.898000, 0.999206, -0.039845, -0.000015, 0.000277, -0.000042, 0.257532, 0.038943, -0.009176, -0.000004, 0.000046, 0.000079, -0.719794, 9.783732, -0.008126, 0.008126, -0.079711, -0.009176, 
8.908000, 0.999204, -0.039889, -0.000015, 0.000277, -0.000042, 0.257961, 0.038943, -0.009210, -0.000004, 0.000046, 0.000079, -0.720415, 9.783688, -0.008248, 0.008248, -0.079798, -0.009210, 
8.918000, 0.999202, -0.039932, -0.000015, 0.000277, -0.000042, 0.258397, 0.038943, -0.009245, -0.000004, 0.000047, 0.000079, -0.721038, 9.783644, -0.008372, 0.008372, -0.079885, -0.009245, 
8.928000, 0.999201, -0.039976, -0.000015, 0.000278, -0.000042, 0.258840, 0.038943, -0.009279, -0.000004, 0.000047, 0.000079, -0.721663, 9.783599, -0.008496, 0.008496, -0.079973, -0.009279, 
8.938000, 0.999199, -0.040020, -0.000015, 0.000278, -0.000043, 0.259290, 0.038943, -0.009314, -0.000004, 0.000047, 0.000079, -0.722290, 9.783554, -0.008620, 0.008620, -0.080061, -0.009314, 
8.948000, 0.999197, -0.040064, -0.000015, 0.000278, -0.000043, 0.259747, 0.038943, -0.009349, -0.000004, 0.000048, 0.000079, -0.722920, 9.783509, -0.008745, 0.008745, -0.080149, -0.009349, 
8.958000, 0.999195, -0.040108, -0.000015, 0.000278, -0.000043, 0.260210, 0.038943, -0.009384, -0.000004, 0.000048, 0.000079, -0.723552, 9.783463, -0.008870, 0.008870, -0.080237, -0.009384, 
8.968000, 0.999194, -0.040152, -0.000015, 0.000279, -0.000043, 0.260681, 0.038943, -0.009419, -0.000004, 0.000048, 0.000079, -0.724187, 9.783418, -0.008996, 0.008996, -0.080326, -0.009419, 
8.978000, 0.999192, -0.040197, -0.000015, 0.000279, -0.000044, 0.261159, 0.038943, -0.009454, -0.000004, 0.000049, 0.000079, -0.724824, 9.783372, -0.009122, 0.009122, -0.080415, -0.009454, 
8.988000, 0.999190, -0.040242, -0.000015, 0.000279, -0.000044, 0.261644, 0.038943, -0.009489, -0.000004, 0.000049, 0.000079, -0.725463, 9.783326, -0.009248, 0.009248, -0.080505, -0.009489, 
8.998000, 0.999188, -0.040286, -0.000015, 0.000279, -0.000044, 0.262136, 0.038943, -0.009525, -0.000004, 0.000049, 0.000079, -0.726105, 9.783280, -0.009376, 0.009376, -0.080595, -0.009525, 
9.008000, 0.999186, -0.040332, -0.000015, 0.000280, -0.000044, 0.262635, 0.038943, -0.009561, -0.000004, 0.000050, 0.000079, -0.726749, 9.783233, -0.009503, 0.009503, -0.080685, -0.009561, 
9.018000, 0.999184, -0.040377, -0.000015, 0.000280, -0.000045, 0.263142, 0.038943, -0.009596, -0.000004, 0.000050, 0.000079, -0.727395, 9.783187, -0.009631, 0.009631, -0.080775, -0.009596, 
9.028000, 0.999183, -0.040422, -0.000016, 0.000280, -0.000045, 0.263655, 0.038943, -0.009632, -0.000004, 0.000050, 0.000079, -0.728044, 9.783140, -0.009760, 0.009760, -0.080866, -0.009632, 
9.038000, 0.999181, -0.040468, -0.000016, 0.000280, -0.000045, 0.264176, 0.038943, -0.009668, -0.000004, 0.000051, 0.000079, -0.728696, 9.783093, -0.009889, 0.009889, -0.080957, -0.009668, 
9.048000, 0.999179, -0.040513, -0.000016, 0.000281, -0.000046, 0.264704, 0.038943, -0.009704, -0.000004, 0.000051, 0.000079, -0.729349, 9.783046, -0.010018, 0.010018, -0.081049, -0.009704, 
9.058000, 0.999177, -0.040559, -0.000016, 0.000281, -0.000046, 0.265240, 0.038943, -0.009741, -0.000004, 0.000051, 0.000079, -0.730006, 9.782998, -0.010148, 0.010148, -0.081141, -0.009741, 
9.068000, 0.999175, -0.040605, -0.000016, 0.000281, -0.000046, 0.265782, 0.038943, -0.009777, -0.000004, 0.000052, 0.000079, -0.730664, 9.782950, -0.010279, 0.010279, -0.081233, -0.009777, 
9.078000, 0.999173, -0.040652, -0.000016, 0.000281, -0.000046, 0.266332, 0.038943, -0.009814, -0.000004, 0.000052, 0.000078, -0.731325, 9.782902, -0.010410, 0.010410, -0.081326, -0.009814, 
9.088000, 0.999171, -0.040698, -0.000016, 0.000282, -0.000047, 0.266889, 0.038943, -0.009850, -0.000004, 0.000052, 0.000078, -0.731989, 9.782854, -0.010541, 0.010541, -0.081419, -0.009850, 
9.098000, 0.999170, -0.040745, -0.000016, 0.000282, -0.000047, 0.267454, 0.038943, -0.009887, -0.000004, 0.000053, 0.000078, -0.732655, 9.782806, -0.010673, 0.010673, -0.081512, -0.009887, 
9.108000, 0.999168, -0.040791, -0.000016, 0.000282, -0.000047, 0.268026, 0.038943, -0.009924, -0.000004, 0.000053, 0.000078, -0.733324, 9.782757, -0.010806, 0.010806, -0.081605, -0.009924, 
9.118000, 0.999166, -0.040838, -0.000016, 0.000282, -0.000048, 0.268605, 0.038943, -0.009961, -0.000004, 0.000053, 0.000078, -0.733995, 9.782709, -0.010939, 0.010939, -0.081699, -0.009961, 
9.128000, 0.999164, -0.040885, -0.000016, 0.000283, -0.000048, 0.269192, 0.038943, -0.009998, -0.000004, 0.000054, 0.000078, -0.734668, 9.782660, -0.011072, 0.011072, -0.081794, -0.009998, 
9.138000, 0.999162, -0.040933, -0.000016, 0.000283, -0.000048, 0.269787, 0.038943, -0.010036, -0.000004, 0.000054, 0.000078, -0.735344, 9.782610, -0.011206, 0.011206, -0.081888, -0.010036, 
9.148000, 0.999160, -0.040980, -0.000016, 0.000283, -0.000049, 0.270389, 0.038943, -0.010073, -0.000004, 0.000055, 0.000078, -0.736023, 9.782561, -0.011340, 0.011340, -0.081983, -0.010073, 
9.158000, 0.999158, -0.041028, -0.000016, 0.000283, -0.000049, 0.270998, 0.038943, -0.010111, -0.000005, 0.000055, 0.000078, -0.736704, 9.782511, -0.011475, 0.011475, -0.082079, -0.010111, 
9.168000, 0.999156, -0.041076, -0.000016, 0.000284, -0.000049, 0.271615, 0.038943, -0.010149, -0.000005, 0.000055, 0.000078, -0.737388, 9.782461, -0.011611, 0.011611, -0.082174, -0.010149, 
9.178000, 0.999154, -0.041124, -0.000016, 0.000284, -0.000050, 0.272240, 0.038943, -0.010187, -0.000005, 0.000056, 0.000078, -0.738074, 9.782411, -0.011747, 0.011747, -0.082270, -0.010187, 
9.188000, 0.999152, -0.041172, -0.000016, 0.000284, -0.000050, 0.272872, 0.038943, -0.010225, -0.000005, 0.000056, 0.000078, -0.738763, 9.782361, -0.011883, 0.011883, -0.082367, -0.010225, 
9.198000, 0.999150, -0.041220, -0.000016, 0.000285, -0.000051, 0.273512, 0.038943, -0.010263, -0.000005, 0.000056, 0.000078, -0.739454, 9.782310, -0.012020, 0.012020, -0.082464, -0.010263, 
9.208000, 0.999148, -0.041269, -0.000016, 0.000285, -0.000051, 0.274160, 0.038943, -0.010301, -0.000005, 0.000057, 0.000078, -0.740148, 9.782259, -0.012158, 0.012158, -0.082561, -0.010301, 
9.218000, 0.999146, -0.041317, -0.000016, 0.000285, -0.000051, 0.274815, 0.038943, -0.010340, -0.000005, 0.000057, 0.000078, -0.740844, 9.782208, -0.012296, 0.012296, -0.082658, -0.010340, 
9.228000, 0.999144, -0.041366, -0.000016, 0.000285, -0.000052, 0.275478, 0.038943, -0.010379, -0.000005, 0.000058, 0.000077, -0.741544, 9.782157, -0.022266, 0.022266, -0.082756, -0.010379, 
9.238000, 0.999193, -0.040176, -0.000016, 0.000285, -0.000052, 0.276240, 0.038943, 0.370842, 0.000009, -0.000049, 0.000085, 0.365382, 9.870664, -0.017281, 0.017281, -0.080375, 0.370842, 
9.248000, 0.999266, -0.038315, -0.000015, 0.000285, -0.000053, 0.277055, 0.038943, 0.372276, 0.000004, -0.000022, 0.000065, -0.712687, 9.785328, -0.022706, 0.022706, -0.076649, 0.372276, 
9.258000, 0.999360, -0.035782, -0.000014, 0.000285, -0.000053, 0.277924, 0.038943, 0.579107, 0.000008, -0.000061, 0.000078, -0.075728, 9.830836, -0.020063, 0.020063, -0.071578, 0.579107, 
9.268000, 0.999460, -0.032870, -0.000013, 0.000285, -0.000054, 0.278825, 0.038943, 0.584434, 0.000003, -0.000036, 0.000070, -0.615621, 9.791370, -0.022890, 0.022890, -0.065752, 0.584434, 
9.278000, 0.999562, -0.029580, -0.000013, 0.000285, -0.000054, 0.279754, 0.038943, 0.698573, 0.000004, -0.000052, 0.000080, -0.248228, 9.813366, -0.021389, 0.021389, -0.059169, 0.698573, 
9.288000, 0.999660, -0.026070, -0.000012, 0.000284, -0.000055, 0.280700, 0.038943, 0.705056, 0.000002, -0.000038, 0.000076, -0.508193, 9.796890, -0.022766, 0.022766, -0.052146, 0.705056, 
9.298000, 0.999750, -0.022343, -0.000010, 0.000284, -0.000055, 0.281660, 0.038943, 0.768941, 0.000002, -0.000048, 0.000082, -0.285456, 9.807463, -0.021814, 0.021814, -0.044689, 0.768941, 
9.308000, 0.999829, -0.018484, -0.000009, 0.000284, -0.000056, 0.282625, 0.038943, 0.775195, 0.000001, -0.000045, 0.000081, -0.396275, 9.801796, -0.022368, 0.022368, -0.036970, 0.775195, 
9.318000, 0.999895, -0.014497, -0.000008, 0.000284, -0.000056, 0.283593, 0.038944, 0.811682, 0.000001, -0.000056, 0.000085, -0.249893, 9.806995, -0.021660, 0.021660, -0.028995, 0.811682, 
9.328000, 0.999946, -0.010428, -0.000007, 0.000284, -0.000057, 0.284559, 0.038944, 0.817309, 0.000001, -0.000061, 0.000085, -0.280608, 9.805925, -0.021730, 0.021730, -0.020857, 0.817309, 
9.338000, 0.999980, -0.006281, -0.000006, 0.000283, -0.000057, 0.285520, 0.038944, 0.838831, 0.000001, -0.000074, 0.000088, -0.174269, 9.808529, -0.021105, 0.021105, -0.012562, 0.838831, 
9.348000, 0.999998, -0.002081, -0.000005, 0.000283, -0.000058, 0.286472, 0.038944, 0.843841, 0.000000, -0.000084, 0.000089, -0.161769, 9.809040, -0.011039, 0.011039, -0.004161, 0.843841, 
9.358000, 1.000000, 0.000932, -0.000004, 0.000283, -0.000058, 0.287321, 0.038944, 0.476203, -0.000007, 0.000001, 0.000075, -1.186155, 9.805261, -0.015528, 0.015528, 0.001864, 0.476203, 
9.368000, 0.999994, 0.003308, -0.000003, 0.000283, -0.000059, 0.288108, 0.038944, 0.478755, -0.000004, -0.000039, 0.000110, -0.071803, 9.811981, -0.009819, 0.009819, 0.006616, 0.478755, 
9.378000, 0.999987, 0.005049, -0.000003, 0.000283, -0.000059, 0.288832, 0.038943, 0.281356, -0.000005, -0.000020, 0.000093, -0.632970, 9.814171, -0.011913, 0.011913, 0.010097, 0.281356, 
9.388000, 0.999979, 0.006438, -0.000002, 0.000282, -0.000060, 0.289511, 0.038943, 0.279465, -0.000002, -0.000060, 0.000107, -0.047338, 9.812742, -0.008655, 0.008655, 0.012875, 0.279465, 
9.398000, 0.999972, 0.007477, -0.000002, 0.000282, -0.000060, 0.290145, 0.038943, 0.172397, -0.000002, -0.000063, 0.000095, -0.342699, 9.815057, -0.009538, 0.009538, 0.014953, 0.172397, 
9.408000, 0.999965, 0.008318, -0.000002, 0.000282, -0.000060, 0.290743, 0.038943, 0.169157, -0.000001, -0.000094, 0.000101, -0.030961, 9.812653, -0.007605, 0.007605, 0.016636, 0.169157, 
9.418000, 0.999960, 0.008965, -0.000002, 0.000281, -0.000061, 0.291307, 0.038943, 0.110939, -0.000001, -0.000102, 0.000094, -0.184245, 9.814198, -0.007863, 0.007863, 0.017929, 0.110939, 
9.428000, 0.999955, 0.009500, -0.000002, 0.000281, -0.000061, 0.291841, 0.038943, 0.107928, -0.000001, -0.000123, 0.000096, -0.017397, 9.812385, -0.006638, 0.006638, 0.019000, 0.107928, 
9.438000, 0.999951, 0.009927, -0.000001, 0.000280, -0.000061, 0.292345, 0.038943, 0.076260, -0.000001, -0.000132, 0.000092, -0.096130, 9.813314, -0.006570, 0.006570, 0.019855, 0.076260, 
9.448000, 0.999947, 0.010292, -0.000001, 0.000279, -0.000062, 0.292822, 0.038943, 0.073954, -0.000001, -0.000146, 0.000094, -0.006305, 9.812185, -0.005721, 0.005721, 0.020584, 0.073954, 
9.458000, 0.999944, 0.010597, -0.000001, 0.000279, -0.000062, 0.293271, 0.038943, 0.056736, -0.000002, -0.000152, 0.000091, -0.046151, 9.812730, -0.005484, 0.005484, 0.021194, 0.056736, 
9.468000, 0.999941, 0.010866, -0.000001, 0.000278, -0.000062, 0.293696, 0.038943, 0.055139, -0.000002, -0.000161, 0.000092, 0.002687, 9.812085, -0.004835, 0.004835, 0.021733, 0.055139, 
9.478000, 0.999938, 0.011103, -0.000001, 0.000277, -0.000062, 0.294095, 0.038943, 0.045795, -0.000003, -0.000166, 0.000091, -0.016929, 9.812405, -0.004508, 0.004508, 0.022206, 0.045795, 
9.488000, 0.999936, 0.011319, -0.000001, 0.000276, -0.000062, 0.294469, 0.038943, 0.044764, -0.000003, -0.000171, 0.000091, 0.010093, 9.812054, -0.003964, 0.003964, 0.022639, 0.044764, 
9.498000, 0.999934, 0.011518, -0.000001, 0.000275, -0.000063, 0.294818, 0.038943, 0.039713, -0.000003, -0.000175, 0.000090, 0.000986, 9.812242, -0.003590, 0.003590, 0.023037, 0.039713, 
9.508000, 0.999931, 0.011706, -0.000001, 0.000274, -0.000063, 0.295143, 0.038943, 0.039088, -0.000004, -0.000179, 0.000090, 0.016397, 9.812057, -0.003101, 0.003101, 0.023412, 0.039088, 
9.518000, 0.999929, 0.011883, -0.000001, 0.000273, -0.000063, 0.295444, 0.038943, 0.036380, -0.000004, -0.000181, 0.000090, 0.012742, 9.812168, -0.002701, 0.002701, 0.023767, 0.036380, 
9.528000, 0.999927, 0.012055, -0.000001, 0.000273, -0.000063, 0.295721, 0.038943, 0.036030, -0.000004, -0.000184, 0.000090, 0.021974, 9.812073, -0.002240, 0.002240, 0.024111, 0.036030, 
9.538000, 0.999925, 0.012222, -0.000001, 0.000272, -0.000063, 0.295973, 0.038943, 0.034602, -0.000004, -0.000185, 0.000089, 0.021148, 9.812141, -0.001825, 0.001825, 0.024444, 0.034602, 
9.548000, 0.999923, 0.012385, -0.000001, 0.000271, -0.000063, 0.296201, 0.038943, 0.034431, -0.000004, -0.000187, 0.000089, 0.027094, 9.812094, -0.001378, 0.001378, 0.024771, 0.034431, 
9.558000, 0.999921, 0.012546, -0.000001, 0.000270, -0.000064, 0.296405, 0.038943, 0.033704, -0.000005, -0.000189, 0.000088, 0.027736, 9.812135, -0.000953, 0.000953, 0.025093, 0.033704, 
9.568000, 0.999919, 0.012706, -0.000001, 0.000269, -0.000064, 0.296585, 0.038943, 0.033647, -0.000005, -0.000190, 0.000088, 0.031938, 9.812114, -0.000511, 0.000511, 0.025412, 0.033647, 
9.578000, 0.999917, 0.012864, -0.000001, 0.000268, -0.000064, 0.296740, 0.038943, 0.033304, -0.000005, -0.000191, 0.000088, 0.033345, 9.812140, -0.000081, 0.000081, 0.025728, 0.033304, 
9.588000, 0.999915, 0.013021, -0.000001, 0.000267, -0.000064, 0.296871, 0.038943, 0.033318, -0.000005, -0.000193, 0.000087, 0.036624, 9.812132, 0.000360, -0.000360, 0.026043, 0.033318, 
9.598000, 0.999913, 0.013178, -0.000001, 0.000266, -0.000064, 0.296977, 0.038943, 0.033185, -0.000005, -0.000194, 0.000087, 0.038432, 9.812150, 0.000795, -0.000795, 0.026357, 0.033185, 
9.608000, 0.999911, 0.013335, -0.000001, 0.000265, -0.000064, 0.297059, 0.038943, 0.033243, -0.000005, -0.000195, 0.000086, 0.041227, 9.812149, 0.001236, -0.001236, 0.026671, 0.033243, 
9.618000, 0.999909, 0.013492, -0.000001, 0.000264, -0.000064, 0.297116, 0.038943, 0.033225, -0.000005, -0.000196, 0.000086, 0.043248, 9.812161, 0.001675, -0.001675, 0.026985, 0.033225, 
9.628000, 0.999907, 0.013649, -0.000001, 0.000263, -0.000064, 0.297149, 0.038943, 0.033310, -0.000005, -0.000197, 0.000085, 0.045792, 9.812163, 0.002118, -0.002118, 0.027300, 0.033310, 
9.638000, 0.999905, 0.013807, -0.000001, 0.000262, -0.000064, 0.297157, 0.038943, 0.033357, -0.000005, -0.000198, 0.000085, 0.047931, 9.812172, 0.002561, -0.002561, 0.027615, 0.033357, 
9.648000, 0.999902, 0.013965, -0.000001, 0.000261, -0.000064, 0.297139, 0.038943, 0.033459, -0.000005, -0.000199, 0.000084, 0.050348, 9.812175, 0.003007, -0.003007, 0.027931, 0.033459, 
9.658000, 0.999900, 0.014123, -0.000000, 0.000260, -0.000064, 0.297097, 0.038943, 0.033541, -0.000005, -0.000200, 0.000084, 0.052556, 9.812182, 0.003453, -0.003453, 0.028247, 0.033541, 
9.668000, 0.999898, 0.014282, -0.000000, 0.000259, -0.000064, 0.297030, 0.038943, 0.033653, -0.000006, -0.000201, 0.000083, 0.054913, 9.812185, 0.003902, -0.003902, 0.028565, 0.033653, 
9.678000, 0.999896, 0.014441, -0.000000, 0.000258, -0.000064, 0.296938, 0.038943, 0.033755, -0.000006, -0.000202, 0.000083, 0.057164, 9.812191, 0.004352, -0.004352, 0.028883, 0.033755, 
9.688000, 0.999893, 0.014601, -0.000000, 0.000257, -0.000064, 0.296820, 0.038943, 0.033873, -0.000006, -0.000203, 0.000082, 0.059497, 9.812194, 0.004804, -0.004804, 0.029203, 0.033873, 
9.698000, 0.999891, 0.014761, -0.000000, 0.000256, -0.000064, 0.296677, 0.038943, 0.033987, -0.000006, -0.000204, 0.000082, 0.061778, 9.812198, 0.005257, -0.005257, 0.029523, 0.033987, 
9.708000, 0.999889, 0.014922, -0.000000, 0.000255, -0.000064, 0.296508, 0.038943, 0.034109, -0.000006, -0.000205, 0.000081, 0.064106, 9.812201, 0.005712, -0.005712, 0.029845, 0.034109, 
9.718000, 0.999886, 0.015083, -0.000000, 0.000254, -0.000063, 0.296314, 0.038943, 0.034230, -0.000006, -0.000206, 0.000081, 0.066411, 9.812204, 0.006169, -0.006169, 0.030168, 0.034230, 
9.728000, 0.999884, 0.015246, -0.000000, 0.000253, -0.000063, 0.296095, 0.038943, 0.034355, -0.000006, -0.000207, 0.000080, 0.068745, 9.812206, 0.006627, -0.006627, 0.030492, 0.034355, 
9.738000, 0.999881, 0.015408, -0.000000, 0.000252, -0.000063, 0.295850, 0.038943, 0.034479, -0.000006, -0.000208, 0.000080, 0.071071, 9.812207, 0.007087, -0.007087, 0.030817, 0.034479, 
9.748000, 0.999879, 0.015571, -0.000000, 0.000251, -0.000063, 0.295578, 0.038943, 0.034607, -0.000006, -0.000209, 0.000079, 0.073416, 9.812209, 0.007549, -0.007549, 0.031144, 0.034607, 
9.758000, 0.999876, 0.015735, -0.000000, 0.000250, -0.000063, 0.295281, 0.038943, 0.034734, -0.000006, -0.000210, 0.000078, 0.075761, 9.812209, 0.008013, -0.008013, 0.031472, 0.034734, 
9.768000, 0.999874, 0.015900, -0.000000, 0.000249, -0.000063, 0.294958, 0.038943, 0.034863, -0.000006, -0.000211, 0.000078, 0.078120, 9.812210, 0.008478, -0.008478, 0.031800, 0.034863, 
9.778000, 0.999871, 0.016065, -0.000000, 0.000248, -0.000063, 0.294609, 0.038943, 0.034992, -0.000007, -0.000213, 0.000077, 0.080483, 9.812209, 0.008945, -0.008945, 0.032130, 0.034992, 
9.788000, 0.999868, 0.016230, -0.000000, 0.000247, -0.000062, 0.294234, 0.038943, 0.035122, -0.000007, -0.000214, 0.000077, 0.082858, 9.812209, 0.009414, -0.009414, 0.032462, 0.035122, 
9.798000, 0.999866, 0.016396, -0.000000, 0.000246, -0.000062, 0.293832, 0.038943, 0.035252, -0.000007, -0.000215, 0.000076, 0.085240, 9.812207, 0.009884, -0.009884, 0.032794, 0.035252, 
9.808000, 0.999863, 0.016563, -0.000000, 0.000245, -0.000062, 0.293404, 0.038943, 0.035384, -0.000007, -0.000216, 0.000076, 0.087632, 9.812206, 0.010357, -0.010357, 0.033128, 0.035384, 
9.818000, 0.999860, 0.016731, -0.000000, 0.000243, -0.000062, 0.292949, 0.038943, 0.035516, -0.000007, -0.000217, 0.000075, 0.090031, 9.812203, 0.010831, -0.010831, 0.033463, 0.035516, 
9.828000, 0.999857, 0.016899, -0.000000, 0.000242, -0.000062, 0.292468, 0.038943, 0.035648, -0.000007, -0.000218, 0.000074, 0.092440, 9.812201, 0.011307, -0.011307, 0.033799, 0.035648, 
9.838000, 0.999854, 0.017068, -0.000000, 0.000241, -0.000061, 0.291960, 0.038943, 0.035781, -0.000007, -0.000219, 0.000074, 0.094858, 9.812197, 0.011784, -0.011784, 0.034137, 0.035781, 
9.848000, 0.999851, 0.017237, -0.000000, 0.000240, -0.000061, 0.291425, 0.038943, 0.035915, -0.000007, -0.000221, 0.000073, 0.097285, 9.812193, 0.012264, -0.012264, 0.034476, 0.035915, 
9.858000, 0.999848, 0.017407, 0.000000, 0.000239, -0.000061, 0.290864, 0.038943, 0.036049, -0.000007, -0.000222, 0.000072, 0.099720, 9.812189, 0.012745, -0.012745, 0.034816, 0.036049, 
9.868000, 0.999845, 0.017578, 0.000000, 0.000238, -0.000061, 0.290275, 0.038943, 0.036183, -0.000008, -0.000223, 0.000072, 0.102165, 9.812184, 0.013228, -0.013228, 0.035157, 0.036183, 
9.878000, 0.999842, 0.017749, 0.000000, 0.000237, -0.000060, 0.289659, 0.038943, 0.036319, -0.000008, -0.000224, 0.000071, 0.104619, 9.812178, 0.013713, -0.013713, 0.035500, 0.036319, 
9.888000, 0.999839, 0.017921, 0.000000, 0.000236, -0.000060, 0.289016, 0.038943, 0.036454, -0.000008, -0.000225, 0.000070, 0.107082, 9.812172, 0.014199, -0.014199, 0.035844, 0.036454, 
9.898000, 0.999836, 0.018093, 0.000000, 0.000235, -0.000060, 0.288346, 0.038943, 0.036590, -0.000008, -0.000227, 0.000070, 0.109555, 9.812166, 0.014688, -0.014688, 0.036189, 0.036590, 
9.908000, 0.999833, 0.018267, 0.000000, 0.000233, -0.000059, 0.287648, 0.038943, 0.036727, -0.000008, -0.000228, 0.000069, 0.112036, 9.812159, 0.025160, -0.025160, 0.036535, 0.036727, 
9.918000, 0.999852, 0.017185, -0.000000, 0.000233, -0.000059, 0.286832, 0.038942, -0.349375, -0.000012, -0.000130, 0.000057, -1.011340, 9.844782, 0.020484, -0.020484, 0.034371, -0.349375, 
9.928000, 0.999881, 0.015417, -0.000001, 0.000232, -0.000059, 0.285940, 0.038942, -0.352428, -0.000008, -0.000155, 0.000099, 0.081130, 9.815725, 0.026287, -0.026287, 0.030835, -0.352428, 
9.938000, 0.999916, 0.012969, -0.000001, 0.000231, -0.000058, 0.284974, 0.038942, -0.560644, -0.000008, -0.000119, 0.000081, -0.555931, 9.826997, 0.024014, -0.024014, 0.025940, -0.560644, 
9.948000, 0.999949, 0.010136, -0.000002, 0.000231, -0.000058, 0.283957, 0.038942, -0.567640, -0.000004, -0.000141, 0.000094, -0.014165, 9.814457, 0.027183, -0.027183, 0.020272, -0.567640, 
9.958000, 0.999976, 0.006920, -0.000003, 0.000230, -0.000057, 0.282889, 0.038942, -0.681972, -0.000003, -0.000125, 0.000080, -0.377142, 9.816000, 0.026062, -0.026062, 0.013841, -0.681972, 
9.968000, 0.999994, 0.003481, -0.000003, 0.000229, -0.000057, 0.281786, 0.038942, -0.689671, 0.000000, -0.000136, 0.000083, -0.118519, 9.811744, 0.027777, -0.027777, 0.006962, -0.689671, 
9.978000, 1.000000, -0.000178, -0.000004, 0.000229, -0.000056, 0.280648, 0.038943, -0.753433, 0.000001, -0.000125, 0.000074, -0.336774, 9.809580, 0.027202, -0.027202, -0.000355, -0.753433, 
9.988000, 0.999992, -0.003969, -0.000005, 0.000228, -0.000056, 0.279485, 0.038943, -0.760438, 0.000003, -0.000127, 0.000075, -0.227336, 9.808448, 0.028100, -0.028100, -0.007939, -0.760438, 
9.998000, 0.999969, -0.007890, -0.000006, 0.000227, -0.000055, 0.278297, 0.038943, -0.796774, 0.000004, -0.000115, 0.000071, -0.370289, 9.805029, 0.027762, -0.027762, -0.015781, -0.796774, 
10.008000, 0.999929, -0.011893, -0.000007, 0.000227, -0.000054, 0.277092, 0.038943, -0.802811, 0.000004, -0.000110, 0.000071, -0.340220, 9.804410, 0.028182, -0.028182, -0.023787, -0.802811, 
10.018000, 0.999872, -0.015975, -0.000008, 0.000226, -0.000054, 0.275872, 0.038944, -0.824223, 0.000005, -0.000096, 0.000070, -0.444133, 9.800538, 0.027923, -0.027923, -0.031951, -0.824223, 
10.028000, 0.999798, -0.020110, -0.000009, 0.000226, -0.000053, 0.274641, 0.038944, -0.829425, 0.000005, -0.000085, 0.000071, -0.456563, 9.799314, 0.018062, -0.018062, -0.040222, -0.829425, 
10.038000, 0.999735, -0.023037, -0.000009, 0.000225, -0.000053, 0.273493, 0.038944, -0.455555, 0.000015, -0.000176, 0.000073, 0.586886, 9.845482, 0.023006, -0.023006, -0.046077, -0.455555, 
10.048000, 0.999679, -0.025319, -0.000010, 0.000224, -0.000052, 0.272387, 0.038944, -0.458761, 0.000010, -0.000137, 0.000043, -0.545127, 9.793734, 0.017555, -0.017555, -0.050643, -0.458761, 
10.058000, 0.999637, -0.026953, -0.000010, 0.000223, -0.000052, 0.271326, 0.038944, -0.257470, 0.000012, -0.000161, 0.000056, 0.030050, 9.824913, 0.020077, -0.020077, -0.053913, -0.257470, 
10.068000, 0.999601, -0.028232, -0.000010, 0.000223, -0.000051, 0.270289, 0.038944, -0.256295, 0.000008, -0.000121, 0.000048, -0.566488, 9.793476, 0.017114, -0.017114, -0.056472, -0.256295, 
10.078000, 0.999575, -0.029154, -0.000011, 0.000222, -0.000051, 0.269277, 0.038943, -0.146712, 0.000008, -0.000121, 0.000060, -0.260525, 9.811439, 0.018409, -0.018409, -0.058317, -0.146712, 
10.088000, 0.999554, -0.029876, -0.000011, 0.000222, -0.000050, 0.268279, 0.038943, -0.144061, 0.000004, -0.000090, 0.000059, -0.578980, 9.793195, 0.016796, -0.016796, -0.059761, -0.144061, 
10.098000, 0.999538, -0.030400, -0.000011, 0.000221, -0.000050, 0.267296, 0.038943, -0.084213, 0.000004, -0.000083, 0.000067, -0.417738, 9.802955, 0.017454, -0.017454, -0.060809, -0.084213, 
10.108000, 0.999525, -0.030810, -0.000011, 0.000221, -0.000050, 0.266323, 0.038943, -0.081614, 0.000002, -0.000062, 0.000068, -0.588381, 9.792669, 0.016568, -0.016568, -0.061630, -0.081614, 
10.118000, 0.999516, -0.031110, -0.000011, 0.000220, -0.000049, 0.265358, 0.038943, -0.048888, 0.000002, -0.000055, 0.000073, -0.503693, 9.797849, 0.016893, -0.016893, -0.062231, -0.048888, 
10.128000, 0.999509, -0.031347, -0.000011, 0.000220, -0.000049, 0.264400, 0.038943, -0.046833, 0.000001, -0.000041, 0.000074, -0.595282, 9.792156, 0.016398, -0.016398, -0.062704, -0.046833, 
10.138000, 0.999503, -0.031521, -0.000011, 0.000220, -0.000048, 0.263448, 0.038943, -0.028926, 0.000001, -0.000036, 0.000077, -0.550908, 9.794879, 0.016548, -0.016548, -0.063053, -0.028926, 
10.148000, 0.999499, -0.031660, -0.000011, 0.000220, -0.000048, 0.262501, 0.038943, -0.027457, 0.000000, -0.000027, 0.000077, -0.600139, 9.791765, 0.016263, -0.016263, -0.063330, -0.027457, 
10.158000, 0.999495, -0.031764, -0.000011, 0.000220, -0.000047, 0.261558, 0.038943, -0.017654, 0.000000, -0.000023, 0.000079, -0.576959, 9.793191, 0.016322, -0.016322, -0.063539, -0.017654, 
10.168000, 0.999493, -0.031848, -0.000011, 0.000220, -0.000047, 0.260618, 0.038943, -0.016664, 0.000000, -0.000018, 0.000079, -0.603479, 9.791499, 0.016150, -0.016150, -0.063707, -0.016664, 
10.178000, 0.999491, -0.031913, -0.000011, 0.000220, -0.000047, 0.259682, 0.038943, -0.011296, 0.000000, -0.000015, 0.000080, -0.591430, 9.792243, 0.016161, -0.016161, -0.063837, -0.011296, 
10.188000, 0.999489, -0.031967, -0.000011, 0.000219, -0.000046, 0.258749, 0.038943, -0.010655, 0.000000, -0.000012, 0.000080, -0.605767, 9.791325, 0.016049, -0.016049, -0.063944, -0.010655, 
10.198000, 0.999488, -0.032009, -0.000011, 0.000219, -0.000046, 0.257819, 0.038943, -0.007715, 0.000000, -0.000011, 0.000081, -0.599558, 9.791710, 0.016035, -0.016035, -0.064030, -0.007715, 
10.208000, 0.999486, -0.032046, -0.000011, 0.000219, -0.000045, 0.256891, 0.038943, -0.007313, 0.000000, -0.000009, 0.000081, -0.607356, 9.791211, 0.015956, -0.015956, -0.064102, -0.007313, 
10.218000, 0.999485, -0.032076, -0.000011, 0.000219, -0.000045, 0.255967, 0.038943, -0.005704, 0.000000, -0.000008, 0.000081, -0.604209, 9.791407, 0.015929, -0.015929, -0.064163, -0.005704, 
10.228000, 0.999485, -0.032103, -0.000011, 0.000219, -0.000045, 0.255044, 0.038943, -0.005458, 0.000000, -0.000007, 0.000081, -0.608497, 9.791133, 0.015867, -0.015867, -0.064217, -0.005458, 
10.238000, 0.999484, -0.032126, -0.000011, 0.000219, -0.000044, 0.254125, 0.038943, -0.004580, 0.000000, -0.000006, 0.000081, -0.606954, 9.791230, 0.015833, -0.015833, -0.064264, -0.004580, 
10.248000, 0.999483, -0.032148, -0.000011, 0.000219, -0.000044, 0.253207, 0.038943, -0.004433, 0.000000, -0.000005, 0.000081, -0.609358, 9.791077, 0.015780, -0.015780, -0.064307, -0.004433, 
10.258000, 0.999482, -0.032168, -0.000011, 0.000219, -0.000043, 0.252293, 0.038943, -0.003956, 0.000000, -0.000005, 0.000081, -0.608655, 9.791122, 0.015742, -0.015742, -0.064346, -0.003956, 
10.268000, 0.999482, -0.032186, -0.000011, 0.000219, -0.000043, 0.251380, 0.038943, -0.003871, 0.000000, -0.000005, 0.000081, -0.610046, 9.791034, 0.015695, -0.015695, -0.064384, -0.003871, 
10.278000, 0.999481, -0.032204, -0.000011, 0.000219, -0.000043, 0.250470, 0.038943, -0.003614, 0.000000, -0.000004, 0.000081, -0.609782, 9.791051, 0.015655, -0.015655, -0.064419, -0.003614, 
10.288000, 0.999481, -0.032221, -0.000011, 0.000219, -0.000042, 0.249563, 0.038943, -0.003568, 0.000000, -0.000004, 0.000081, -0.610630, 9.790998, 0.015609, -0.015609, -0.064453, -0.003568, 
10.298000, 0.999480, -0.032237, -0.000011, 0.000219, -0.000042, 0.248657, 0.038943, -0.003432, 0.000000, -0.000004, 0.000081, -0.610596, 9.791000, 0.015568, -0.015568, -0.064486, -0.003432, 
10.308000, 0.999480, -0.032254, -0.000011, 0.000219, -0.000041, 0.247755, 0.038943, -0.003409, 0.000000, -0.000004, 0.000081, -0.611153, 9.790965, 0.015524, -0.015524, -0.064519, -0.003409, 
10.318000, 0.999479, -0.032270, -0.000011, 0.000219, -0.000041, 0.246854, 0.038943, -0.003340, 0.000000, -0.000003, 0.000081, -0.611239, 9.790960, 0.015482, -0.015482, -0.064550, -0.003340, 
10.328000, 0.999479, -0.032285, -0.000011, 0.000219, -0.000041, 0.245956, 0.038943, -0.003331, 0.000000, -0.000003, 0.000081, -0.611639, 9.790935, 0.015438, -0.015438, -0.064582, -0.003331, 
10.338000, 0.999478, -0.032301, -0.000011, 0.000219, -0.000040, 0.245061, 0.038943, -0.003298, 0.000000, -0.000003, 0.000081, -0.611790, 9.790926, 0.015395, -0.015395, -0.064613, -0.003298, 
10.348000, 0.999478, -0.032317, -0.000011, 0.000219, -0.000040, 0.244167, 0.038943, -0.003298, 0.000000, -0.000003, 0.000081, -0.612106, 9.790906, 0.015352, -0.015352, -0.064644, -0.003298, 
10.358000, 0.999477, -0.032332, -0.000011, 0.000219, -0.000039, 0.243277, 0.038943, -0.003286, 0.000000, -0.000003, 0.000081, -0.612290, 9.790895, 0.015309, -0.015309, -0.064676, -0.003286, 
10.368000, 0.999477, -0.032348, -0.000011, 0.000219, -0.000039, 0.242388, 0.038943, -0.003291, 0.000000, -0.000003, 0.000081, -0.612563, 9.790878, 0.015265, -0.015265, -0.064707, -0.003291, 
10.378000, 0.999476, -0.032363, -0.000011, 0.000219, -0.000039, 0.241502, 0.038943, -0.003289, 0.000000, -0.000003, 0.000081, -0.612765, 9.790866, 0.015222, -0.015222, -0.064738, -0.003289, 
10.388000, 0.999476, -0.032379, -0.000011, 0.000219, -0.000038, 0.240619, 0.038943, -0.003297, 0.000000, -0.000002, 0.000081, -0.613015, 9.790850, 0.015178, -0.015178, -0.064769, -0.003297, 
10.398000, 0.999475, -0.032394, -0.000011, 0.000219, -0.000038, 0.239738, 0.038943, -0.003302, 0.000000, -0.000002, 0.000081, -0.613227, 9.790837, 0.015134, -0.015134, -0.064800, -0.003302, 
10.408000, 0.999475, -0.032410, -0.000011, 0.000219, -0.000038, 0.238859, 0.038943, -0.003312, 0.000000, -0.000002, 0.000081, -0.613465, 9.790822, 0.015090, -0.015090, -0.064831, -0.003312, 
10.418000, 0.999474, -0.032426, -0.000011, 0.000219, -0.000037, 0.237983, 0.038943, -0.003320, 0.000000, -0.000002, 0.000082, -0.613684, 9.790809, 0.015046, -0.015046, -0.064863, -0.003320, 
10.428000, 0.999474, -0.032441, -0.000011, 0.000219, -0.000037, 0.237110, 0.038943, -0.003331, 0.000000, -0.000002, 0.000082, -0.613916, 9.790794, 0.015001, -0.015001, -0.064894, -0.003331, 
10.438000, 0.999473, -0.032457, -0.000011, 0.000219, -0.000036, 0.236239, 0.038943, -0.003341, 0.000000, -0.000002, 0.000082, -0.614139, 9.790781, 0.014957, -0.014957, -0.064926, -0.003341, 
10.448000, 0.999473, -0.032473, -0.000011, 0.000219, -0.000036, 0.235370, 0.038943, -0.003353, 0.000000, -0.000002, 0.000082, -0.614369, 9.790766, 0.014912, -0.014912, -0.064957, -0.003353, 
10.458000, 0.999472, -0.032489, -0.000011, 0.000219, -0.000036, 0.234504, 0.038943, -0.003364, 0.000000, -0.000001, 0.000082, -0.614594, 9.790752, 0.014867, -0.014867, -0.064989, -0.003364, 
10.468000, 0.999472, -0.032505, -0.000011, 0.000219, -0.000035, 0.233640, 0.038943, -0.003376, 0.000000, -0.000001, 0.000082, -0.614824, 9.790738, 0.014822, -0.014822, -0.065021, -0.003376, 
10.478000, 0.999471, -0.032521, -0.000011, 0.000219, -0.000035, 0.232779, 0.038943, -0.003388, 0.000000, -0.000001, 0.000082, -0.615052, 9.790724, 0.014777, -0.014777, -0.065053, -0.003388, 
10.488000, 0.999471, -0.032537, -0.000011, 0.000219, -0.000034, 0.231921, 0.038943, -0.003400, 0.000000, -0.000001, 0.000082, -0.615282, 9.790710, 0.014732, -0.014732, -0.065085, -0.003400, 
10.498000, 0.999470, -0.032553, -0.000011, 0.000219, -0.000034, 0.231065, 0.038943, -0.003413, 0.000000, -0.000001, 0.000082, -0.615512, 9.790696, 0.014686, -0.014686, -0.065117, -0.003413, 
10.508000, 0.999469, -0.032569, -0.000011, 0.000219, -0.000034, 0.230211, 0.038943, -0.003425, 0.000000, -0.000000, 0.000082, -0.615743, 9.790681, 0.014640, -0.014640, -0.065149, -0.003425, 
10.518000, 0.999469, -0.032585, -0.000011, 0.000219, -0.000033, 0.229361, 0.038943, -0.003438, 0.000000, -0.000000, 0.000082, -0.615975, 9.790667, 0.014594, -0.014594, -0.065182, -0.003438, 
10.528000, 0.999468, -0.032601, -0.000011, 0.000219, -0.000033, 0.228512, 0.038943, -0.003451, -0.000000, 0.000000, 0.000082, -0.616208, 9.790652, 0.014548, -0.014548, -0.065214, -0.003451, 
10.538000, 0.999468, -0.032618, -0.000011, 0.000219, -0.000033, 0.227667, 0.038943, -0.003463, -0.000000, 0.000000, 0.000082, -0.616441, 9.790638, 0.014502, -0.014502, -0.065247, -0.003463, 
10.548000, 0.999467, -0.032634, -0.000011, 0.000219, -0.000032, 0.226824, 0.038943, -0.003476, -0.000000, 0.000001, 0.000082, -0.616676, 9.790623, 0.014456, -0.014456, -0.065280, -0.003476, 
10.558000, 0.999467, -0.032650, -0.000011, 0.000219, -0.000032, 0.225983, 0.038943, -0.003489, -0.000000, 0.000001, 0.000082, -0.616911, 9.790609, 0.014409, -0.014409, -0.065313, -0.003489, 
10.568000, 0.999466, -0.032667, -0.000011, 0.000219, -0.000032, 0.225145, 0.038943, -0.003502, -0.000000, 0.000001, 0.000082, -0.617147, 9.790594, 0.014362, -0.014362, -0.065346, -0.003502, 
10.578000, 0.999466, -0.032684, -0.000011, 0.000219, -0.000031, 0.224310, 0.038943, -0.003515, -0.000000, 0.000001, 0.000082, -0.617384, 9.790579, 0.014316, -0.014316, -0.065379, -0.003515, 
10.588000, 0.999465, -0.032700, -0.000011, 0.000219, -0.000031, 0.223477, 0.038943, -0.003528, -0.000000, 0.000001, 0.000082, -0.617622, 9.790564, 0.014268, -0.014268, -0.065412, -0.003528, 
10.598000, 0.999465, -0.032717, -0.000011, 0.000219, -0.000030, 0.222647, 0.038943, -0.003542, -0.000000, 0.000002, 0.000082, -0.617861, 9.790549, 0.014221, -0.014221, -0.065445, -0.003542, 
10.608000, 0.999464, -0.032734, -0.000011, 0.000219, -0.000030, 0.221820, 0.038943, -0.003555, -0.000000, 0.000002, 0.000082, -0.618100, 9.790535, 0.014174, -0.014174, -0.065479, -0.003555, 
10.618000, 0.999464, -0.032750, -0.000011, 0.000219, -0.000030, 0.220995, 0.038943, -0.003568, -0.000000, 0.000002, 0.000082, -0.618341, 9.790520, 0.014126, -0.014126, -0.065513, -0.003568, 
10.628000, 0.999463, -0.032767, -0.000011, 0.000219, -0.000029, 0.220174, 0.038943, -0.003582, -0.000000, 0.000002, 0.000082, -0.618582, 9.790504, 0.014078, -0.014078, -0.065546, -0.003582, 
10.638000, 0.999462, -0.032784, -0.000011, 0.000219, -0.000029, 0.219354, 0.038943, -0.003595, -0.000000, 0.000003, 0.000082, -0.618825, 9.790489, 0.014030, -0.014030, -0.065580, -0.003595, 
10.648000, 0.999462, -0.032801, -0.000011, 0.000219, -0.000029, 0.218538, 0.038943, -0.003608, -0.000000, 0.000003, 0.000082, -0.619068, 9.790474, 0.013982, -0.013982, -0.065614, -0.003608, 
10.658000, 0.999461, -0.032818, -0.000011, 0.000219, -0.000028, 0.217724, 0.038943, -0.003622, -0.000000, 0.000003, 0.000082, -0.619312, 9.790459, 0.013934, -0.013934, -0.065649, -0.003622, 
10.668000, 0.999461, -0.032835, -0.000011, 0.000219, -0.000028, 0.216913, 0.038943, -0.003635, -0.000000, 0.000004, 0.000082, -0.619557, 9.790444, 0.013885, -0.013885, -0.065683, -0.003635, 
10.678000, 0.999460, -0.032853, -0.000011, 0.000219, -0.000028, 0.216104, 0.038943, -0.003649, -0.000000, 0.000004, 0.000082, -0.619803, 9.790428, 0.013837, -0.013837, -0.065717, -0.003649, 
10.688000, 0.999460, -0.032870, -0.000011, 0.000219, -0.000027, 0.215298, 0.038943, -0.003663, -0.000000, 0.000004, 0.000082, -0.620050, 9.790413, 0.013788, -0.013788, -0.065752, -0.003663, 
10.698000, 0.999459, -0.032887, -0.000011, 0.000219, -0.000027, 0.214495, 0.038943, -0.003676, -0.000000, 0.000004, 0.000082, -0.620298, 9.790397, 0.013739, -0.013739, -0.065786, -0.003676, 
10.708000, 0.999458, -0.032905, -0.000011, 0.000219, -0.000026, 0.213695, 0.038943, -0.003690, -0.000000, 0.000005, 0.000082, -0.620546, 9.790382, 0.013689, -0.013689, -0.065821, -0.003690, 
10.718000, 0.999458, -0.032922, -0.000011, 0.000219, -0.000026, 0.212898, 0.038943, -0.003704, -0.000000, 0.000005, 0.000082, -0.620796, 9.790366, 0.013640, -0.013640, -0.065856, -0.003704, 
10.728000, 0.999457, -0.032940, -0.000011, 0.000219, -0.000026, 0.212103, 0.038943, -0.003718, -0.000000, 0.000005, 0.000082, -0.621047, 9.790351, 0.013590, -0.013590, -0.065891, -0.003718, 
10.738000, 0.999457, -0.032957, -0.000011, 0.000219, -0.000025, 0.211311, 0.038943, -0.003732, -0.000000, 0.000006, 0.000082, -0.621298, 9.790335, 0.013541, -0.013541, -0.065926, -0.003732, 
10.748000, 0.999456, -0.032975, -0.000011, 0.000219, -0.000025, 0.210522, 0.038943, -0.003746, -0.000000, 0.000006, 0.000082, -0.621551, 9.790319, 0.013491, -0.013491, -0.065962, -0.003746, 
10.758000, 0.999456, -0.032993, -0.000011, 0.000219, -0.000025, 0.209736, 0.038943, -0.003760, -0.000000, 0.000006, 0.000082, -0.621804, 9.790303, 0.013440, -0.013440, -0.065997, -0.003760, 
10.768000, 0.999455, -0.033010, -0.000011, 0.000219, -0.000024, 0.208952, 0.038943, -0.003774, -0.000000, 0.000007, 0.000082, -0.622058, 9.790287, 0.013390, -0.013390, -0.066033, -0.003774, 
10.778000, 0.999454, -0.033028, -0.000011, 0.000219, -0.000024, 0.208171, 0.038943, -0.003788, -0.000000, 0.000007, 0.000082, -0.622314, 9.790271, 0.013340, -0.013340, -0.066069, -0.003788, 
10.788000, 0.999454, -0.033046, -0.000011, 0.000219, -0.000024, 0.207394, 0.038943, -0.003802, -0.000000, 0.000007, 0.000082, -0.622570, 9.790255, 0.013289, -0.013289, -0.066104, -0.003802, 
10.798000, 0.999453, -0.033064, -0.000011, 0.000219, -0.000023, 0.206619, 0.038943, -0.003816, -0.000001, 0.000008, 0.000082, -0.622827, 9.790239, 0.013238, -0.013238, -0.066140, -0.003816, 
10.808000, 0.999453, -0.033082, -0.000011, 0.000219, -0.000023, 0.205846, 0.038943, -0.003830, -0.000001, 0.000008, 0.000082, -0.623085, 9.790223, 0.013187, -0.013187, -0.066176, -0.003830, 
10.818000, 0.999452, -0.033100, -0.000011, 0.000219, -0.000023, 0.205077, 0.038943, -0.003845, -0.000001, 0.000008, 0.000082, -0.623345, 9.790206, 0.013135, -0.013135, -0.066213, -0.003845, 
10.828000, 0.999451, -0.033119, -0.000011, 0.000219, -0.000022, 0.204311, 0.038943, -0.003859, -0.000001, 0.000008, 0.000082, -0.623605, 9.790190, 0.013084, -0.013084, -0.066249, -0.003859, 
10.838000, 0.999451, -0.033137, -0.000011, 0.000220, -0.000022, 0.203547, 0.038943, -0.003874, -0.000001, 0.000009, 0.000082, -0.623866, 9.790174, 0.013032, -0.013032, -0.066286, -0.003874, 
10.848000, 0.999450, -0.033155, -0.000011, 0.000220, -0.000022, 0.202787, 0.038943, -0.003888, -0.000001, 0.000009, 0.000082, -0.624128, 9.790157, 0.012980, -0.012980, -0.066322, -0.003888, 
10.858000, 0.999450, -0.033173, -0.000011, 0.000220, -0.000021, 0.202029, 0.038943, -0.003903, -0.000001, 0.000009, 0.000082, -0.624391, 9.790141, 0.012928, -0.012928, -0.066359, -0.003903, 
10.868000, 0.999449, -0.033192, -0.000011, 0.000220, -0.000021, 0.201274, 0.038943, -0.003917, -0.000001, 0.000010, 0.000082, -0.624655, 9.790124, 0.012876, -0.012876, -0.066396, -0.003917, 
10.878000, 0.999448, -0.033210, -0.000011, 0.000220, -0.000021, 0.200522, 0.038943, -0.003932, -0.000001, 0.000010, 0.000082, -0.624920, 9.790107, 0.012823, -0.012823, -0.066433, -0.003932, 
10.888000, 0.999448, -0.033229, -0.000011, 0.000220, -0.000020, 0.199774, 0.038943, -0.003947, -0.000001, 0.000010, 0.000082, -0.625186, 9.790091, 0.012771, -0.012771, -0.066470, -0.003947, 
10.898000, 0.999447, -0.033248, -0.000011, 0.000220, -0.000020, 0.199028, 0.038943, -0.003961, -0.000001, 0.000011, 0.000082, -0.625453, 9.790074, 0.012718, -0.012718, -0.066508, -0.003961, 
10.908000, 0.999446, -0.033266, -0.000011, 0.000220, -0.000020, 0.198285, 0.038943, -0.003976, -0.000001, 0.000011, 0.000082, -0.625721, 9.790057, 0.012665, -0.012665, -0.066545, -0.003976, 
10.918000, 0.999446, -0.033285, -0.000012, 0.000220, -0.000019, 0.197545, 0.038943, -0.003991, -0.000001, 0.000011, 0.000083, -0.625990, 9.790040, 0.012612, -0.012612, -0.066583, -0.003991, 
10.928000, 0.999445, -0.033304, -0.000012, 0.000220, -0.000019, 0.196808, 0.038943, -0.004006, -0.000001, 0.000012, 0.000083, -0.626260, 9.790023, 0.012558, -0.012558, -0.066621, -0.004006, 
10.938000, 0.999445, -0.033323, -0.000012, 0.000220, -0.000019, 0.196074, 0.038943, -0.004021, -0.000001, 0.000012, 0.000083, -0.626531, 9.790006, 0.012505, -0.012505, -0.066659, -0.004021, 
10.948000, 0.999444, -0.033342, -0.000012, 0.000220, -0.000018, 0.195343, 0.038943, -0.004036, -0.000001, 0.000013, 0.000083, -0.626803, 9.789989, 0.012451, -0.012451, -0.066697, -0.004036, 
10.958000, 0.999443, -0.033361, -0.000012, 0.000220, -0.000018, 0.194615, 0.038943, -0.004051, -0.000001, 0.000013, 0.000083, -0.627076, 9.789972, 0.012397, -0.012397, -0.066735, -0.004051, 
10.968000, 0.999443, -0.033380, -0.000012, 0.000220, -0.000018, 0.193890, 0.038943, -0.004066, -0.000001, 0.000013, 0.000083, -0.627350, 9.789954, 0.012342, -0.012342, -0.066773, -0.004066, 
10.978000, 0.999442, -0.033400, -0.000012, 0.000220, -0.000017, 0.193168, 0.038943, -0.004081, -0.000001, 0.000014, 0.000083, -0.627625, 9.789937, 0.012288, -0.012288, -0.066812, -0.004081, 
10.988000, 0.999441, -0.033419, -0.000012, 0.000220, -0.000017, 0.192449, 0.038943, -0.004097, -0.000001, 0.000014, 0.000083, -0.627901, 9.789919, 0.012233, -0.012233, -0.066850, -0.004097, 
10.998000, 0.999441, -0.033438, -0.000012, 0.000220, -0.000017, 0.191733, 0.038943, -0.004112, -0.000001, 0.000014, 0.000083, -0.628179, 9.789902, 0.012178, -0.012178, -0.066889, -0.004112, 
11.008000, 0.999440, -0.033458, -0.000012, 0.000221, -0.000017, 0.191021, 0.038943, -0.004127, -0.000001, 0.000015, 0.000083, -0.628457, 9.789884, 0.012123, -0.012123, -0.066928, -0.004127, 
11.018000, 0.999439, -0.033477, -0.000012, 0.000221, -0.000016, 0.190311, 0.038943, -0.004143, -0.000001, 0.000015, 0.000083, -0.628736, 9.789867, 0.012068, -0.012068, -0.066967, -0.004143, 
11.028000, 0.999439, -0.033497, -0.000012, 0.000221, -0.000016, 0.189605, 0.038943, -0.004158, -0.000001, 0.000015, 0.000083, -0.629016, 9.789849, 0.012012, -0.012012, -0.067006, -0.004158, 
11.038000, 0.999438, -0.033517, -0.000012, 0.000221, -0.000016, 0.188901, 0.038943, -0.004174, -0.000001, 0.000016, 0.000083, -0.629298, 9.789831, 0.011957, -0.011957, -0.067046, -0.004174, 
11.048000, 0.999437, -0.033536, -0.000012, 0.000221, -0.000015, 0.188201, 0.038943, -0.004189, -0.000001, 0.000016, 0.000083, -0.629580, 9.789813, 0.011901, -0.011901, -0.067085, -0.004189, 
11.058000, 0.999437, -0.033556, -0.000012, 0.000221, -0.000015, 0.187504, 0.038943, -0.004205, -0.000001, 0.000016, 0.000083, -0.629864, 9.789795, 0.011845, -0.011845, -0.067125, -0.004205, 
11.068000, 0.999436, -0.033576, -0.000012, 0.000221, -0.000015, 0.186810, 0.038943, -0.004221, -0.000001, 0.000017, 0.000083, -0.630148, 9.789777, 0.011788, -0.011788, -0.067165, -0.004221, 
11.078000, 0.999435, -0.033596, -0.000012, 0.000221, -0.000014, 0.186119, 0.038943, -0.004237, -0.000001, 0.000017, 0.000083, -0.630434, 9.789759, 0.011732, -0.011732, -0.067205, -0.004237, 
11.088000, 0.999435, -0.033616, -0.000012, 0.000221, -0.000014, 0.185432, 0.038943, -0.004252, -0.000001, 0.000017, 0.000083, -0.630720, 9.789741, 0.011675, -0.011675, -0.067245, -0.004252, 
11.098000, 0.999434, -0.033636, -0.000012, 0.000221, -0.000014, 0.184747, 0.038943, -0.004268, -0.000001, 0.000018, 0.000083, -0.631008, 9.789723, 0.011618, -0.011618, -0.067285, -0.004268, 
11.108000, 0.999433, -0.033656, -0.000012, 0.000221, -0.000013, 0.184066, 0.038943, -0.004284, -0.000001, 0.000018, 0.000083, -0.631297, 9.789704, 0.011561, -0.011561, -0.067325, -0.004284, 
11.118000, 0.999433, -0.033677, -0.000012, 0.000221, -0.000013, 0.183388, 0.038943, -0.004300, -0.000001, 0.000018, 0.000083, -0.631587, 9.789686, 0.011504, -0.011504, -0.067366, -0.004300, 
11.128000, 0.999432, -0.033697, -0.000012, 0.000222, -0.000013, 0.182713, 0.038943, -0.004316, -0.000001, 0.000019, 0.000083, -0.631878, 9.789667, 0.011446, -0.011446, -0.067407, -0.004316, 
11.138000, 0.999431, -0.033717, -0.000012, 0.000222, -0.000013, 0.182041, 0.038943, -0.004332, -0.000001, 0.000019, 0.000083, -0.632170, 9.789649, 0.011388, -0.011388, -0.067448, -0.004332, 
11.148000, 0.999431, -0.033738, -0.000012, 0.000222, -0.000012, 0.181373, 0.038943, -0.004349, -0.000001, 0.000019, 0.000083, -0.632463, 9.789630, 0.011330, -0.011330, -0.067489, -0.004349, 
11.158000, 0.999430, -0.033758, -0.000012, 0.000222, -0.000012, 0.180708, 0.038943, -0.004365, -0.000001, 0.000020, 0.000083, -0.632757, 9.789612, 0.011272, -0.011272, -0.067530, -0.004365, 
11.168000, 0.999429, -0.033779, -0.000012, 0.000222, -0.000012, 0.180046, 0.038943, -0.004381, -0.000001, 0.000020, 0.000083, -0.633052, 9.789593, 0.011213, -0.011213, -0.067571, -0.004381, 
11.178000, 0.999429, -0.033800, -0.000012, 0.000222, -0.000011, 0.179388, 0.038943, -0.004398, -0.000001, 0.000020, 0.000083, -0.633349, 9.789574, 0.011155, -0.011155, -0.067613, -0.004398, 
11.188000, 0.999428, -0.033821, -0.000012, 0.000222, -0.000011, 0.178733, 0.038943, -0.004414, -0.000001, 0.000021, 0.000083, -0.633646, 9.789555, 0.011096, -0.011096, -0.067654, -0.004414, 
11.198000, 0.999427, -0.033842, -0.000012, 0.000222, -0.000011, 0.178081, 0.038943, -0.004431, -0.000001, 0.000021, 0.000083, -0.633945, 9.789536, 0.011037, -0.011037, -0.067696, -0.004431, 
11.208000, 0.999426, -0.033862, -0.000012, 0.000222, -0.000011, 0.177432, 0.038943, -0.004447, -0.000001, 0.000021, 0.000083, -0.634245, 9.789517, 0.010977, -0.010977, -0.067738, -0.004447, 
11.218000, 0.999426, -0.033884, -0.000012, 0.000222, -0.000010, 0.176787, 0.038943, -0.004464, -0.000001, 0.000022, 0.000083, -0.634545, 9.789498, 0.010918, -0.010918, -0.067780, -0.004464, 
11.228000, 0.999425, -0.033905, -0.000012, 0.000223, -0.000010, 0.176145, 0.038943, -0.004480, -0.000002, 0.000022, 0.000083, -0.634847, 9.789478, 0.010858, -0.010858, -0.067822, -0.004480, 
11.238000, 0.999424, -0.033926, -0.000012, 0.000223, -0.000010, 0.175506, 0.038943, -0.004497, -0.000002, 0.000022, 0.000083, -0.635151, 9.789459, 0.010798, -0.010798, -0.067865, -0.004497, 
11.248000, 0.999424, -0.033947, -0.000012, 0.000223, -0.000009, 0.174871, 0.038943, -0.004514, -0.000002, 0.000023, 0.000083, -0.635455, 9.789440, 0.010738, -0.010738, -0.067907, -0.004514, 
11.258000, 0.999423, -0.033968, -0.000012, 0.000223, -0.000009, 0.174239, 0.038943, -0.004531, -0.000002, 0.000023, 0.000083, -0.635760, 9.789420, 0.010677, -0.010677, -0.067950, -0.004531, 
11.268000, 0.999422, -0.033990, -0.000012, 0.000223, -0.000009, 0.173611, 0.038943, -0.004548, -0.000002, 0.000023, 0.000083, -0.636067, 9.789400, 0.010616, -0.010616, -0.067993, -0.004548, 
11.278000, 0.999421, -0.034011, -0.000012, 0.000223, -0.000009, 0.172986, 0.038943, -0.004565, -0.000002, 0.000024, 0.000083, -0.636374, 9.789381, 0.010556, -0.010556, -0.068036, -0.004565, 
11.288000, 0.999421, -0.034033, -0.000012, 0.000223, -0.000008, 0.172364, 0.038943, -0.004582, -0.000002, 0.000024, 0.000083, -0.636683, 9.789361, 0.010494, -0.010494, -0.068079, -0.004582, 
11.298000, 0.999420, -0.034055, -0.000012, 0.000223, -0.000008, 0.171746, 0.038943, -0.004599, -0.000002, 0.000024, 0.000083, -0.636993, 9.789341, 0.010433, -0.010433, -0.068123, -0.004599, 
11.308000, 0.999419, -0.034076, -0.000012, 0.000223, -0.000008, 0.171131, 0.038943, -0.004616, -0.000002, 0.000025, 0.000083, -0.637304, 9.789321, 0.010371, -0.010371, -0.068166, -0.004616, 
11.318000, 0.999418, -0.034098, -0.000012, 0.000224, -0.000007, 0.170520, 0.038943, -0.004634, -0.000002, 0.000025, 0.000083, -0.637617, 9.789301, 0.010310, -0.010310, -0.068210, -0.004634, 
11.328000, 0.999418, -0.034120, -0.000012, 0.000224, -0.000007, 0.169912, 0.038943, -0.004651, -0.000002, 0.000025, 0.000083, -0.637930, 9.789281, 0.010248, -0.010248, -0.068254, -0.004651, 
11.338000, 0.999417, -0.034142, -0.000012, 0.000224, -0.000007, 0.169308, 0.038943, -0.004668, -0.000002, 0.000026, 0.000083, -0.638245, 9.789261, 0.010185, -0.010185, -0.068298, -0.004668, 
11.348000, 0.999416, -0.034164, -0.000012, 0.000224, -0.000007, 0.168707, 0.038943, -0.004686, -0.000002, 0.000026, 0.000083, -0.638561, 9.789241, 0.010123, -0.010123, -0.068342, -0.004686, 
11.358000, 0.999415, -0.034186, -0.000012, 0.000224, -0.000006, 0.168110, 0.038943, -0.004703, -0.000002, 0.000026, 0.000083, -0.638878, 9.789220, 0.010060, -0.010060, -0.068386, -0.004703, 
11.368000, 0.999415, -0.034209, -0.000012, 0.000224, -0.000006, 0.167516, 0.038943, -0.004721, -0.000002, 0.000027, 0.000083, -0.639196, 9.789200, 0.009997, -0.009997, -0.068431, -0.004721, 
11.378000, 0.999414, -0.034231, -0.000012, 0.000224, -0.000006, 0.166926, 0.038943, -0.004738, -0.000002, 0.000027, 0.000083, -0.639515, 9.789179, 0.009934, -0.009934, -0.068475, -0.004738, 
11.388000, 0.999413, -0.034253, -0.000012, 0.000224, -0.000006, 0.166339, 0.038943, -0.004756, -0.000002, 0.000027, 0.000083, -0.639836, 9.789159, 0.009870, -0.009870, -0.068520, -0.004756, 
11.398000, 0.999412, -0.034276, -0.000012, 0.000225, -0.000005, 0.165756, 0.038943, -0.004774, -0.000002, 0.000027, 0.000083, -0.640158, 9.789138, 0.009806, -0.009806, -0.068565, -0.004774, 
11.408000, 0.999412, -0.034299, -0.000012, 0.000225, -0.000005, 0.165176, 0.038943, -0.004792, -0.000002, 0.000028, 0.000083, -0.640481, 9.789117, 0.009743, -0.009743, -0.068611, -0.004792, 
11.418000, 0.999411, -0.034321, -0.000012, 0.000225, -0.000005, 0.164600, 0.038943, -0.004810, -0.000002, 0.000028, 0.000083, -0.640805, 9.789096, 0.009678, -0.009678, -0.068656, -0.004810, 
11.428000, 0.999410, -0.034344, -0.000012, 0.000225, -0.000005, 0.164028, 0.038943, -0.004828, -0.000002, 0.000028, 0.000083, -0.641130, 9.789076, 0.009614, -0.009614, -0.068701, -0.004828, 
11.438000, 0.999409, -0.034367, -0.000012, 0.000225, -0.000004, 0.163459, 0.038943, -0.004846, -0.000002, 0.000029, 0.000083, -0.641457, 9.789054, 0.009549, -0.009549, -0.068747, -0.004846, 
11.448000, 0.999408, -0.034390, -0.000012, 0.000225, -0.000004, 0.162894, 0.038943, -0.004864, -0.000002, 0.000029, 0.000083, -0.641785, 9.789033, 0.009484, -0.009484, -0.068793, -0.004864, 
11.458000, 0.999408, -0.034413, -0.000012, 0.000225, -0.000004, 0.162332, 0.038943, -0.004882, -0.000002, 0.000029, 0.000083, -0.642114, 9.789012, 0.009419, -0.009419, -0.068839, -0.004882, 
11.468000, 0.999407, -0.034436, -0.000012, 0.000226, -0.000003, 0.161775, 0.038943, -0.004900, -0.000002, 0.000030, 0.000083, -0.642444, 9.788991, 0.009354, -0.009354, -0.068885, -0.004900, 
11.478000, 0.999406, -0.034459, -0.000012, 0.000226, -0.000003, 0.161220, 0.038943, -0.004919, -0.000002, 0.000030, 0.000083, -0.642776, 9.788969, 0.009288, -0.009288, -0.068932, -0.004919, 
11.488000, 0.999405, -0.034482, -0.000012, 0.000226, -0.000003, 0.160670, 0.038943, -0.004937, -0.000002, 0.000030, 0.000083, -0.643108, 9.788948, 0.009222, -0.009222, -0.068978, -0.004937, 
11.498000, 0.999404, -0.034506, -0.000012, 0.000226, -0.000003, 0.160123, 0.038943, -0.004955, -0.000002, 0.000030, 0.000083, -0.643442, 9.788926, 0.009156, -0.009156, -0.069025, -0.004955, 
11.508000, 0.999404, -0.034529, -0.000012, 0.000226, -0.000002, 0.159580, 0.038943, -0.004974, -0.000002, 0.000031, 0.000083, -0.643778, 9.788905, 0.009090, -0.009090, -0.069072, -0.004974, 
11.518000, 0.999403, -0.034553, -0.000012, 0.000226, -0.000002, 0.159041, 0.038943, -0.004993, -0.000002, 0.000031, 0.000083, -0.644114, 9.788883, 0.009023, -0.009023, -0.069119, -0.004993, 
11.528000, 0.999402, -0.034576, -0.000012, 0.000227, -0.000002, 0.158505, 0.038943, -0.005011, -0.000002, 0.000031, 0.000083, -0.644452, 9.788861, 0.008956, -0.008956, -0.069166, -0.005011, 
11.538000, 0.999401, -0.034600, -0.000012, 0.000227, -0.000002, 0.157973, 0.038943, -0.005030, -0.000002, 0.000032, 0.000083, -0.644791, 9.788839, 0.008889, -0.008889, -0.069214, -0.005030, 
11.548000, 0.999400, -0.034624, -0.000012, 0.000227, -0.000002, 0.157445, 0.038943, -0.005049, -0.000002, 0.000032, 0.000083, -0.645131, 9.788817, 0.008822, -0.008822, -0.069261, -0.005049, 
11.558000, 0.999400, -0.034648, -0.000012, 0.000227, -0.000001, 0.156921, 0.038943, -0.005068, -0.000002, 0.000032, 0.000083, -0.645473, 9.788795, 0.008754, -0.008754, -0.069309, -0.005068, 
11.568000, 0.999399, -0.034672, -0.000012, 0.000227, -0.000001, 0.156400, 0.038943, -0.005087, -0.000002, 0.000032, 0.000083, -0.645816, 9.788773, 0.008686, -0.008686, -0.069357, -0.005087, 
11.578000, 0.999398, -0.034696, -0.000012, 0.000227, -0.000001, 0.155884, 0.038943, -0.005106, -0.000002, 0.000033, 0.000083, -0.646160, 9.788751, 0.008618, -0.008618, -0.069405, -0.005106, 
11.588000, 0.999397, -0.034720, -0.000012, 0.000227, -0.000001, 0.155371, 0.038943, -0.005125, -0.000002, 0.000033, 0.000083, -0.646505, 9.788728, 0.008550, -0.008550, -0.069454, -0.005125, 
11.598000, 0.999396, -0.034744, -0.000012, 0.000228, -0.000000, 0.154862, 0.038943, -0.005144, -0.000002, 0.000033, 0.000083, -0.646852, 9.788706, 0.008481, -0.008481, -0.069502, -0.005144, 
11.608000, 0.999395, -0.034768, -0.000012, 0.000228, -0.000000, 0.154356, 0.038943, -0.005163, -0.000002, 0.000033, 0.000083, -0.647200, 9.788683, 0.008412, -0.008412, -0.069551, -0.005163, 
11.618000, 0.999395, -0.034793, -0.000012, 0.000228, 0.000000, 0.153855, 0.038943, -0.005182, -0.000002, 0.000034, 0.000083, -0.647549, 9.788660, 0.008343, -0.008343, -0.069600, -0.005182, 
11.628000, 0.999394, -0.034817, -0.000012, 0.000228, 0.000000, 0.153358, 0.038943, -0.005202, -0.000002, 0.000034, 0.000083, -0.647900, 9.788638, 0.008274, -0.008274, -0.069649, -0.005202, 
11.638000, 0.999393, -0.034842, -0.000012, 0.000228, 0.000001, 0.152864, 0.038943, -0.005221, -0.000002, 0.000034, 0.000083, -0.648252, 9.788615, 0.008204, -0.008204, -0.069698, -0.005221, 
11.648000, 0.999392, -0.034867, -0.000012, 0.000229, 0.000001, 0.152375, 0.038943, -0.005241, -0.000002, 0.000035, 0.000083, -0.648605, 9.788592, 0.008134, -0.008134, -0.069747, -0.005241, 
11.658000, 0.999391, -0.034891, -0.000012, 0.000229, 0.000001, 0.151889, 0.038943, -0.005260, -0.000002, 0.000035, 0.000083, -0.648960, 9.788569, 0.008064, -0.008064, -0.069797, -0.005260, 
11.668000, 0.999390, -0.034916, -0.000012, 0.000229, 0.000001, 0.151407, 0.038943, -0.005280, -0.000002, 0.000035, 0.000083, -0.649315, 9.788546, 0.007993, -0.007993, -0.069847, -0.005280, 
11.678000, 0.999389, -0.034941, -0.000012, 0.000229, 0.000001, 0.150929, 0.038943, -0.005300, -0.000002, 0.000035, 0.000083, -0.649673, 9.788522, 0.007922, -0.007922, -0.069897, -0.005300, 
11.688000, 0.999388, -0.034966, -0.000012, 0.000229, 0.000002, 0.150455, 0.038943, -0.005320, -0.000002, 0.000036, 0.000083, -0.650031, 9.788499, 0.007851, -0.007851, -0.069947, -0.005320, 
11.698000, 0.999388, -0.034991, -0.000012, 0.000229, 0.000002, 0.149986, 0.038943, -0.005339, -0.000003, 0.000036, 0.000083, -0.650391, 9.788475, 0.007780, -0.007780, -0.069997, -0.005339, 
11.708000, 0.999387, -0.035017, -0.000012, 0.000230, 0.000002, 0.149520, 0.038943, -0.005359, -0.000003, 0.000036, 0.000083, -0.650752, 9.788452, 0.007709, -0.007709, -0.070048, -0.005359, 
11.718000, 0.999386, -0.035042, -0.000012, 0.000230, 0.000002, 0.149058, 0.038943, -0.005379, -0.000003, 0.000036, 0.000083, -0.651115, 9.788428, 0.007637, -0.007637, -0.070099, -0.005379, 
11.728000, 0.999385, -0.035068, -0.000012, 0.000230, 0.000003, 0.148600, 0.038943, -0.005400, -0.000003, 0.000037, 0.000083, -0.651479, 9.788404, 0.007565, -0.007565, -0.070149, -0.005400, 
11.738000, 0.999384, -0.035093, -0.000012, 0.000230, 0.000003, 0.148146, 0.038943, -0.005420, -0.000003, 0.000037, 0.000083, -0.651844, 9.788381, 0.007493, -0.007493, -0.070201, -0.005420, 
11.748000, 0.999383, -0.035119, -0.000012, 0.000230, 0.000003, 0.147697, 0.038943, -0.005440, -0.000003, 0.000037, 0.000083, -0.652211, 9.788357, 0.007420, -0.007420, -0.070252, -0.005440, 
11.758000, 0.999382, -0.035144, -0.000012, 0.000230, 0.000003, 0.147251, 0.038943, -0.005460, -0.000003, 0.000037, 0.000083, -0.652579, 9.788333, 0.007347, -0.007347, -0.070303, -0.005460, 
11.768000, 0.999381, -0.035170, -0.000012, 0.000231, 0.000003, 0.146809, 0.038943, -0.005481, -0.000003, 0.000038, 0.000083, -0.652948, 9.788308, 0.007274, -0.007274, -0.070355, -0.005481, 
11.778000, 0.999380, -0.035196, -0.000012, 0.000231, 0.000004, 0.146372, 0.038943, -0.005501, -0.000003, 0.000038, 0.000083, -0.653319, 9.788284, 0.007200, -0.007200, -0.070407, -0.005501, 
11.788000, 0.999379, -0.035222, -0.000012, 0.000231, 0.000004, 0.145939, 0.038943, -0.005522, -0.000003, 0.000038, 0.000083, -0.653691, 9.788260, 0.007127, -0.007127, -0.070459, -0.005522, 
11.798000, 0.999379, -0.035248, -0.000012, 0.000231, 0.000004, 0.145509, 0.038943, -0.005543, -0.000003, 0.000038, 0.000083, -0.654065, 9.788235, 0.007053, -0.007053, -0.070511, -0.005543, 
11.808000, 0.999378, -0.035275, -0.000012, 0.000231, 0.000004, 0.145084, 0.038943, -0.005563, -0.000003, 0.000038, 0.000083, -0.654440, 9.788211, 0.006979, -0.006979, -0.070564, -0.005563, 
11.818000, 0.999377, -0.035301, -0.000012, 0.000232, 0.000004, 0.144663, 0.038943, -0.005584, -0.000003, 0.000039, 0.000083, -0.654816, 9.788186, 0.006904, -0.006904, -0.070616, -0.005584, 
11.828000, 0.999376, -0.035327, -0.000012, 0.000232, 0.000005, 0.144247, 0.038943, -0.005605, -0.000003, 0.000039, 0.000083, -0.655194, 9.788161, 0.006829, -0.006829, -0.070669, -0.005605, 
11.838000, 0.999375, -0.035354, -0.000012, 0.000232, 0.000005, 0.143834, 0.038943, -0.005626, -0.000003, 0.000039, 0.000083, -0.655573, 9.788136, 0.006754, -0.006754, -0.070722, -0.005626, 
11.848000, 0.999374, -0.035380, -0.000012, 0.000232, 0.000005, 0.143426, 0.038943, -0.005647, -0.000003, 0.000039, 0.000083, -0.655953, 9.788111, 0.006679, -0.006679, -0.070776, -0.005647, 
11.858000, 0.999373, -0.035407, -0.000012, 0.000232, 0.000005, 0.143022, 0.038943, -0.005668, -0.000003, 0.000040, 0.000083, -0.656336, 9.788086, 0.006603, -0.006603, -0.070829, -0.005668, 
11.868000, 0.999372, -0.035434, -0.000012, 0.000233, 0.000005, 0.142622, 0.038943, -0.005689, -0.000003, 0.000040, 0.000083, -0.656719, 9.788061, 0.006527, -0.006527, -0.070883, -0.005689, 
11.878000, 0.999371, -0.035461, -0.000012, 0.000233, 0.000005, 0.142227, 0.038943, -0.005710, -0.000003, 0.000040, 0.000083, -0.657104, 9.788036, 0.006451, -0.006451, -0.070937, -0.005710, 
11.888000, 0.999370, -0.035488, -0.000012, 0.000233, 0.000006, 0.141835, 0.038943, -0.005732, -0.000003, 0.000040, 0.000083, -0.657490, 9.788010, 0.006375, -0.006375, -0.070991, -0.005732, 
11.898000, 0.999369, -0.035515, -0.000012, 0.000233, 0.000006, 0.141448, 0.038943, -0.005753, -0.000003, 0.000041, 0.000083, -0.657878, 9.787985, 0.006298, -0.006298, -0.071045, -0.005753, 
11.908000, 0.999368, -0.035542, -0.000012, 0.000233, 0.000006, 0.141066, 0.038943, -0.005775, -0.000003, 0.000041, 0.000083, -0.658267, 9.787959, 0.006221, -0.006221, -0.071099, -0.005775, 
11.918000, 0.999367, -0.035570, -0.000012, 0.000234, 0.000006, 0.140687, 0.038943, -0.005796, -0.000003, 0.000041, 0.000083, -0.658658, 9.787933, 0.006143, -0.006143, -0.071154, -0.005796, 
11.928000, 0.999366, -0.035597, -0.000013, 0.000234, 0.000006, 0.140313, 0.038943, -0.005818, -0.000003, 0.000041, 0.000083, -0.659050, 9.787907, 0.006066, -0.006066, -0.071209, -0.005818, 
11.938000, 0.999365, -0.035624, -0.000013, 0.000234, 0.000007, 0.139944, 0.038943, -0.005840, -0.000003, 0.000041, 0.000083, -0.659443, 9.787881, 0.005988, -0.005988, -0.071264, -0.005840, 
11.948000, 0.999364, -0.035652, -0.000013, 0.000234, 0.000007, 0.139578, 0.038943, -0.005862, -0.000003, 0.000042, 0.000083, -0.659838, 9.787855, 0.005909, -0.005909, -0.071319, -0.005862, 
11.958000, 0.999363, -0.035680, -0.000013, 0.000234, 0.000007, 0.139217, 0.038943, -0.005884, -0.000003, 0.000042, 0.000083, -0.660235, 9.787829, 0.005831, -0.005831, -0.071375, -0.005884, 
11.968000, 0.999362, -0.035708, -0.000013, 0.000235, 0.000007, 0.138861, 0.038943, -0.005906, -0.000003, 0.000042, 0.000083, -0.660633, 9.787803, 0.005752, -0.005752, -0.071431, -0.005906, 
11.978000, 0.999361, -0.035736, -0.000013, 0.000235, 0.000007, 0.138509, 0.038943, -0.005928, -0.000003, 0.000042, 0.000083, -0.661032, 9.787776, 0.005673, -0.005673, -0.071486, -0.005928, 
11.988000, 0.999360, -0.035764, -0.000013, 0.000235, 0.000007, 0.138161, 0.038943, -0.005950, -0.000003, 0.000043, 0.000083, -0.661433, 9.787750, 0.005594, -0.005594, -0.071543, -0.005950, 
11.998000, 0.999359, -0.035792, -0.000013, 0.000235, 0.000008, 0.137818, 0.038943, -0.005972, -0.000003, 0.000043, 0.000083, -0.661836, 9.787723, 0.005514, -0.005514, -0.071599, -0.005972, 
12.008000, 0.999358, -0.035820, -0.000013, 0.000235, 0.000008, 0.137479, 0.038943, -0.005994, -0.000003, 0.000043, 0.000083, -0.662240, 9.787696, 0.005434, -0.005434, -0.071655, -0.005994, 
12.018000, 0.999357, -0.035848, -0.000013, 0.000236, 0.000008, 0.137145, 0.038943, -0.006017, -0.000003, 0.000043, 0.000083, -0.662645, 9.787669, 0.005354, -0.005354, -0.071712, -0.006017, 
12.028000, 0.999356, -0.035877, -0.000013, 0.000236, 0.000008, 0.136816, 0.038943, -0.006039, -0.000003, 0.000043, 0.000083, -0.663052, 9.787642, 0.005273, -0.005273, -0.071769, -0.006039, 
12.038000, 0.999355, -0.035905, -0.000013, 0.000236, 0.000008, 0.136490, 0.038943, -0.006062, -0.000003, 0.000044, 0.000083, -0.663461, 9.787615, 0.005192, -0.005192, -0.071826, -0.006062, 
12.048000, 0.999354, -0.035934, -0.000013, 0.000236, 0.000008, 0.136170, 0.038943, -0.006085, -0.000003, 0.000044, 0.000083, -0.663871, 9.787588, 0.005111, -0.005111, -0.071884, -0.006085, 
12.058000, 0.999353, -0.035963, -0.000013, 0.000237, 0.000008, 0.135854, 0.038943, -0.006107, -0.000003, 0.000044, 0.000083, -0.664283, 9.787561, 0.005029, -0.005029, -0.071941, -0.006107, 
12.068000, 0.999352, -0.035992, -0.000013, 0.000237, 0.000009, 0.135542, 0.038943, -0.006130, -0.000003, 0.000044, 0.000083, -0.664696, 9.787533, 0.004948, -0.004948, -0.071999, -0.006130, 
12.078000, 0.999351, -0.036021, -0.000013, 0.000237, 0.000009, 0.135235, 0.038943, -0.006153, -0.000003, 0.000044, 0.000083, -0.665110, 9.787506, 0.004865, -0.004865, -0.072057, -0.006153, 
12.088000, 0.999350, -0.036050, -0.000013, 0.000237, 0.000009, 0.134933, 0.038943, -0.006176, -0.000003, 0.000045, 0.000083, -0.665527, 9.787478, 0.004783, -0.004783, -0.072115, -0.006176, 
12.098000, 0.999349, -0.036079, -0.000013, 0.000237, 0.000009, 0.134635, 0.038943, -0.006199, -0.000003, 0.000045, 0.000083, -0.665944, 9.787450, 0.004700, -0.004700, -0.072174, -0.006199, 
12.108000, 0.999348, -0.036108, -0.000013, 0.000238, 0.000009, 0.134342, 0.038943, -0.006222, -0.000003, 0.000045, 0.000083, -0.666364, 9.787422, 0.004617, -0.004617, -0.072233, -0.006222, 
12.118000, 0.999347, -0.036138, -0.000013, 0.000238, 0.000009, 0.134054, 0.038943, -0.006246, -0.000003, 0.000045, 0.000083, -0.666785, 9.787394, 0.004534, -0.004534, -0.072291, -0.006246, 
12.128000, 0.999346, -0.036167, -0.000013, 0.000238, 0.000009, 0.133770, 0.038943, -0.006269, -0.000003, 0.000046, 0.000083, -0.667207, 9.787366, 0.004450, -0.004450, -0.072351, -0.006269, 
12.138000, 0.999345, -0.036197, -0.000013, 0.000238, 0.000010, 0.133491, 0.038943, -0.006292, -0.000003, 0.000046, 0.000083, -0.667631, 9.787338, 0.004366, -0.004366, -0.072410, -0.006292, 
12.148000, 0.999344, -0.036227, -0.000013, 0.000239, 0.000010, 0.133217, 0.038943, -0.006316, -0.000003, 0.000046, 0.000083, -0.668057, 9.787309, 0.004282, -0.004282, -0.072469, -0.006316, 
12.158000, 0.999342, -0.036257, -0.000013, 0.000239, 0.000010, 0.132947, 0.038943, -0.006339, -0.000003, 0.000046, 0.000083, -0.668484, 9.787281, 0.004197, -0.004197, -0.072529, -0.006339, 
12.168000, 0.999341, -0.036287, -0.000013, 0.000239, 0.000010, 0.132683, 0.038943, -0.006363, -0.000003, 0.000046, 0.000083, -0.668913, 9.787252, 0.004112, -0.004112, -0.072589, -0.006363, 
12.178000, 0.999340, -0.036317, -0.000013, 0.000239, 0.000010, 0.132423, 0.038943, -0.006387, -0.000003, 0.000047, 0.000083, -0.669343, 9.787223, 0.004027, -0.004027, -0.072650, -0.006387, 
12.188000, 0.999339, -0.036347, -0.000013, 0.000240, 0.000010, 0.132167, 0.038943, -0.006411, -0.000003, 0.000047, 0.000083, -0.669775, 9.787194, 0.003942, -0.003942, -0.072710, -0.006411, 
12.198000, 0.999338, -0.036377, -0.000013, 0.000240, 0.000010, 0.131917, 0.038943, -0.006435, -0.000003, 0.000047, 0.000083, -0.670209, 9.787165, 0.003856, -0.003856, -0.072771, -0.006435, 
12.208000, 0.999337, -0.036408, -0.000013, 0.000240, 0.000010, 0.131671, 0.038943, -0.006459, -0.000003, 0.000047, 0.000083, -0.670644, 9.787136, 0.003770, -0.003770, -0.072832, -0.006459, 
12.218000, 0.999336, -0.036438, -0.000013, 0.000240, 0.000011, 0.131430, 0.038943, -0.006483, -0.000003, 0.000047, 0.000083, -0.671081, 9.787107, 0.003683, -0.003683, -0.072893, -0.006483, 
12.228000, 0.999335, -0.036469, -0.000013, 0.000240, 0.000011, 0.131195, 0.038943, -0.006507, -0.000003, 0.000048, 0.000083, -0.671520, 9.787077, 0.003596, -0.003596, -0.072954, -0.006507, 
12.238000, 0.999334, -0.036500, -0.000013, 0.000241, 0.000011, 0.130963, 0.038943, -0.006532, -0.000003, 0.000048, 0.000083, -0.671960, 9.787048, 0.003509, -0.003509, -0.073016, -0.006532, 
12.248000, 0.999333, -0.036531, -0.000013, 0.000241, 0.000011, 0.130737, 0.038943, -0.006556, -0.000004, 0.000048, 0.000083, -0.672402, 9.787018, 0.003422, -0.003422, -0.073078, -0.006556, 
12.258000, 0.999331, -0.036562, -0.000013, 0.000241, 0.000011, 0.130516, 0.038943, -0.006581, -0.000004, 0.000048, 0.000083, -0.672845, 9.786988, 0.003334, -0.003334, -0.073140, -0.006581, 
12.268000, 0.999330, -0.036593, -0.000013, 0.000241, 0.000011, 0.130300, 0.038943, -0.006605, -0.000004, 0.000048, 0.000083, -0.673290, 9.786958, 0.003246, -0.003246, -0.073202, -0.006605, 
12.278000, 0.999329, -0.036624, -0.000013, 0.000242, 0.000011, 0.130088, 0.038943, -0.006630, -0.000004, 0.000049, 0.000083, -0.673737, 9.786928, 0.003157, -0.003157, -0.073264, -0.006630, 
12.288000, 0.999328, -0.036655, -0.000013, 0.000242, 0.000011, 0.129882, 0.038943, -0.006655, -0.000004, 0.000049, 0.000083, -0.674185, 9.786898, 0.003068, -0.003068, -0.073327, -0.006655, 
12.298000, 0.999327, -0.036687, -0.000013, 0.000242, 0.000011, 0.129680, 0.038943, -0.006679, -0.000004, 0.000049, 0.000083, -0.674636, 9.786868, 0.002979, -0.002979, -0.073390, -0.006679, 
12.308000, 0.999326, -0.036718, -0.000013, 0.000242, 0.000012, 0.129484, 0.038943, -0.006704, -0.000004, 0.000049, 0.000083, -0.675087, 9.786837, 0.002890, -0.002890, -0.073453, -0.006704, 
12.318000, 0.999324, -0.036750, -0.000013, 0.000243, 0.000012, 0.129293, 0.038943, -0.006730, -0.000004, 0.000049, 0.000083, -0.675541, 9.786807, 0.002800, -0.002800, -0.073517, -0.006730, 
12.328000, 0.999323, -0.036782, -0.000013, 0.000243, 0.000012, 0.129106, 0.038943, -0.006755, -0.000004, 0.000050, 0.000083, -0.675996, 9.786776, 0.002710, -0.002710, -0.073581, -0.006755, 
12.338000, 0.999322, -0.036814, -0.000013, 0.000243, 0.000012, 0.128925, 0.038943, -0.006780, -0.000004, 0.000050, 0.000082, -0.676453, 9.786745, 0.002619, -0.002619, -0.073645, -0.006780, 
12.348000, 0.999321, -0.036846, -0.000013, 0.000243, 0.000012, 0.128749, 0.038943, -0.006805, -0.000004, 0.000050, 0.000082, -0.676912, 9.786714, 0.002528, -0.002528, -0.073709, -0.006805, 
12.358000, 0.999320, -0.036878, -0.000013, 0.000244, 0.000012, 0.128577, 0.038943, -0.006831, -0.000004, 0.000050, 0.000082, -0.677372, 9.786683, 0.002437, -0.002437, -0.073773, -0.006831, 
12.368000, 0.999319, -0.036911, -0.000013, 0.000244, 0.000012, 0.128411, 0.038943, -0.006856, -0.000004, 0.000050, 0.000082, -0.677834, 9.786652, 0.002346, -0.002346, -0.073838, -0.006856, 
12.378000, 0.999317, -0.036943, -0.000013, 0.000244, 0.000012, 0.128251, 0.038943, -0.006882, -0.000004, 0.000051, 0.000082, -0.678298, 9.786620, 0.002254, -0.002254, -0.073903, -0.006882, 
12.388000, 0.999316, -0.036976, -0.000013, 0.000244, 0.000012, 0.128095, 0.038943, -0.006908, -0.000004, 0.000051, 0.000082, -0.678763, 9.786589, 0.002162, -0.002162, -0.073968, -0.006908, 
12.398000, 0.999315, -0.037008, -0.000013, 0.000245, 0.000012, 0.127944, 0.038943, -0.006933, -0.000004, 0.000051, 0.000082, -0.679230, 9.786557, 0.002069, -0.002069, -0.074033, -0.006933, 
12.408000, 0.999314, -0.037041, -0.000013, 0.000245, 0.000012, 0.127799, 0.038943, -0.006959, -0.000004, 0.000051, 0.000082, -0.679699, 9.786525, 0.001976, -0.001976, -0.074099, -0.006959, 
12.418000, 0.999312, -0.037074, -0.000013, 0.000245, 0.000012, 0.127659, 0.038943, -0.006985, -0.000004, 0.000052, 0.000082, -0.680170, 9.786493, 0.001883, -0.001883, -0.074165, -0.006985, 
12.428000, 0.999311, -0.037107, -0.000013, 0.000245, 0.000012, 0.127524, 0.038943, -0.007012, -0.000004, 0.000052, 0.000082, -0.680643, 9.786461, 0.001790, -0.001790, -0.074231, -0.007012, 
12.438000, 0.999310, -0.037140, -0.000013, 0.000246, 0.000013, 0.127394, 0.038943, -0.007038, -0.000004, 0.000052, 0.000082, -0.681117, 9.786429, 0.001696, -0.001696, -0.074297, -0.007038, 
12.448000, 0.999309, -0.037173, -0.000013, 0.000246, 0.000013, 0.127270, 0.038943, -0.007064, -0.000004, 0.000052, 0.000082, -0.681593, 9.786397, 0.001601, -0.001601, -0.074364, -0.007064, 
12.458000, 0.999308, -0.037207, -0.000013, 0.000246, 0.000013, 0.127151, 0.038943, -0.007090, -0.000004, 0.000052, 0.000082, -0.682071, 9.786364, 0.001507, -0.001507, -0.074431, -0.007090, 
12.468000, 0.999306, -0.037240, -0.000013, 0.000246, 0.000013, 0.127037, 0.038943, -0.007117, -0.000004, 0.000053, 0.000082, -0.682550, 9.786332, 0.001412, -0.001412, -0.074498, -0.007117, 
12.478000, 0.999305, -0.037274, -0.000013, 0.000247, 0.000013, 0.126928, 0.038943, -0.007144, -0.000004, 0.000053, 0.000082, -0.683032, 9.786299, 0.001316, -0.001316, -0.074565, -0.007144, 
12.488000, 0.999304, -0.037308, -0.000013, 0.000247, 0.000013, 0.126825, 0.038943, -0.007170, -0.000004, 0.000053, 0.000082, -0.683515, 9.786266, 0.001221, -0.001221, -0.074633, -0.007170, 
12.498000, 0.999303, -0.037342, -0.000013, 0.000247, 0.000013, 0.126727, 0.038943, -0.007197, -0.000004, 0.000053, 0.000082, -0.684000, 9.786233, 0.001125, -0.001125, -0.074701, -0.007197, 
12.508000, 0.999301, -0.037376, -0.000013, 0.000248, 0.000013, 0.126635, 0.038943, -0.007224, -0.000004, 0.000053, 0.000082, -0.684487, 9.786199, 0.001028, -0.001028, -0.074769, -0.007224, 
12.518000, 0.999300, -0.037410, -0.000013, 0.000248, 0.000013, 0.126548, 0.038943, -0.007251, -0.000004, 0.000054, 0.000082, -0.684975, 9.786166, 0.000931, -0.000931, -0.074837, -0.007251, 
12.528000, 0.999299, -0.037444, -0.000013, 0.000248, 0.000013, 0.126467, 0.038943, -0.007278, -0.000004, 0.000054, 0.000082, -0.685466, 9.786133, 0.000834, -0.000834, -0.074906, -0.007278, 
12.538000, 0.999297, -0.037479, -0.000013, 0.000248, 0.000013, 0.126390, 0.038943, -0.007305, -0.000004, 0.000054, 0.000082, -0.685958, 9.786099, 0.000737, -0.000737, -0.074975, -0.007305, 
12.548000, 0.999296, -0.037513, -0.000014, 0.000249, 0.000013, 0.126320, 0.038943, -0.007333, -0.000004, 0.000054, 0.000082, -0.686452, 9.786065, 0.000639, -0.000639, -0.075044, -0.007333, 
12.558000, 0.999295, -0.037548, -0.000014, 0.000249, 0.000013, 0.126255, 0.038943, -0.007360, -0.000004, 0.000055, 0.000082, -0.686948, 9.786031, 0.000541, -0.000541, -0.075113, -0.007360, 
12.568000, 0.999293, -0.037583, -0.000014, 0.000249, 0.000013, 0.126195, 0.038943, -0.007388, -0.000004, 0.000055, 0.000082, -0.687446, 9.785997, 0.000442, -0.000442, -0.075183, -0.007388, 
12.578000, 0.999292, -0.037618, -0.000014, 0.000249, 0.000013, 0.126141, 0.038943, -0.007415, -0.000004, 0.000055, 0.000082, -0.687945, 9.785963, 0.000343, -0.000343, -0.075253, -0.007415, 
12.588000, 0.999291, -0.037653, -0.000014, 0.000250, 0.000013, 0.126093, 0.038943, -0.007443, -0.000004, 0.000055, 0.000082, -0.688447, 9.785928, 0.000244, -0.000244, -0.075323, -0.007443, 
12.598000, 0.999290, -0.037688, -0.000014, 0.000250, 0.000013, 0.126050, 0.038943, -0.007471, -0.000004, 0.000055, 0.000082, -0.688950, 9.785894, 0.000144, -0.000144, -0.075394, -0.007471, 
12.608000, 0.999288, -0.037723, -0.000014, 0.000250, 0.000013, 0.126012, 0.038943, -0.007499, -0.000004, 0.000056, 0.000082, -0.689456, 9.785859, 0.000044, -0.000044, -0.075464, -0.007499, 
12.618000, 0.999287, -0.037759, -0.000014, 0.000251, 0.000013, 0.125981, 0.038943, -0.007527, -0.000004, 0.000056, 0.000082, -0.689963, 9.785824, -0.000056, 0.000056, -0.075535, -0.007527, 
12.628000, 0.999286, -0.037794, -0.000014, 0.000251, 0.000013, 0.125954, 0.038943, -0.007555, -0.000004, 0.000056, 0.000082, -0.690472, 9.785789, -0.000157, 0.000157, -0.075607, -0.007555, 
12.638000, 0.999284, -0.037830, -0.000014, 0.000251, 0.000013, 0.125934, 0.038943, -0.007583, -0.000004, 0.000056, 0.000082, -0.690983, 9.785754, -0.000258, 0.000258, -0.075678, -0.007583, 
12.648000, 0.999283, -0.037866, -0.000014, 0.000251, 0.000013, 0.125919, 0.038943, -0.007612, -0.000004, 0.000057, 0.000082, -0.691496, 9.785719, -0.000360, 0.000360, -0.075750, -0.007612, 
12.658000, 0.999281, -0.037902, -0.000014, 0.000252, 0.000013, 0.125910, 0.038943, -0.007640, -0.000004, 0.000057, 0.000082, -0.692010, 9.785683, -0.000462, 0.000462, -0.075822, -0.007640, 
12.668000, 0.999280, -0.037938, -0.000014, 0.000252, 0.000013, 0.125907, 0.038943, -0.007669, -0.000004, 0.000057, 0.000082, -0.692527, 9.785648, -0.000564, 0.000564, -0.075894, -0.007669, 
12.678000, 0.999279, -0.037974, -0.000014, 0.000252, 0.000013, 0.125909, 0.038943, -0.007697, -0.000004, 0.000057, 0.000081, -0.693046, 9.785612, -0.000667, 0.000667, -0.075967, -0.007697, 
12.688000, 0.999277, -0.038011, -0.000014, 0.000253, 0.000013, 0.125917, 0.038943, -0.007726, -0.000004, 0.000057, 0.000081, -0.693566, 9.785576, -0.000770, 0.000770, -0.076040, -0.007726, 
12.698000, 0.999276, -0.038047, -0.000014, 0.000253, 0.000013, 0.125931, 0.038943, -0.007755, -0.000004, 0.000058, 0.000081, -0.694089, 9.785540, -0.000874, 0.000874, -0.076113, -0.007755, 
12.708000, 0.999275, -0.038084, -0.000014, 0.000253, 0.000013, 0.125951, 0.038943, -0.007784, -0.000004, 0.000058, 0.000081, -0.694613, 9.785503, -0.000978, 0.000978, -0.076186, -0.007784, 
12.718000, 0.999273, -0.038121, -0.000014, 0.000253, 0.000013, 0.125977, 0.038943, -0.007813, -0.000004, 0.000058, 0.000081, -0.695140, 9.785467, -0.001082, 0.001082, -0.076260, -0.007813, 
12.728000, 0.999272, -0.038158, -0.000014, 0.000254, 0.000013, 0.126008, 0.038943, -0.007842, -0.000004, 0.000058, 0.000081, -0.695668, 9.785430, -0.001186, 0.001186, -0.076334, -0.007842, 
12.738000, 0.999270, -0.038195, -0.000014, 0.000254, 0.000013, 0.126046, 0.038943, -0.007872, -0.000004, 0.000059, 0.000081, -0.696199, 9.785394, -0.001292, 0.001292, -0.076408, -0.007872, 
12.748000, 0.999269, -0.038232, -0.000014, 0.000254, 0.000013, 0.126089, 0.038943, -0.007901, -0.000005, 0.000059, 0.000081, -0.696731, 9.785357, -0.001397, 0.001397, -0.076483, -0.007901, 
12.758000, 0.999267, -0.038269, -0.000014, 0.000255, 0.000013, 0.126138, 0.038943, -0.007930, -0.000005, 0.000059, 0.000081, -0.697265, 9.785320, -0.001503, 0.001503, -0.076558, -0.007930, 
12.768000, 0.999266, -0.038307, -0.000014, 0.000255, 0.000013, 0.126193, 0.038943, -0.007960, -0.000005, 0.000059, 0.000081, -0.697802, 9.785282, -0.001609, 0.001609, -0.076633, -0.007960, 
12.778000, 0.999265, -0.038345, -0.000014, 0.000255, 0.000013, 0.126254, 0.038943, -0.007990, -0.000005, 0.000060, 0.000081, -0.698340, 9.785245, -0.001716, 0.001716, -0.076708, -0.007990, 
12.788000, 0.999263, -0.038382, -0.000014, 0.000255, 0.000013, 0.126321, 0.038943, -0.008020, -0.000005, 0.000060, 0.000081, -0.698880, 9.785207, -0.001823, 0.001823, -0.076784, -0.008020, 
12.798000, 0.999262, -0.038420, -0.000014, 0.000256, 0.000013, 0.126394, 0.038943, -0.008050, -0.000005, 0.000060, 0.000081, -0.699423, 9.785170, -0.001930, 0.001930, -0.076860, -0.008050, 
12.808000, 0.999260, -0.038458, -0.000014, 0.000256, 0.000013, 0.126473, 0.038943, -0.008080, -0.000005, 0.000060, 0.000081, -0.699967, 9.785132, -0.002038, 0.002038, -0.076936, -0.008080, 
12.818000, 0.999259, -0.038497, -0.000014, 0.000256, 0.000013, 0.126558, 0.038943, -0.008110, -0.000005, 0.000061, 0.000081, -0.700514, 9.785094, -0.002146, 0.002146, -0.077012, -0.008110, 
12.828000, 0.999257, -0.038535, -0.000014, 0.000257, 0.000013, 0.126650, 0.038943, -0.008140, -0.000005, 0.000061, 0.000081, -0.701062, 9.785055, -0.002255, 0.002255, -0.077089, -0.008140, 
12.838000, 0.999256, -0.038573, -0.000014, 0.000257, 0.000013, 0.126747, 0.038943, -0.008171, -0.000005, 0.000061, 0.000081, -0.701613, 9.785017, -0.002364, 0.002364, -0.077166, -0.008171, 
12.848000, 0.999254, -0.038612, -0.000014, 0.000257, 0.000013, 0.126850, 0.038943, -0.008201, -0.000005, 0.000061, 0.000081, -0.702165, 9.784978, -0.002473, 0.002473, -0.077243, -0.008201, 
12.858000, 0.999253, -0.038651, -0.000014, 0.000258, 0.000013, 0.126960, 0.038943, -0.008232, -0.000005, 0.000061, 0.000081, -0.702720, 9.784939, -0.002583, 0.002583, -0.077321, -0.008232, 
12.868000, 0.999251, -0.038690, -0.000014, 0.000258, 0.000013, 0.127075, 0.038943, -0.008263, -0.000005, 0.000062, 0.000081, -0.703277, 9.784901, -0.002694, 0.002694, -0.077399, -0.008263, 
12.878000, 0.999250, -0.038729, -0.000014, 0.000258, 0.000013, 0.127197, 0.038943, -0.008294, -0.000005, 0.000062, 0.000081, -0.703835, 9.784861, -0.002804, 0.002804, -0.077477, -0.008294, 
12.888000, 0.999248, -0.038768, -0.000014, 0.000258, 0.000013, 0.127325, 0.038943, -0.008325, -0.000005, 0.000062, 0.000081, -0.704396, 9.784822, -0.002915, 0.002915, -0.077556, -0.008325, 
12.898000, 0.999247, -0.038808, -0.000014, 0.000259, 0.000012, 0.127460, 0.038943, -0.008356, -0.000005, 0.000062, 0.000081, -0.704959, 9.784783, -0.003027, 0.003027, -0.077635, -0.008356, 
12.908000, 0.999245, -0.038847, -0.000014, 0.000259, 0.000012, 0.127600, 0.038943, -0.008387, -0.000005, 0.000063, 0.000081, -0.705524, 9.784743, -0.003139, 0.003139, -0.077714, -0.008387, 
12.918000, 0.999244, -0.038887, -0.000014, 0.000259, 0.000012, 0.127747, 0.038943, -0.008418, -0.000005, 0.000063, 0.000081, -0.706092, 9.784703, -0.003251, 0.003251, -0.077793, -0.008418, 
12.928000, 0.999242, -0.038927, -0.000014, 0.000260, 0.000012, 0.127900, 0.038943, -0.008450, -0.000005, 0.000063, 0.000080, -0.706661, 9.784663, -0.003364, 0.003364, -0.077873, -0.008450, 
12.938000, 0.999240, -0.038967, -0.000014, 0.000260, 0.000012, 0.128060, 0.038943, -0.008482, -0.000005, 0.000063, 0.000080, -0.707232, 9.784623, -0.003477, 0.003477, -0.077953, -0.008482, 
12.948000, 0.999239, -0.039007, -0.000014, 0.000260, 0.000012, 0.128226, 0.038943, -0.008513, -0.000005, 0.000064, 0.000080, -0.707806, 9.784583, -0.003591, 0.003591, -0.078033, -0.008513, 
12.958000, 0.999237, -0.039047, -0.000014, 0.000261, 0.000012, 0.128398, 0.038943, -0.008545, -0.000005, 0.000064, 0.000080, -0.708382, 9.784542, -0.003705, 0.003705, -0.078114, -0.008545, 
12.968000, 0.999236, -0.039087, -0.000014, 0.000261, 0.000012, 0.128577, 0.038943, -0.008577, -0.000005, 0.000064, 0.000080, -0.708959, 9.784501, -0.003819, 0.003819, -0.078195, -0.008577, 
12.978000, 0.999234, -0.039128, -0.000014, 0.000261, 0.000012, 0.128762, 0.038943, -0.008609, -0.000005, 0.000064, 0.000080, -0.709539, 9.784461, -0.003934, 0.003934, -0.078276, -0.008609, 
12.988000, 0.999233, -0.039169, -0.000014, 0.000262, 0.000012, 0.128953, 0.038943, -0.008641, -0.000005, 0.000065, 0.000080, -0.710122, 9.784419, -0.004049, 0.004049, -0.078357, -0.008641, 
12.998000, 0.999231, -0.039209, -0.000014, 0.000262, 0.000012, 0.129151, 0.038943, -0.008674, -0.000005, 0.000065, 0.000080, -0.710706, 9.784378, -0.004165, 0.004165, -0.078439, -0.008674, 
13.008000, 0.999229, -0.039251, -0.000014, 0.000262, 0.000011, 0.129356, 0.038943, -0.008706, -0.000005, 0.000065, 0.000080, -0.711293, 9.784337, -0.004281, 0.004281, -0.078521, -0.008706, 
13.018000, 0.999228, -0.039292, -0.000015, 0.000263, 0.000011, 0.129567, 0.038943, -0.008739, -0.000005, 0.000065, 0.000080, -0.711881, 9.784295, -0.004398, 0.004398, -0.078604, -0.008739, 
13.028000, 0.999226, -0.039333, -0.000015, 0.000263, 0.000011, 0.129784, 0.038943, -0.008771, -0.000005, 0.000066, 0.000080, -0.712472, 9.784253, -0.004515, 0.004515, -0.078686, -0.008771, 
13.038000, 0.999224, -0.039375, -0.000015, 0.000263, 0.000011, 0.130008, 0.038943, -0.008804, -0.000005, 0.000066, 0.000080, -0.713065, 9.784211, -0.004633, 0.004633, -0.078769, -0.008804, 
13.048000, 0.999223, -0.039416, -0.000015, 0.000264, 0.000011, 0.130239, 0.038943, -0.008837, -0.000005, 0.000066, 0.000080, -0.713661, 9.784169, -0.004750, 0.004750, -0.078853, -0.008837, 
13.058000, 0.999221, -0.039458, -0.000015, 0.000264, 0.000011, 0.130476, 0.038943, -0.008870, -0.000005, 0.000066, 0.000080, -0.714258, 9.784127, -0.004869, 0.004869, -0.078936, -0.008870, 
13.068000, 0.999220, -0.039500, -0.000015, 0.000264, 0.000011, 0.130720, 0.038943, -0.008903, -0.000005, 0.000067, 0.000080, -0.714858, 9.784084, -0.004988, 0.004988, -0.079020, -0.008903, 
13.078000, 0.999218, -0.039542, -0.000015, 0.000265, 0.000011, 0.130971, 0.038943, -0.008936, -0.000005, 0.000067, 0.000080, -0.715460, 9.784041, -0.005107, 0.005107, -0.079105, -0.008936, 
13.088000, 0.999216, -0.039584, -0.000015, 0.000265, 0.000010, 0.131228, 0.038943, -0.008970, -0.000005, 0.000067, 0.000080, -0.716065, 9.783998, -0.005227, 0.005227, -0.079189, -0.008970, 
13.098000, 0.999215, -0.039627, -0.000015, 0.000265, 0.000010, 0.131492, 0.038943, -0.009003, -0.000005, 0.000067, 0.000080, -0.716671, 9.783955, -0.005347, 0.005347, -0.079274, -0.009003, 
13.108000, 0.999213, -0.039669, -0.000015, 0.000266, 0.000010, 0.131763, 0.038943, -0.009037, -0.000005, 0.000068, 0.000080, -0.717280, 9.783912, -0.005467, 0.005467, -0.079359, -0.009037, 
13.118000, 0.999211, -0.039712, -0.000015, 0.000266, 0.000010, 0.132041, 0.038943, -0.009071, -0.000005, 0.000068, 0.000080, -0.717891, 9.783868, -0.005588, 0.005588, -0.079445, -0.009071, 
13.128000, 0.999209, -0.039755, -0.000015, 0.000266, 0.000010, 0.132325, 0.038943, -0.009105, -0.000005, 0.000068, 0.000079, -0.718504, 9.783825, -0.005710, 0.005710, -0.079531, -0.009105, 
13.138000, 0.999208, -0.039798, -0.000015, 0.000267, 0.000010, 0.132616, 0.038943, -0.009139, -0.000005, 0.000069, 0.000079, -0.719120, 9.783781, -0.005832, 0.005832, -0.079617, -0.009139, 
13.148000, 0.999206, -0.039841, -0.000015, 0.000267, 0.000010, 0.132914, 0.038943, -0.009173, -0.000005, 0.000069, 0.000079, -0.719738, 9.783736, -0.005954, 0.005954, -0.079704, -0.009173, 
13.158000, 0.999204, -0.039885, -0.000015, 0.000267, 0.000009, 0.133219, 0.038943, -0.009207, -0.000006, 0.000069, 0.000079, -0.720358, 9.783692, -0.006077, 0.006077, -0.079790, -0.009207, 
13.168000, 0.999203, -0.039928, -0.000015, 0.000268, 0.000009, 0.133531, 0.038943, -0.009242, -0.000006, 0.000069, 0.000079, -0.720981, 9.783648, -0.006201, 0.006201, -0.079878, -0.009242, 
13.178000, 0.999201, -0.039972, -0.000015, 0.000268, 0.000009, 0.133850, 0.038943, -0.009276, -0.000006, 0.000070, 0.000079, -0.721606, 9.783603, -0.006324, 0.006324, -0.079965, -0.009276, 
13.188000, 0.999199, -0.040016, -0.000015, 0.000268, 0.000009, 0.134175, 0.038943, -0.009311, -0.000006, 0.000070, 0.000079, -0.722233, 9.783558, -0.006449, 0.006449, -0.080053, -0.009311, 
13.198000, 0.999197, -0.040060, -0.000015, 0.000269, 0.000009, 0.134508, 0.038943, -0.009346, -0.000006, 0.000070, 0.000079, -0.722863, 9.783513, -0.006573, 0.006573, -0.080141, -0.009346, 
13.208000, 0.999195, -0.040104, -0.000015, 0.000269, 0.000009, 0.134848, 0.038943, -0.009381, -0.000006, 0.000070, 0.000079, -0.723495, 9.783467, -0.006699, 0.006699, -0.080229, -0.009381, 
13.218000, 0.999194, -0.040148, -0.000015, 0.000269, 0.000008, 0.135194, 0.038943, -0.009416, -0.000006, 0.000071, 0.000079, -0.724129, 9.783422, -0.006824, 0.006824, -0.080318, -0.009416, 
13.228000, 0.999192, -0.040193, -0.000015, 0.000270, 0.000008, 0.135548, 0.038943, -0.009451, -0.000006, 0.000071, 0.000079, -0.724766, 9.783376, -0.006950, 0.006950, -0.080407, -0.009451, 
13.238000, 0.999190, -0.040238, -0.000015, 0.000270, 0.000008, 0.135909, 0.038943, -0.009486, -0.000006, 0.000071, 0.000079, -0.725405, 9.783330, -0.007077, 0.007077, -0.080497, -0.009486, 
13.248000, 0.999188, -0.040282, -0.000015, 0.000270, 0.000008, 0.136277, 0.038943, -0.009522, -0.000006, 0.000071, 0.000079, -0.726046, 9.783284, -0.007204, 0.007204, -0.080587, -0.009522, 
13.258000, 0.999186, -0.040327, -0.000015, 0.000271, 0.000008, 0.136652, 0.038943, -0.009557, -0.000006, 0.000072, 0.000079, -0.726690, 9.783238, -0.007332, 0.007332, -0.080677, -0.009557, 
13.268000, 0.999185, -0.040373, -0.000015, 0.000271, 0.000007, 0.137034, 0.038943, -0.009593, -0.000006, 0.000072, 0.000079, -0.727336, 9.783191, -0.007460, 0.007460, -0.080767, -0.009593, 
13.278000, 0.999183, -0.040418, -0.000015, 0.000272, 0.000007, 0.137423, 0.038943, -0.009629, -0.000006, 0.000072, 0.000079, -0.727985, 9.783144, -0.007588, 0.007588, -0.080858, -0.009629, 
13.288000, 0.999181, -0.040464, -0.000015, 0.000272, 0.000007, 0.137820, 0.038943, -0.009665, -0.000006, 0.000072, 0.000078, -0.728636, 9.783097, -0.007717, 0.007717, -0.080949, -0.009665, 
13.298000, 0.999179, -0.040509, -0.000015, 0.000272, 0.000007, 0.138224, 0.038943, -0.009701, -0.000006, 0.000073, 0.000078, -0.729290, 9.783050, -0.007847, 0.007847, -0.081041, -0.009701, 
13.308000, 0.999177, -0.040555, -0.000015, 0.000273, 0.000007, 0.138635, 0.038943, -0.009737, -0.000006, 0.000073, 0.000078, -0.729946, 9.783002, -0.007977, 0.007977, -0.081133, -0.009737, 
13.318000, 0.999175, -0.040601, -0.000015, 0.000273, 0.000006, 0.139053, 0.038943, -0.009774, -0.000006, 0.000073, 0.000078, -0.730604, 9.782955, -0.008107, 0.008107, -0.081225, -0.009774, 
13.328000, 0.999174, -0.040647, -0.000015, 0.000273, 0.000006, 0.139479, 0.038943, -0.009810, -0.000006, 0.000073, 0.000078, -0.731265, 9.782907, -0.008238, 0.008238, -0.081317, -0.009810, 
13.338000, 0.999172, -0.040694, -0.000015, 0.000274, 0.000006, 0.139912, 0.038943, -0.009847, -0.000006, 0.000074, 0.000078, -0.731928, 9.782859, -0.008369, 0.008369, -0.081410, -0.009847, 
13.348000, 0.999170, -0.040740, -0.000015, 0.000274, 0.000006, 0.140352, 0.038943, -0.009884, -0.000006, 0.000074, 0.000078, -0.732594, 9.782810, -0.008501, 0.008501, -0.081503, -0.009884, 
13.358000, 0.999168, -0.040787, -0.000015, 0.000274, 0.000005, 0.140800, 0.038943, -0.009921, -0.000006, 0.000074, 0.000078, -0.733262, 9.782762, -0.008634, 0.008634, -0.081597, -0.009921, 
13.368000, 0.999166, -0.040834, -0.000015, 0.000275, 0.000005, 0.141255, 0.038943, -0.009958, -0.000006, 0.000074, 0.000078, -0.733933, 9.782713, -0.008767, 0.008767, -0.081691, -0.009958, 
13.378000, 0.999164, -0.040881, -0.000015, 0.000275, 0.000005, 0.141718, 0.038943, -0.009995, -0.000006, 0.000075, 0.000078, -0.734606, 9.782664, -0.008900, 0.008900, -0.081785, -0.009995, 
13.388000, 0.999162, -0.040928, -0.000015, 0.000276, 0.000005, 0.142188, 0.038943, -0.010033, -0.000006, 0.000075, 0.000078, -0.735282, 9.782615, -0.009034, 0.009034, -0.081880, -0.010033, 
13.398000, 0.999160, -0.040976, -0.000015, 0.000276, 0.000004, 0.142666, 0.038943, -0.010070, -0.000006, 0.000075, 0.000078, -0.735961, 9.782565, -0.009168, 0.009168, -0.081975, -0.010070, 
13.408000, 0.999158, -0.041024, -0.000016, 0.000276, 0.000004, 0.143151, 0.038943, -0.010108, -0.000006, 0.000075, 0.000078, -0.736642, 9.782516, -0.009303, 0.009303, -0.082070, -0.010108, 
13.418000, 0.999156, -0.041071, -0.000016, 0.000277, 0.000004, 0.143644, 0.038943, -0.010146, -0.000006, 0.000076, 0.000078, -0.737325, 9.782466, -0.009439, 0.009439, -0.082166, -0.010146, 
13.428000, 0.999154, -0.041119, -0.000016, 0.000277, 0.000003, 0.144144, 0.038943, -0.010183, -0.000006, 0.000076, 0.000078, -0.738011, 9.782416, -0.009574, 0.009574, -0.082262, -0.010183, 
13.438000, 0.999152, -0.041167, -0.000016, 0.000277, 0.000003, 0.144652, 0.038943, -0.010222, -0.000006, 0.000076, 0.000077, -0.738699, 9.782365, -0.009711, 0.009711, -0.082358, -0.010222, 
13.448000, 0.999150, -0.041216, -0.000016, 0.000278, 0.000003, 0.145168, 0.038943, -0.010260, -0.000006, 0.000076, 0.000077, -0.739391, 9.782315, -0.009848, 0.009848, -0.082455, -0.010260, 
13.458000, 0.999148, -0.041264, -0.000016, 0.000278, 0.000003, 0.145692, 0.038943, -0.010298, -0.000006, 0.000077, 0.000077, -0.740084, 9.782264, -0.009985, 0.009985, -0.082552, -0.010298, 
13.468000, 0.999146, -0.041313, -0.000016, 0.000279, 0.000002, 0.146223, 0.038943, -0.010337, -0.000006, 0.000077, 0.000077, -0.740780, 9.782213, -0.010123, 0.010123, -0.082650, -0.010337, 
13.478000, 0.999144, -0.041362, -0.000016, 0.000279, 0.000002, 0.146761, 0.038943, -0.010375, -0.000006, 0.000077, 0.000077, -0.741479, 9.782162, -0.010262, 0.010262, -0.082747, -0.010375, 
13.488000, 0.999142, -0.041411, -0.000016, 0.000279, 0.000002, 0.147308, 0.038943, -0.010414, -0.000006, 0.000077, 0.000077, -0.742181, 9.782110, -0.010401, 0.010401, -0.082846, -0.010414, 
13.498000, 0.999140, -0.041460, -0.000016, 0.000280, 0.000001, 0.147862, 0.038943, -0.010453, -0.000006, 0.000077, 0.000077, -0.742885, 9.782058, -0.010540, 0.010540, -0.082944, -0.010453, 
13.508000, 0.999138, -0.041510, -0.000016, 0.000280, 0.000001, 0.148425, 0.038943, -0.010492, -0.000006, 0.000078, 0.000077, -0.743592, 9.782006, -0.010680, 0.010680, -0.083043, -0.010492, 
13.518000, 0.999136, -0.041559, -0.000016, 0.000281, 0.000001, 0.148995, 0.038943, -0.010531, -0.000006, 0.000078, 0.000077, -0.744301, 9.781954, -0.010821, 0.010821, -0.083143, -0.010531, 
13.528000, 0.999134, -0.041609, -0.000016, 0.000281, 0.000000, 0.149573, 0.038943, -0.010571, -0.000007, 0.000078, 0.000077, -0.745013, 9.781902, -0.010962, 0.010962, -0.083242, -0.010571, 
13.538000, 0.999132, -0.041659, -0.000016, 0.000281, 0.000000, 0.150159, 0.038943, -0.010610, -0.000007, 0.000078, 0.000077, -0.745728, 9.781849, -0.011103, 0.011103, -0.083342, -0.010610, 
13.548000, 0.999130, -0.041709, -0.000016, 0.000282, -0.000000, 0.150753, 0.038943, -0.010650, -0.000007, 0.000079, 0.000077, -0.746445, 9.781796, -0.011246, 0.011246, -0.083443, -0.010650, 
13.558000, 0.999128, -0.041760, -0.000016, 0.000282, -0.000001, 0.151354, 0.038943, -0.010690, -0.000007, 0.000079, 0.000077, -0.747165, 9.781743, -0.011388, 0.011388, -0.083544, -0.010690, 
13.568000, 0.999126, -0.041810, -0.000016, 0.000282, -0.000001, 0.151964, 0.038943, -0.010730, -0.000007, 0.000079, 0.000076, -0.747888, 9.781689, -0.011531, 0.011531, -0.083645, -0.010730, 
13.578000, 0.999123, -0.041861, -0.000016, 0.000283, -0.000001, 0.152582, 0.038943, -0.010770, -0.000007, 0.000079, 0.000076, -0.748613, 9.781636, -0.011675, 0.011675, -0.083746, -0.010770, 
13.588000, 0.999121, -0.041912, -0.000016, 0.000283, -0.000002, 0.153208, 0.038943, -0.010810, -0.000007, 0.000079, 0.000076, -0.749341, 9.781582, -0.011819, 0.011819, -0.083848, -0.010810, 
13.598000, 0.999119, -0.041963, -0.000016, 0.000284, -0.000002, 0.153842, 0.038943, -0.010850, -0.000007, 0.000080, 0.000076, -0.750072, 9.781527, -0.011964, 0.011964, -0.083951, -0.010850, 
13.608000, 0.999117, -0.042014, -0.000016, 0.000284, -0.000002, 0.154484, 0.038943, -0.010891, -0.000007, 0.000080, 0.000076, -0.750806, 9.781473, -0.012110, 0.012110, -0.084053, -0.010891, 
13.618000, 0.999115, -0.042066, -0.000016, 0.000284, -0.000003, 0.155134, 0.038943, -0.010932, -0.000007, 0.000080, 0.000076, -0.751542, 9.781418, -0.012256, 0.012256, -0.084157, -0.010932, 
13.628000, 0.999113, -0.042118, -0.000016, 0.000285, -0.000003, 0.155793, 0.038943, -0.010973, -0.000007, 0.000080, 0.000076, -0.752281, 9.781363, -0.012402, 0.012402, -0.084260, -0.010973, 
13.638000, 0.999110, -0.042169, -0.000016, 0.000285, -0.000003, 0.156460, 0.038943, -0.011014, -0.000007, 0.000080, 0.000076, -0.753023, 9.781308, -0.012549, 0.012549, -0.084364, -0.011014, 
13.648000, 0.999108, -0.042222, -0.000016, 0.000286, -0.000004, 0.157135, 0.038943, -0.011055, -0.000007, 0.000081, 0.000076, -0.753768, 9.781253, -0.012696, 0.012696, -0.084468, -0.011055, 
13.658000, 0.999106, -0.042274, -0.000016, 0.000286, -0.000004, 0.157818, 0.038943, -0.011096, -0.000007, 0.000081, 0.000076, -0.754515, 9.781197, -0.012845, 0.012845, -0.084573, -0.011096, 
13.668000, 0.999104, -0.042326, -0.000016, 0.000286, -0.000005, 0.158509, 0.038943, -0.011138, -0.000007, 0.000081, 0.000076, -0.755265, 9.781141, -0.012993, 0.012993, -0.084678, -0.011138, 
13.678000, 0.999102, -0.042379, -0.000016, 0.000287, -0.000005, 0.159209, 0.038943, -0.011179, -0.000007, 0.000081, 0.000076, -0.756018, 9.781085, -0.013142, 0.013142, -0.084783, -0.011179, 
13.688000, 0.999099, -0.042432, -0.000016, 0.000287, -0.000005, 0.159918, 0.038943, -0.011221, -0.000007, 0.000081, 0.000075, -0.756774, 9.781028, -0.013292, 0.013292, -0.084889, -0.011221, 
13.698000, 0.999097, -0.042485, -0.000016, 0.000288, -0.000006, 0.160634, 0.038943, -0.011263, -0.000007, 0.000081, 0.000075, -0.757533, 9.780972, -0.013442, 0.013442, -0.084995, -0.011263, 
13.708000, 0.999095, -0.042538, -0.000016, 0.000288, -0.000006, 0.161359, 0.038943, -0.011305, -0.000007, 0.000082, 0.000075, -0.758294, 9.780914, -0.013593, 0.013593, -0.085102, -0.011305, 
13.718000, 0.999093, -0.042592, -0.000016, 0.000289, -0.000007, 0.162093, 0.038943, -0.011347, -0.000007, 0.000082, 0.000075, -0.759058, 9.780857, -0.013745, 0.013745, -0.085209, -0.011347, 
13.728000, 0.999090, -0.042645, -0.000017, 0.000289, -0.000007, 0.162835, 0.038943, -0.011390, -0.000007, 0.000082, 0.000075, -0.759825, 9.780800, -0.013897, 0.013897, -0.085316, -0.011390, 
13.738000, 0.999088, -0.042699, -0.000017, 0.000289, -0.000008, 0.163586, 0.038943, -0.011433, -0.000007, 0.000082, 0.000075, -0.760595, 9.780742, -0.014049, 0.014049, -0.085424, -0.011433, 
13.748000, 0.999086, -0.042753, -0.000017, 0.000290, -0.000008, 0.164345, 0.038943, -0.011475, -0.000007, 0.000082, 0.000075, -0.761368, 9.780684, -0.014203, 0.014203, -0.085532, -0.011475, 
13.758000, 0.999083, -0.042807, -0.000017, 0.000290, -0.000008, 0.165113, 0.038943, -0.011518, -0.000007, 0.000082, 0.000075, -0.762144, 9.780625, -0.014356, 0.014356, -0.085641, -0.011518, 
13.768000, 0.999081, -0.042862, -0.000017, 0.000291, -0.000009, 0.165889, 0.038943, -0.011561, -0.000007, 0.000083, 0.000075, -0.762923, 9.780567, -0.014511, 0.014511, -0.085750, -0.011561, 
13.778000, 0.999079, -0.042917, -0.000017, 0.000291, -0.000009, 0.166674, 0.038943, -0.011604, -0.000007, 0.000083, 0.000075, -0.763704, 9.780508, -0.014665, 0.014665, -0.085860, -0.011604, 
13.788000, 0.999076, -0.042971, -0.000017, 0.000291, -0.000010, 0.167468, 0.038943, -0.011648, -0.000007, 0.000083, 0.000075, -0.764489, 9.780449, -0.014821, 0.014821, -0.085969, -0.011648, 
13.798000, 0.999074, -0.043027, -0.000017, 0.000292, -0.000010, 0.168270, 0.038943, -0.011691, -0.000007, 0.000083, 0.000074, -0.765276, 9.780389, -0.014977, 0.014977, -0.086080, -0.011691, 
13.808000, 0.999072, -0.043082, -0.000017, 0.000292, -0.000011, 0.169081, 0.038943, -0.011735, -0.000007, 0.000083, 0.000074, -0.766067, 9.780329, -0.015134, 0.015134, -0.086190, -0.011735, 
13.818000, 0.999069, -0.043137, -0.000017, 0.000293, -0.000011, 0.169901, 0.038943, -0.011779, -0.000007, 0.000083, 0.000074, -0.766860, 9.780269, -0.015291, 0.015291, -0.086302, -0.011779, 
13.828000, 0.999067, -0.043193, -0.000017, 0.000293, -0.000012, 0.170730, 0.038943, -0.011823, -0.000007, 0.000083, 0.000074, -0.767656, 9.780209, -0.015449, 0.015449, -0.086413, -0.011823, 
13.838000, 0.999064, -0.043249, -0.000017, 0.000293, -0.000012, 0.171568, 0.038943, -0.011867, -0.000007, 0.000084, 0.000074, -0.768455, 9.780148, -0.015607, 0.015607, -0.086525, -0.011867, 
13.848000, 0.999062, -0.043305, -0.000017, 0.000294, -0.000013, 0.172414, 0.038943, -0.011912, -0.000007, 0.000084, 0.000074, -0.769258, 9.780088, -0.015766, 0.015766, -0.086637, -0.011912, 
13.858000, 0.999059, -0.043361, -0.000017, 0.000294, -0.000013, 0.173270, 0.038943, -0.011956, -0.000007, 0.000084, 0.000074, -0.770063, 9.780026, -0.015925, 0.015925, -0.086750, -0.011956, 
13.868000, 0.999057, -0.043418, -0.000017, 0.000295, -0.000014, 0.174134, 0.038943, -0.012001, -0.000007, 0.000084, 0.000074, -0.770871, 9.779965, -0.016086, 0.016086, -0.086863, -0.012001, 
13.878000, 0.999054, -0.043475, -0.000017, 0.000295, -0.000014, 0.175008, 0.038943, -0.012046, -0.000007, 0.000084, 0.000074, -0.771682, 9.779903, -0.016246, 0.016246, -0.086977, -0.012046, 
13.888000, 0.999052, -0.043532, -0.000017, 0.000296, -0.000015, 0.175890, 0.038943, -0.012091, -0.000007, 0.000084, 0.000074, -0.772497, 9.779841, -0.016408, 0.016408, -0.087091, -0.012091, 
13.898000, 0.999050, -0.043589, -0.000017, 0.000296, -0.000015, 0.176782, 0.038943, -0.012136, -0.000007, 0.000084, 0.000074, -0.773314, 9.779779, -0.016570, 0.016570, -0.087205, -0.012136, 
13.908000, 0.999047, -0.043646, -0.000017, 0.000296, -0.000016, 0.177682, 0.038943, -0.012181, -0.000007, 0.000084, 0.000073, -0.774134, 9.779716, -0.016732, 0.016732, -0.087320, -0.012181, 
13.918000, 0.999044, -0.043704, -0.000017, 0.000297, -0.000016, 0.178592, 0.038943, -0.012227, -0.000007, 0.000084, 0.000073, -0.774958, 9.779653, -0.016895, 0.016895, -0.087436, -0.012227, 
13.928000, 0.999042, -0.043762, -0.000017, 0.000297, -0.000017, 0.179511, 0.038943, -0.012273, -0.000007, 0.000084, 0.000073, -0.775784, 9.779590, -0.017059, 0.017059, -0.087551, -0.012273, 
13.938000, 0.999039, -0.043820, -0.000017, 0.000298, -0.000017, 0.180439, 0.038943, -0.012318, -0.000007, 0.000085, 0.000073, -0.776614, 9.779527, -0.017224, 0.017224, -0.087668, -0.012318, 
13.948000, 0.999037, -0.043878, -0.000017, 0.000298, -0.000018, 0.181376, 0.038943, -0.012365, -0.000007, 0.000085, 0.000073, -0.777447, 9.779463, -0.017389, 0.017389, -0.087784, -0.012365, 
13.958000, 0.999034, -0.043936, -0.000017, 0.000299, -0.000019, 0.182323, 0.038943, -0.012411, -0.000007, 0.000085, 0.000073, -0.778282, 9.779399, -0.017554, 0.017554, -0.087901, -0.012411, 
13.968000, 0.999032, -0.043995, -0.000017, 0.000299, -0.000019, 0.183279, 0.038943, -0.012457, -0.000007, 0.000085, 0.000073, -0.779121, 9.779334, -0.017721, 0.017721, -0.088019, -0.012457, 
13.978000, 0.999029, -0.044054, -0.000017, 0.000299, -0.000020, 0.184244, 0.038943, -0.012504, -0.000007, 0.000085, 0.000073, -0.779963, 9.779270, -0.017887, 0.017887, -0.088137, -0.012504, 
13.988000, 0.999026, -0.044113, -0.000017, 0.000300, -0.000020, 0.185218, 0.038943, -0.012550, -0.000008, 0.000085, 0.000073, -0.780809, 9.779205, -0.018055, 0.018055, -0.088255, -0.012550, 
13.998000, 0.999024, -0.044173, -0.000017, 0.000300, -0.000021, 0.186202, 0.038943, -0.012597, -0.000008, 0.000085, 0.000073, -0.781657, 9.779139, -0.018223, 0.018223, -0.088374, -0.012597, 
14.008000, 0.999021, -0.044232, -0.000017, 0.000301, -0.000021, 0.187196, 0.038943, -0.012645, -0.000008, 0.000085, 0.000073, -0.782508, 9.779074, -0.018392, 0.018392, -0.088493, -0.012645, 
14.018000, 0.999019, -0.044292, -0.000018, 0.000301, -0.000022, 0.188199, 0.038943, -0.012692, -0.000008, 0.000085, 0.000072, -0.783363, 9.779008, -0.018561, 0.018561, -0.088613, -0.012692, 
14.028000, 0.999016, -0.044352, -0.000018, 0.000301, -0.000023, 0.189211, 0.038943, -0.012739, -0.000008, 0.000085, 0.000072, -0.784221, 9.778942, -0.018731, 0.018731, -0.088733, -0.012739, 
14.038000, 0.999013, -0.044412, -0.000018, 0.000302, -0.000023, 0.190233, 0.038943, -0.012787, -0.000008, 0.000085, 0.000072, -0.785082, 9.778875, -0.018902, 0.018902, -0.088854, -0.012787, 
14.048000, 0.999011, -0.044473, -0.000018, 0.000302, -0.000024, 0.191264, 0.038943, -0.012835, -0.000008, 0.000085, 0.000072, -0.785946, 9.778808, -0.019073, 0.019073, -0.088975, -0.012835, 
14.058000, 0.999008, -0.044533, -0.000018, 0.000303, -0.000025, 0.192305, 0.038943, -0.012883, -0.000008, 0.000085, 0.000072, -0.786814, 9.778741, -0.019245, 0.019245, -0.089096, -0.012883, 
14.068000, 0.999005, -0.044594, -0.000018, 0.000303, -0.000025, 0.193356, 0.038943, -0.012931, -0.000008, 0.000085, 0.000072, -0.787685, 9.778673, -0.019418, 0.019418, -0.089218, -0.012931, 
14.078000, 0.999002, -0.044655, -0.000018, 0.000304, -0.000026, 0.194417, 0.038943, -0.012979, -0.000008, 0.000086, 0.000072, -0.788559, 9.778606, -0.019591, 0.019591, -0.089340, -0.012979, 
14.088000, 0.999000, -0.044717, -0.000018, 0.000304, -0.000026, 0.195487, 0.038943, -0.013028, -0.000008, 0.000086, 0.000072, -0.789436, 9.778537, -0.019765, 0.019765, -0.089463, -0.013028, 
14.098000, 0.998997, -0.044778, -0.000018, 0.000304, -0.000027, 0.196567, 0.038943, -0.013076, -0.000008, 0.000086, 0.000072, -0.790317, 9.778469, -0.019939, 0.019939, -0.089587, -0.013076, 
14.108000, 0.998994, -0.044840, -0.000018, 0.000305, -0.000028, 0.197656, 0.038943, -0.013125, -0.000008, 0.000086, 0.000072, -0.791201, 9.778400, -0.020114, 0.020114, -0.089710, -0.013125, 
14.118000, 0.998991, -0.044902, -0.000018, 0.000305, -0.000028, 0.198756, 0.038943, -0.013174, -0.000008, 0.000086, 0.000072, -0.792088, 9.778331, -0.020290, 0.020290, -0.089835, -0.013174, 
14.128000, 0.998989, -0.044965, -0.000018, 0.000306, -0.000029, 0.199865, 0.038943, -0.013224, -0.000008, 0.000086, 0.000071, -0.792978, 9.778261, -0.020467, 0.020467, -0.089959, -0.013224, 
14.138000, 0.998986, -0.045027, -0.000018, 0.000306, -0.000030, 0.200985, 0.038943, -0.013273, -0.000008, 0.000086, 0.000071, -0.793872, 9.778192, -0.020644, 0.020644, -0.090085, -0.013273, 
14.148000, 0.998983, -0.045090, -0.000018, 0.000307, -0.000031, 0.202114, 0.038943, -0.013323, -0.000008, 0.000086, 0.000071, -0.794769, 9.778122, -0.030707, 0.030707, -0.090210, -0.013323, 
14.158000, 0.999036, -0.043908, -0.000018, 0.000307, -0.000031, 0.203344, 0.038943, 0.369899, 0.000006, -0.000020, 0.000080, 0.317203, 9.874803, -0.025735, 0.025735, -0.087843, 0.369899, 
14.168000, 0.999115, -0.042050, -0.000017, 0.000307, -0.000032, 0.204631, 0.038943, 0.371423, 0.000001, 0.000006, 0.000063, -0.765902, 9.781696, -0.031225, 0.031225, -0.084125, 0.371423, 
14.178000, 0.999219, -0.039517, -0.000016, 0.000307, -0.000033, 0.205974, 0.038943, 0.579269, 0.000006, -0.000033, 0.000076, -0.126511, 9.831617, -0.028610, 0.028610, -0.079055, 0.579269, 
14.188000, 0.999330, -0.036604, -0.000015, 0.000307, -0.000034, 0.207350, 0.038943, 0.584702, 0.000001, -0.000010, 0.000069, -0.668729, 9.788153, -0.031489, 0.031489, -0.073224, 0.584702, 
14.198000, 0.999445, -0.033311, -0.000014, 0.000307, -0.000035, 0.208758, 0.038943, 0.699374, 0.000003, -0.000026, 0.000078, -0.300139, 9.812570, -0.030021, 0.030021, -0.066633, 0.699374, 
14.208000, 0.999556, -0.029796, -0.000013, 0.000306, -0.000035, 0.210185, 0.038943, 0.705937, 0.000000, -0.000013, 0.000075, -0.561216, 9.794108, -0.031443, 0.031443, -0.059601, 0.705937, 
14.218000, 0.999660, -0.026063, -0.000012, 0.000306, -0.000036, 0.211627, 0.038943, 0.770113, 0.000001, -0.000023, 0.000081, -0.337820, 9.806081, -0.030527, 0.030527, -0.052132, 0.770113, 
14.228000, 0.999754, -0.022198, -0.000011, 0.000306, -0.000037, 0.213078, 0.038943, 0.776419, 0.000000, -0.000021, 0.000080, -0.449188, 9.799502, -0.031123, 0.031123, -0.044399, 0.776419, 
14.238000, 0.999834, -0.018203, -0.000010, 0.000306, -0.000038, 0.214534, 0.038944, 0.813070, 0.000001, -0.000032, 0.000084, -0.302383, 9.805574, -0.030452, 0.030452, -0.036408, 0.813070, 
14.248000, 0.999900, -0.014127, -0.000008, 0.000306, -0.000039, 0.215990, 0.038944, 0.818727, 0.000000, -0.000038, 0.000084, -0.333366, 9.804162, -0.030561, 0.030561, -0.028255, 0.818727, 
14.258000, 0.999950, -0.009972, -0.000007, 0.000306, -0.000040, 0.217443, 0.038944, 0.840347, 0.000001, -0.000052, 0.000088, -0.226716, 9.807365, -0.029974, 0.029974, -0.019943, 0.840347, 
14.268000, 0.999983, -0.005763, -0.000006, 0.000306, -0.000041, 0.218888, 0.038944, 0.845374, 0.000000, -0.000063, 0.000089, -0.214333, 9.807836, -0.019893, 0.019893, -0.011526, 0.845374, 
14.278000, 0.999996, -0.002749, -0.000005, 0.000306, -0.000042, 0.220234, 0.038944, 0.475656, -0.000007, 0.000022, 0.000075, -1.244667, 9.796844, -0.024451, 0.024451, -0.005497, 0.475656, 
14.288000, 1.000000, -0.000374, -0.000004, 0.000306, -0.000042, 0.221519, 0.038944, 0.478368, -0.000003, -0.000019, 0.000108, -0.123891, 9.810955, -0.018746, 0.018746, -0.000748, 0.478368, 
14.298000, 0.999999, 0.001361, -0.000004, 0.000306, -0.000043, 0.222742, 0.038943, 0.279723, -0.000005, -0.000001, 0.000091, -0.689240, 9.809375, -0.020898, 0.020898, 0.002723, 0.279723, 
14.308000, 0.999996, 0.002744, -0.000003, 0.000306, -0.000044, 0.223923, 0.038943, 0.277993, -0.000001, -0.000041, 0.000106, -0.099656, 9.811882, -0.017657, 0.017657, 0.005487, 0.277993, 
14.318000, 0.999993, 0.003773, -0.000003, 0.000305, -0.000045, 0.225061, 0.038943, 0.170170, -0.000002, -0.000044, 0.000095, -0.397834, 9.812243, -0.018592, 0.018592, 0.007547, 0.170170, 
14.328000, 0.999989, 0.004605, -0.000003, 0.000305, -0.000045, 0.226166, 0.038943, 0.167054, -0.000000, -0.000075, 0.000102, -0.083697, 9.811939, -0.016685, 0.016685, 0.009209, 0.167054, 
14.338000, 0.999986, 0.005240, -0.000003, 0.000305, -0.000046, 0.227237, 0.038943, 0.108380, -0.000000, -0.000084, 0.000096, -0.238850, 9.812468, -0.016989, 0.016989, 0.010481, 0.108380, 
14.348000, 0.999983, 0.005764, -0.000002, 0.000304, -0.000047, 0.228282, 0.038943, 0.105454, 0.000000, -0.000106, 0.000099, -0.070600, 9.811774, -0.015795, 0.015795, 0.011528, 0.105454, 
14.358000, 0.999981, 0.006179, -0.000002, 0.000304, -0.000047, 0.229298, 0.038943, 0.073510, -0.000000, -0.000114, 0.000096, -0.150572, 9.812173, -0.015772, 0.015772, 0.012358, 0.073510, 
14.368000, 0.999979, 0.006531, -0.000002, 0.000303, -0.000048, 0.230289, 0.038943, 0.071256, -0.000000, -0.000128, 0.000098, -0.059975, 9.811641, -0.014958, 0.014958, 0.013062, 0.071256, 
14.378000, 0.999977, 0.006822, -0.000002, 0.000302, -0.000048, 0.231256, 0.038943, 0.053872, -0.000001, -0.000135, 0.000097, -0.100658, 9.811911, -0.014763, 0.014763, 0.013645, 0.053872, 
14.388000, 0.999975, 0.007079, -0.000002, 0.000302, -0.000049, 0.232200, 0.038943, 0.052305, -0.000001, -0.000144, 0.000098, -0.051440, 9.811587, -0.014151, 0.014151, 0.014157, 0.052305, 
14.398000, 0.999973, 0.007301, -0.000002, 0.000301, -0.000050, 0.233120, 0.038943, 0.042858, -0.000002, -0.000149, 0.000097, -0.071640, 9.811766, -0.013866, 0.013866, 0.014603, 0.042858, 
14.408000, 0.999972, 0.007504, -0.000002, 0.000300, -0.000050, 0.234018, 0.038943, 0.041841, -0.000002, -0.000155, 0.000098, -0.044477, 9.811588, -0.013361, 0.013361, 0.015009, 0.041841, 
14.418000, 0.999970, 0.007689, -0.000002, 0.000299, -0.000051, 0.234893, 0.038943, 0.036726, -0.000002, -0.000159, 0.000098, -0.054015, 9.811707, -0.013028, 0.013028, 0.015378, 0.036726, 
14.428000, 0.999969, 0.007862, -0.000002, 0.000299, -0.000051, 0.235746, 0.038943, 0.036104, -0.000002, -0.000163, 0.000098, -0.038608, 9.811618, -0.012579, 0.012579, 0.015725, 0.036104, 
14.438000, 0.999968, 0.008026, -0.000002, 0.000298, -0.000052, 0.236577, 0.038943, 0.033355, -0.000002, -0.000165, 0.000098, -0.042601, 9.811697, -0.012220, 0.012220, 0.016052, 0.033355, 
14.448000, 0.999966, 0.008184, -0.000002, 0.000297, -0.000052, 0.237386, 0.038943, 0.033002, -0.000003, -0.000168, 0.000098, -0.033459, 9.811658, -0.011799, 0.011799, 0.016367, 0.033002, 
14.458000, 0.999965, 0.008336, -0.000002, 0.000296, -0.000053, 0.238174, 0.038943, 0.031545, -0.000003, -0.000170, 0.000098, -0.034570, 9.811712, -0.011426, 0.011426, 0.016672, 0.031545, 
14.468000, 0.999964, 0.008485, -0.000002, 0.000295, -0.000053, 0.238939, 0.038943, 0.031368, -0.000003, -0.000172, 0.000098, -0.028764, 9.811699, -0.011019, 0.011019, 0.016970, 0.031368, 
14.478000, 0.999963, 0.008631, -0.000002, 0.000294, -0.000053, 0.239683, 0.038943, 0.030619, -0.000003, -0.000173, 0.000097, -0.028375, 9.811739, -0.010636, 0.010636, 0.017262, 0.030619, 
14.488000, 0.999961, 0.008776, -0.000002, 0.000293, -0.000054, 0.240404, 0.038943, 0.030554, -0.000003, -0.000175, 0.000097, -0.024344, 9.811740, -0.010235, 0.010235, 0.017552, 0.030554, 
14.498000, 0.999960, 0.008919, -0.000002, 0.000293, -0.000054, 0.241103, 0.038943, 0.030193, -0.000003, -0.000176, 0.000097, -0.023174, 9.811769, -0.009847, 0.009847, 0.017839, 0.030193, 
14.508000, 0.999959, 0.009062, -0.000002, 0.000292, -0.000055, 0.241781, 0.038943, 0.030197, -0.000003, -0.000177, 0.000097, -0.020084, 9.811778, -0.009448, 0.009448, 0.018124, 0.030197, 
14.518000, 0.999958, 0.009204, -0.000001, 0.000291, -0.000055, 0.242436, 0.038943, 0.030049, -0.000003, -0.000178, 0.000096, -0.018503, 9.811802, -0.009054, 0.009054, 0.018409, 0.030049, 
14.528000, 0.999956, 0.009347, -0.000001, 0.000290, -0.000055, 0.243069, 0.038943, 0.030096, -0.000003, -0.000179, 0.000096, -0.015909, 9.811814, -0.008655, 0.008655, 0.018693, 0.030096, 
14.538000, 0.999955, 0.009489, -0.000001, 0.000289, -0.000056, 0.243680, 0.038943, 0.030066, -0.000003, -0.000180, 0.000096, -0.014109, 9.811834, -0.008258, 0.008258, 0.018978, 0.030066, 
14.548000, 0.999954, 0.009631, -0.000001, 0.000288, -0.000056, 0.244268, 0.038943, 0.030139, -0.000003, -0.000181, 0.000095, -0.011773, 9.811848, -0.007857, 0.007857, 0.019262, 0.030139, 
14.558000, 0.999952, 0.009773, -0.000001, 0.000287, -0.000056, 0.244834, 0.038943, 0.030173, -0.000003, -0.000182, 0.000095, -0.009854, 9.811866, -0.007457, 0.007457, 0.019547, 0.030173, 
14.568000, 0.999951, 0.009916, -0.000001, 0.000286, -0.000057, 0.245378, 0.038943, 0.030263, -0.000003, -0.000183, 0.000095, -0.007649, 9.811880, -0.007054, 0.007054, 0.019833, 0.030263, 
14.578000, 0.999949, 0.010059, -0.000001, 0.000285, -0.000057, 0.245899, 0.038943, 0.030333, -0.000004, -0.000184, 0.000094, -0.005661, 9.811897, -0.006650, 0.006650, 0.020119, 0.030333, 
14.588000, 0.999948, 0.010203, -0.000001, 0.000284, -0.000057, 0.246397, 0.038943, 0.030433, -0.000004, -0.000185, 0.000094, -0.003519, 9.811911, -0.006245, 0.006245, 0.020406, 0.030433, 
14.598000, 0.999946, 0.010347, -0.000001, 0.000284, -0.000058, 0.246872, 0.038943, 0.030523, -0.000004, -0.000186, 0.000093, -0.001488, 9.811926, -0.005838, 0.005838, 0.020694, 0.030523, 
14.608000, 0.999945, 0.010491, -0.000001, 0.000283, -0.000058, 0.247325, 0.038943, 0.030629, -0.000004, -0.000187, 0.000093, 0.000627, 9.811941, -0.005429, 0.005429, 0.020983, 0.030629, 
14.618000, 0.999943, 0.010636, -0.000001, 0.000282, -0.000058, 0.247755, 0.038943, 0.030731, -0.000004, -0.000188, 0.000093, 0.002687, 9.811955, -0.005020, 0.005020, 0.021273, 0.030731, 
14.628000, 0.999942, 0.010782, -0.000001, 0.000281, -0.000058, 0.248162, 0.038943, 0.030841, -0.000004, -0.000189, 0.000092, 0.004795, 9.811969, -0.004608, 0.004608, 0.021564, 0.030841, 
14.638000, 0.999940, 0.010928, -0.000001, 0.000280, -0.000059, 0.248545, 0.038943, 0.030949, -0.000004, -0.000190, 0.000092, 0.006878, 9.811982, -0.004195, 0.004195, 0.021856, 0.030949, 
14.648000, 0.999939, 0.011074, -0.000001, 0.000279, -0.000059, 0.248906, 0.038943, 0.031062, -0.000004, -0.000191, 0.000091, 0.008989, 9.811995, -0.003781, 0.003781, 0.022149, 0.031062, 
14.658000, 0.999937, 0.011221, -0.000001, 0.000278, -0.000059, 0.249243, 0.038943, 0.031174, -0.000004, -0.000192, 0.000091, 0.011091, 9.812008, -0.003365, 0.003365, 0.022443, 0.031174, 
14.668000, 0.999935, 0.011369, -0.000001, 0.000277, -0.000059, 0.249557, 0.038943, 0.031289, -0.000004, -0.000193, 0.000091, 0.013212, 9.812021, -0.002947, 0.002947, 0.022738, 0.031289, 
14.678000, 0.999934, 0.011517, -0.000001, 0.000276, -0.000059, 0.249847, 0.038943, 0.031404, -0.000004, -0.000193, 0.000090, 0.015332, 9.812033, -0.002528, 0.002528, 0.023034, 0.031404, 
14.688000, 0.999932, 0.011666, -0.000001, 0.000275, -0.000059, 0.250114, 0.038943, 0.031520, -0.000004, -0.000194, 0.000090, 0.017465, 9.812045, -0.002107, 0.002107, 0.023332, 0.031520, 
14.698000, 0.999930, 0.011815, -0.000001, 0.000274, -0.000060, 0.250358, 0.038943, 0.031637, -0.000004, -0.000195, 0.000089, 0.019601, 9.812056, -0.001685, 0.001685, 0.023630, 0.031637, 
14.708000, 0.999928, 0.011965, -0.000001, 0.000273, -0.000060, 0.250577, 0.038943, 0.031754, -0.000005, -0.000196, 0.000089, 0.021749, 9.812067, -0.001261, 0.001261, 0.023930, 0.031754, 
14.718000, 0.999927, 0.012115, -0.000001, 0.000272, -0.000060, 0.250773, 0.038943, 0.031872, -0.000005, -0.000197, 0.000089, 0.023901, 9.812078, -0.000836, 0.000836, 0.024230, 0.031872, 
14.728000, 0.999925, 0.012266, -0.000001, 0.000271, -0.000060, 0.250945, 0.038943, 0.031991, -0.000005, -0.000198, 0.000088, 0.026064, 9.812088, -0.000409, 0.000409, 0.024532, 0.031991, 
14.738000, 0.999923, 0.012417, -0.000001, 0.000270, -0.000060, 0.251093, 0.038943, 0.032110, -0.000005, -0.000199, 0.000088, 0.028233, 9.812098, 0.000020, -0.000020, 0.024835, 0.032110, 
14.748000, 0.999921, 0.012569, -0.000001, 0.000269, -0.000060, 0.251217, 0.038943, 0.032230, -0.000005, -0.000200, 0.000087, 0.030411, 9.812107, 0.000450, -0.000450, 0.025139, 0.032230, 
14.758000, 0.999919, 0.012722, -0.000001, 0.000268, -0.000060, 0.251317, 0.038943, 0.032350, -0.000005, -0.000201, 0.000087, 0.032597, 9.812116, 0.000882, -0.000882, 0.025444, 0.032350, 
14.768000, 0.999917, 0.012875, -0.000001, 0.000267, -0.000060, 0.251392, 0.038943, 0.032471, -0.000005, -0.000202, 0.000086, 0.034791, 9.812125, 0.001315, -0.001315, 0.025750, 0.032471, 
14.778000, 0.999915, 0.013029, -0.000001, 0.000266, -0.000060, 0.251444, 0.038943, 0.032592, -0.000005, -0.000203, 0.000086, 0.036993, 9.812133, 0.001750, -0.001750, 0.026058, 0.032592, 
14.788000, 0.999913, 0.013183, -0.000001, 0.000265, -0.000060, 0.251471, 0.038943, 0.032714, -0.000005, -0.000204, 0.000085, 0.039203, 9.812141, 0.002187, -0.002187, 0.026367, 0.032714, 
14.798000, 0.999911, 0.013338, -0.000001, 0.000264, -0.000060, 0.251473, 0.038943, 0.032836, -0.000005, -0.000205, 0.000085, 0.041421, 9.812149, 0.002625, -0.002625, 0.026676, 0.032836, 
14.808000, 0.999909, 0.013493, -0.000001, 0.000263, -0.000060, 0.251451, 0.038943, 0.032959, -0.000005, -0.000206, 0.000084, 0.043648, 9.812156, 0.003065, -0.003065, 0.026987, 0.032959, 
14.818000, 0.999907, 0.013649, -0.000001, 0.000262, -0.000060, 0.251404, 0.038943, 0.033082, -0.000005, -0.000207, 0.000084, 0.045883, 9.812163, 0.003506, -0.003506, 0.027299, 0.033082, 
14.828000, 0.999905, 0.013806, -0.000001, 0.000261, -0.000060, 0.251332, 0.038943, 0.033206, -0.000006, -0.000208, 0.000083, 0.048127, 9.812169, 0.003950, -0.003950, 0.027612, 0.033206, 
14.838000, 0.999902, 0.013963, -0.000001, 0.000260, -0.000060, 0.251235, 0.038943, 0.033330, -0.000006, -0.000209, 0.000083, 0.050379, 9.812175, 0.004395, -0.004395, 0.027927, 0.033330, 
14.848000, 0.999900, 0.014121, -0.000000, 0.000259, -0.000060, 0.251114, 0.038943, 0.033454, -0.000006, -0.000210, 0.000082, 0.052639, 9.812180, 0.004841, -0.004841, 0.028242, 0.033454, 
14.858000, 0.999898, 0.014279, -0.000000, 0.000258, -0.000060, 0.250967, 0.038943, 0.033579, -0.000006, -0.000211, 0.000082, 0.054908, 9.812185, 0.005289, -0.005289, 0.028559, 0.033579, 
14.868000, 0.999896, 0.014438, -0.000000, 0.000257, -0.000060, 0.250796, 0.038943, 0.033705, -0.000006, -0.000212, 0.000081, 0.057185, 9.812190, 0.005739, -0.005739, 0.028877, 0.033705, 
14.878000, 0.999893, 0.014598, -0.000000, 0.000256, -0.000060, 0.250599, 0.038943, 0.033831, -0.000006, -0.000213, 0.000081, 0.059471, 9.812194, 0.006191, -0.006191, 0.029196, 0.033831, 
14.888000, 0.999891, 0.014758, -0.000000, 0.000255, -0.000060, 0.250376, 0.038943, 0.033957, -0.000006, -0.000214, 0.000080, 0.061765, 9.812197, 0.006644, -0.006644, 0.029517, 0.033957, 
14.898000, 0.999889, 0.014918, -0.000000, 0.000254, -0.000059, 0.250128, 0.038943, 0.034084, -0.000006, -0.000215, 0.000079, 0.064068, 9.812200, 0.007099, -0.007099, 0.029838, 0.034084, 
14.908000, 0.999886, 0.015080, -0.000000, 0.000253, -0.000059, 0.249855, 0.038943, 0.034211, -0.000006, -0.000216, 0.000079, 0.066379, 9.812203, 0.007556, -0.007556, 0.030161, 0.034211, 
14.918000, 0.999884, 0.015242, -0.000000, 0.000251, -0.000059, 0.249556, 0.038943, 0.034339, -0.000006, -0.000217, 0.000078, 0.068699, 9.812205, 0.008014, -0.008014, 0.030485, 0.034339, 
14.928000, 0.999881, 0.015404, -0.000000, 0.000250, -0.000059, 0.249232, 0.038943, 0.034468, -0.000006, -0.000218, 0.000078, 0.071028, 9.812207, 0.008474, -0.008474, 0.030810, 0.034468, 
14.938000, 0.999879, 0.015567, -0.000000, 0.000249, -0.000059, 0.248881, 0.038943, 0.034596, -0.000007, -0.000219, 0.000077, 0.073366, 9.812208, 0.008936, -0.008936, 0.031136, 0.034596, 
14.948000, 0.999876, 0.015731, -0.000000, 0.000248, -0.000059, 0.248505, 0.038943, 0.034726, -0.000007, -0.000220, 0.000076, 0.075712, 9.812209, 0.019207, -0.019207, 0.031464, 0.034726, 
14.958000, 0.999892, 0.014662, -0.000001, 0.000247, -0.000058, 0.248012, 0.038943, -0.344698, -0.000011, -0.000123, 0.000064, -1.028380, 9.839070, 0.014590, -0.014590, 0.029324, -0.344698, 
14.968000, 0.999917, 0.012918, -0.000001, 0.000247, -0.000058, 0.247447, 0.038942, -0.347512, -0.000007, -0.000148, 0.000104, 0.045713, 9.815423, 0.020280, -0.020280, 0.025837, -0.347512, 
14.978000, 0.999945, 0.010507, -0.000002, 0.000246, -0.000058, 0.246810, 0.038942, -0.552266, -0.000007, -0.000112, 0.000086, -0.581362, 9.823781, 0.018021, -0.018021, 0.021015, -0.552266, 
14.988000, 0.999970, 0.007717, -0.000002, 0.000245, -0.000058, 0.246124, 0.038942, -0.558953, -0.000003, -0.000133, 0.000098, -0.048072, 9.813925, 0.021123, -0.021123, 0.015434, -0.558953, 
14.998000, 0.999990, 0.004551, -0.000003, 0.000245, -0.000057, 0.245390, 0.038942, -0.671448, -0.000002, -0.000117, 0.000084, -0.405789, 9.814005, 0.019998, -0.019998, 0.009103, -0.671448, 
15.008000, 0.999999, 0.001166, -0.000004, 0.000244, -0.000057, 0.244621, 0.038942, -0.678876, 0.000001, -0.000128, 0.000088, -0.150908, 9.811014, 0.021669, -0.021669, 0.002332, -0.678876, 
15.018000, 0.999997, -0.002435, -0.000005, 0.000244, -0.000056, 0.243819, 0.038943, -0.741640, 0.000002, -0.000117, 0.000079, -0.366153, 9.808086, 0.021082, -0.021082, -0.004870, -0.741640, 
15.028000, 0.999981, -0.006167, -0.000006, 0.000243, -0.000056, 0.242993, 0.038943, -0.748437, 0.000003, -0.000118, 0.000080, -0.258135, 9.807506, 0.021948, -0.021948, -0.012334, -0.748437, 
15.038000, 0.999950, -0.010025, -0.000007, 0.000242, -0.000056, 0.242145, 0.038943, -0.784214, 0.000004, -0.000106, 0.000075, -0.399133, 9.803663, 0.021595, -0.021595, -0.020051, -0.784214, 
15.048000, 0.999902, -0.013965, -0.000008, 0.000242, -0.000055, 0.241281, 0.038943, -0.790095, 0.000005, -0.000100, 0.000076, -0.369320, 9.803251, 0.021990, -0.021990, -0.027930, -0.790095, 
15.058000, 0.999838, -0.017981, -0.000009, 0.000241, -0.000055, 0.240402, 0.038944, -0.811180, 0.000005, -0.000087, 0.000074, -0.471773, 9.799125, 0.021716, -0.021716, -0.035964, -0.811180, 
15.068000, 0.999757, -0.022050, -0.000009, 0.000241, -0.000054, 0.239514, 0.038944, -0.816266, 0.000005, -0.000075, 0.000075, -0.483868, 9.797951, 0.012010, -0.012010, -0.044103, -0.816266, 
15.078000, 0.999689, -0.024932, -0.000010, 0.000240, -0.000054, 0.238709, 0.038944, -0.448983, 0.000015, -0.000164, 0.000078, 0.540812, 9.847014, 0.016848, -0.016848, -0.049869, -0.448983, 
15.088000, 0.999631, -0.027180, -0.000011, 0.000240, -0.000054, 0.237946, 0.038944, -0.452140, 0.000010, -0.000125, 0.000050, -0.571180, 9.792385, 0.011473, -0.011473, -0.054368, -0.452140, 
15.098000, 0.999585, -0.028793, -0.000011, 0.000239, -0.000053, 0.237228, 0.038944, -0.254386, 0.000012, -0.000148, 0.000062, -0.006301, 9.824895, 0.013932, -0.013932, -0.057594, -0.254386, 
15.108000, 0.999548, -0.030057, -0.000011, 0.000238, -0.000053, 0.236535, 0.038944, -0.253241, 0.000007, -0.000109, 0.000055, -0.592368, 9.792029, 0.011001, -0.011001, -0.060122, -0.253241, 
15.118000, 0.999520, -0.030969, -0.000011, 0.000238, -0.000053, 0.235867, 0.038943, -0.145585, 0.000007, -0.000108, 0.000065, -0.291920, 9.810642, 0.012255, -0.012255, -0.061948, -0.145585, 
15.128000, 0.999498, -0.031685, -0.000012, 0.000237, -0.000052, 0.235215, 0.038943, -0.142986, 0.000004, -0.000078, 0.000064, -0.604827, 9.791669, 0.010650, -0.010650, -0.063381, -0.142986, 
15.138000, 0.999481, -0.032206, -0.000012, 0.000237, -0.000052, 0.234579, 0.038943, -0.084195, 0.000004, -0.000071, 0.000071, -0.446545, 9.801761, 0.011277, -0.011277, -0.064424, -0.084195, 
15.148000, 0.999468, -0.032617, -0.000012, 0.000236, -0.000052, 0.233952, 0.038943, -0.081645, 0.000002, -0.000050, 0.000072, -0.614253, 9.791098, 0.010388, -0.010388, -0.065245, -0.081645, 
15.158000, 0.999458, -0.032918, -0.000012, 0.000236, -0.000051, 0.233336, 0.038943, -0.049501, 0.000001, -0.000043, 0.000076, -0.531173, 9.796450, 0.010687, -0.010687, -0.065849, -0.049501, 
15.168000, 0.999450, -0.033157, -0.000012, 0.000236, -0.000051, 0.232727, 0.038943, -0.047486, 0.000000, -0.000029, 0.000077, -0.621228, 9.790558, 0.010181, -0.010181, -0.066327, -0.047486, 
15.178000, 0.999444, -0.033336, -0.000012, 0.000236, -0.000051, 0.232126, 0.038943, -0.029900, 0.000000, -0.000023, 0.000079, -0.577749, 9.793370, 0.010309, -0.010309, -0.066684, -0.029900, 
15.188000, 0.999439, -0.033479, -0.000012, 0.000236, -0.000050, 0.231529, 0.038943, -0.028461, -0.000000, -0.000015, 0.000079, -0.626200, 9.790148, 0.010009, -0.010009, -0.066971, -0.028461, 
15.198000, 0.999436, -0.033589, -0.000012, 0.000236, -0.000050, 0.230938, 0.038943, -0.018836, -0.000000, -0.000011, 0.000081, -0.603539, 9.791619, 0.010047, -0.010047, -0.067190, -0.018836, 
15.208000, 0.999433, -0.033678, -0.000012, 0.000236, -0.000050, 0.230352, 0.038943, -0.017868, -0.000001, -0.000005, 0.000081, -0.629683, 9.789866, 0.009858, -0.009858, -0.067369, -0.017868, 
15.218000, 0.999430, -0.033749, -0.000012, 0.000236, -0.000050, 0.229770, 0.038943, -0.012600, -0.000001, -0.000002, 0.000081, -0.617954, 9.790631, 0.009849, -0.009849, -0.067511, -0.012600, 
15.228000, 0.999428, -0.033809, -0.000012, 0.000236, -0.000049, 0.229193, 0.038943, -0.011976, -0.000001, 0.000001, 0.000082, -0.632133, 9.789678, 0.009719, -0.009719, -0.067630, -0.011976, 
15.238000, 0.999427, -0.033858, -0.000012, 0.000236, -0.000049, 0.228619, 0.038943, -0.009094, -0.000001, 0.000003, 0.000082, -0.626140, 9.790071, 0.009685, -0.009685, -0.067728, -0.009094, 
15.248000, 0.999425, -0.033901, -0.000012, 0.000236, -0.000049, 0.228049, 0.038943, -0.008703, -0.000001, 0.000005, 0.000082, -0.633899, 9.789550, 0.009587, -0.009587, -0.067814, -0.008703, 
15.258000, 0.999424, -0.033938, -0.000012, 0.000236, -0.000049, 0.227483, 0.038943, -0.007129, -0.000001, 0.000006, 0.000082, -0.630914, 9.789747, 0.009540, -0.009540, -0.067888, -0.007129, 
15.268000, 0.999423, -0.033971, -0.000012, 0.000236, -0.000048, 0.226920, 0.038943, -0.006893, -0.000001, 0.000007, 0.000082, -0.635227, 9.789458, 0.009459, -0.009459, -0.067956, -0.006893, 
15.278000, 0.999422, -0.034002, -0.000012, 0.000236, -0.000048, 0.226362, 0.038943, -0.006036, -0.000001, 0.000008, 0.000082, -0.633817, 9.789553, 0.009405, -0.009405, -0.068016, -0.006036, 
15.288000, 0.999421, -0.034030, -0.000012, 0.000236, -0.000048, 0.225806, 0.038943, -0.005897, -0.000001, 0.000009, 0.000082, -0.636280, 9.789388, 0.009332, -0.009332, -0.068073, -0.005897, 
15.298000, 0.999420, -0.034057, -0.000012, 0.000236, -0.000048, 0.225255, 0.038943, -0.005434, -0.000001, 0.000009, 0.000082, -0.635695, 9.789428, 0.009274, -0.009274, -0.068127, -0.005434, 
15.308000, 0.999419, -0.034082, -0.000012, 0.000236, -0.000047, 0.224706, 0.038943, -0.005357, -0.000001, 0.000010, 0.000082, -0.637166, 9.789330, 0.009207, -0.009207, -0.068178, -0.005357, 
15.318000, 0.999418, -0.034107, -0.000012, 0.000236, -0.000047, 0.224162, 0.038943, -0.005110, -0.000001, 0.000010, 0.000082, -0.637012, 9.789342, 0.009147, -0.009147, -0.068227, -0.005110, 
15.328000, 0.999417, -0.034131, -0.000012, 0.000236, -0.000047, 0.223620, 0.038943, -0.005071, -0.000001, 0.000011, 0.000082, -0.637950, 9.789280, 0.009081, -0.009081, -0.068275, -0.005071, 
15.338000, 0.999417, -0.034155, -0.000012, 0.000236, -0.000046, 0.223083, 0.038943, -0.004943, -0.000001, 0.000011, 0.000082, -0.638023, 9.789276, 0.009020, -0.009020, -0.068323, -0.004943, 
15.348000, 0.999416, -0.034178, -0.000012, 0.000236, -0.000046, 0.222549, 0.038943, -0.004926, -0.000001, 0.000012, 0.000082, -0.638676, 9.789233, 0.008955, -0.008955, -0.068369, -0.004926, 
15.358000, 0.999415, -0.034201, -0.000012, 0.000236, -0.000046, 0.222018, 0.038943, -0.004864, -0.000001, 0.000012, 0.000082, -0.638868, 9.789221, 0.008893, -0.008893, -0.068416, -0.004864, 
15.368000, 0.999414, -0.034224, -0.000012, 0.000236, -0.000046, 0.221491, 0.038943, -0.004861, -0.000001, 0.000012, 0.000082, -0.639368, 9.789189, 0.008829, -0.008829, -0.068462, -0.004861, 
15.378000, 0.999413, -0.034247, -0.000012, 0.000236, -0.000045, 0.220968, 0.038943, -0.004835, -0.000001, 0.000012, 0.000082, -0.639623, 9.789173, 0.008765, -0.008765, -0.068507, -0.004835, 
15.388000, 0.999413, -0.034270, -0.000012, 0.000236, -0.000045, 0.220448, 0.038943, -0.004841, -0.000001, 0.000013, 0.000082, -0.640042, 9.789146, 0.008701, -0.008701, -0.068553, -0.004841, 
15.398000, 0.999412, -0.034293, -0.000012, 0.000236, -0.000045, 0.219931, 0.038943, -0.004834, -0.000001, 0.000013, 0.000082, -0.640331, 9.789127, 0.008638, -0.008638, -0.068599, -0.004834, 
15.408000, 0.999411, -0.034316, -0.000012, 0.000237, -0.000045, 0.219419, 0.038943, -0.004845, -0.000001, 0.000013, 0.000082, -0.640707, 9.789103, 0.008573, -0.008573, -0.068645, -0.004845, 
15.418000, 0.999410, -0.034338, -0.000012, 0.000237, -0.000045, 0.218909, 0.038943, -0.004850, -0.000001, 0.000014, 0.000082, -0.641015, 9.789083, 0.008509, -0.008509, -0.068690, -0.004850, 
15.428000, 0.999409, -0.034361, -0.000012, 0.000237, -0.000044, 0.218404, 0.038943, -0.004864, -0.000001, 0.000014, 0.000082, -0.641370, 9.789060, 0.008444, -0.008444, -0.068736, -0.004864, 
15.438000, 0.999409, -0.034384, -0.000012, 0.000237, -0.000044, 0.217902, 0.038943, -0.004875, -0.000001, 0.000014, 0.000082, -0.641688, 9.789040, 0.008379, -0.008379, -0.068782, -0.004875, 
15.448000, 0.999408, -0.034407, -0.000012, 0.000237, -0.000044, 0.217404, 0.038943, -0.004890, -0.000001, 0.000014, 0.000082, -0.642032, 9.789017, 0.008314, -0.008314, -0.068828, -0.004890, 
15.458000, 0.999407, -0.034431, -0.000012, 0.000237, -0.000044, 0.216909, 0.038943, -0.004905, -0.000001, 0.000015, 0.000082, -0.642358, 9.788996, 0.008249, -0.008249, -0.068875, -0.004905, 
15.468000, 0.999406, -0.034454, -0.000012, 0.000237, -0.000043, 0.216418, 0.038943, -0.004921, -0.000001, 0.000015, 0.000082, -0.642697, 9.788975, 0.008183, -0.008183, -0.068921, -0.004921, 
15.478000, 0.999405, -0.034477, -0.000012, 0.000237, -0.000043, 0.215931, 0.038943, -0.004938, -0.000001, 0.000015, 0.000082, -0.643027, 9.788953, 0.008117, -0.008117, -0.068968, -0.004938, 
15.488000, 0.999405, -0.034500, -0.000012, 0.000237, -0.000043, 0.215447, 0.038943, -0.004955, -0.000001, 0.000015, 0.000082, -0.643366, 9.788931, 0.008051, -0.008051, -0.069014, -0.004955, 
15.498000, 0.999404, -0.034524, -0.000012, 0.000237, -0.000043, 0.214968, 0.038943, -0.004973, -0.000001, 0.000016, 0.000082, -0.643699, 9.788910, 0.007985, -0.007985, -0.069061, -0.004973, 
15.508000, 0.999403, -0.034547, -0.000012, 0.000237, -0.000042, 0.214491, 0.038943, -0.004991, -0.000001, 0.000016, 0.000082, -0.644038, 9.788888, 0.007918, -0.007918, -0.069108, -0.004991, 
15.518000, 0.999402, -0.034571, -0.000012, 0.000237, -0.000042, 0.214019, 0.038943, -0.005009, -0.000001, 0.000016, 0.000082, -0.644375, 9.788866, 0.007851, -0.007851, -0.069156, -0.005009, 
15.528000, 0.999401, -0.034595, -0.000012, 0.000237, -0.000042, 0.213550, 0.038943, -0.005027, -0.000001, 0.000016, 0.000082, -0.644715, 9.788844, 0.007784, -0.007784, -0.069203, -0.005027, 
15.538000, 0.999401, -0.034618, -0.000012, 0.000238, -0.000042, 0.213086, 0.038943, -0.005045, -0.000001, 0.000017, 0.000082, -0.645055, 9.788822, 0.007717, -0.007717, -0.069251, -0.005045, 
15.548000, 0.999400, -0.034642, -0.000012, 0.000238, -0.000042, 0.212624, 0.038943, -0.005064, -0.000001, 0.000017, 0.000082, -0.645397, 9.788800, 0.007649, -0.007649, -0.069298, -0.005064, 
15.558000, 0.999399, -0.034666, -0.000012, 0.000238, -0.000041, 0.212167, 0.038943, -0.005083, -0.000001, 0.000017, 0.000082, -0.645739, 9.788778, 0.007582, -0.007582, -0.069346, -0.005083, 
15.568000, 0.999398, -0.034690, -0.000012, 0.000238, -0.000041, 0.211714, 0.038943, -0.005102, -0.000001, 0.000017, 0.000082, -0.646083, 9.788756, 0.007513, -0.007513, -0.069395, -0.005102, 
15.578000, 0.999397, -0.034714, -0.000012, 0.000238, -0.000041, 0.211264, 0.038943, -0.005121, -0.000001, 0.000018, 0.000082, -0.646428, 9.788733, 0.007445, -0.007445, -0.069443, -0.005121, 
15.588000, 0.999396, -0.034739, -0.000012, 0.000238, -0.000041, 0.210818, 0.038943, -0.005140, -0.000001, 0.000018, 0.000082, -0.646775, 9.788711, 0.007377, -0.007377, -0.069491, -0.005140, 
15.598000, 0.999396, -0.034763, -0.000012, 0.000238, -0.000040, 0.210376, 0.038943, -0.005159, -0.000001, 0.000018, 0.000082, -0.647123, 9.788688, 0.007308, -0.007308, -0.069540, -0.005159, 
15.608000, 0.999395, -0.034787, -0.000012, 0.000238, -0.000040, 0.209938, 0.038943, -0.005178, -0.000001, 0.000019, 0.000082, -0.647472, 9.788665, 0.007239, -0.007239, -0.069589, -0.005178, 
15.618000, 0.999394, -0.034812, -0.000012, 0.000238, -0.000040, 0.209504, 0.038943, -0.005198, -0.000001, 0.000019, 0.000082, -0.647822, 9.788643, 0.007169, -0.007169, -0.069638, -0.005198, 
15.628000, 0.999393, -0.034836, -0.000012, 0.000238, -0.000040, 0.209073, 0.038943, -0.005217, -0.000001, 0.000019, 0.000082, -0.648174, 9.788620, 0.007100, -0.007100, -0.069687, -0.005217, 
15.638000, 0.999392, -0.034861, -0.000012, 0.000238, -0.000040, 0.208647, 0.038943, -0.005237, -0.000001, 0.000019, 0.000082, -0.648527, 9.788597, 0.007030, -0.007030, -0.069736, -0.005237, 
15.648000, 0.999391, -0.034886, -0.000013, 0.000239, -0.000039, 0.208224, 0.038943, -0.005256, -0.000001, 0.000020, 0.000082, -0.648881, 9.788574, 0.006960, -0.006960, -0.069786, -0.005256, 
15.658000, 0.999390, -0.034911, -0.000013, 0.000239, -0.000039, 0.207806, 0.038943, -0.005276, -0.000001, 0.000020, 0.000082, -0.649236, 9.788551, 0.006889, -0.006889, -0.069836, -0.005276, 
15.668000, 0.999390, -0.034936, -0.000013, 0.000239, -0.000039, 0.207391, 0.038943, -0.005295, -0.000001, 0.000020, 0.000082, -0.649593, 9.788527, 0.006819, -0.006819, -0.069886, -0.005295, 
15.678000, 0.999389, -0.034961, -0.000013, 0.000239, -0.000039, 0.206980, 0.038943, -0.005315, -0.000001, 0.000020, 0.000082, -0.649952, 9.788504, 0.006748, -0.006748, -0.069936, -0.005315, 
15.688000, 0.999388, -0.034986, -0.000013, 0.000239, -0.000039, 0.206574, 0.038943, -0.005335, -0.000001, 0.000021, 0.000082, -0.650311, 9.788481, 0.006676, -0.006676, -0.069986, -0.005335, 
15.698000, 0.999387, -0.035011, -0.000013, 0.000239, -0.000038, 0.206171, 0.038943, -0.005355, -0.000001, 0.000021, 0.000082, -0.650672, 9.788457, 0.006605, -0.006605, -0.070037, -0.005355, 
15.708000, 0.999386, -0.035036, -0.000013, 0.000239, -0.000038, 0.205772, 0.038943, -0.005375, -0.000001, 0.000021, 0.000082, -0.651034, 9.788433, 0.006533, -0.006533, -0.070087, -0.005375, 
15.718000, 0.999385, -0.035062, -0.000013, 0.000239, -0.000038, 0.205378, 0.038943, -0.005395, -0.000002, 0.000021, 0.000082, -0.651398, 9.788410, 0.006461, -0.006461, -0.070138, -0.005395, 
15.728000, 0.999384, -0.035087, -0.000013, 0.000239, -0.000038, 0.204987, 0.038943, -0.005415, -0.000002, 0.000022, 0.000082, -0.651763, 9.788386, 0.006389, -0.006389, -0.070189, -0.005415, 
15.738000, 0.999383, -0.035113, -0.000013, 0.000239, -0.000038, 0.204601, 0.038943, -0.005436, -0.000002, 0.000022, 0.000082, -0.652129, 9.788362, 0.006316, -0.006316, -0.070241, -0.005436, 
15.748000, 0.999382, -0.035139, -0.000013, 0.000240, -0.000038, 0.204218, 0.038943, -0.005456, -0.000002, 0.000022, 0.000082, -0.652497, 9.788338, 0.006244, -0.006244, -0.070292, -0.005456, 
15.758000, 0.999382, -0.035165, -0.000013, 0.000240, -0.000037, 0.203840, 0.038943, -0.005476, -0.000002, 0.000023, 0.000082, -0.652866, 9.788314, 0.006170, -0.006170, -0.070344, -0.005476, 
15.768000, 0.999381, -0.035190, -0.000013, 0.000240, -0.000037, 0.203465, 0.038943, -0.005497, -0.000002, 0.000023, 0.000082, -0.653236, 9.788289, 0.006097, -0.006097, -0.070396, -0.005497, 
15.778000, 0.999380, -0.035216, -0.000013, 0.000240, -0.000037, 0.203095, 0.038943, -0.005517, -0.000002, 0.000023, 0.000082, -0.653608, 9.788265, 0.006023, -0.006023, -0.070448, -0.005517, 
15.788000, 0.999379, -0.035243, -0.000013, 0.000240, -0.000037, 0.202729, 0.038943, -0.005538, -0.000002, 0.000023, 0.000082, -0.653982, 9.788241, 0.005950, -0.005950, -0.070500, -0.005538, 
15.798000, 0.999378, -0.035269, -0.000013, 0.000240, -0.000037, 0.202367, 0.038943, -0.005559, -0.000002, 0.000024, 0.000082, -0.654356, 9.788216, 0.005875, -0.005875, -0.070552, -0.005559, 
15.808000, 0.999377, -0.035295, -0.000013, 0.000240, -0.000036, 0.202009, 0.038943, -0.005579, -0.000002, 0.000024, 0.000082, -0.654732, 9.788191, 0.005801, -0.005801, -0.070605, -0.005579, 
15.818000, 0.999376, -0.035321, -0.000013, 0.000240, -0.000036, 0.201656, 0.038943, -0.005600, -0.000002, 0.000024, 0.000082, -0.655110, 9.788167, 0.005726, -0.005726, -0.070658, -0.005600, 
15.828000, 0.999375, -0.035348, -0.000013, 0.000240, -0.000036, 0.201306, 0.038943, -0.005621, -0.000002, 0.000024, 0.000082, -0.655488, 9.788142, 0.005651, -0.005651, -0.070711, -0.005621, 
15.838000, 0.999374, -0.035375, -0.000013, 0.000241, -0.000036, 0.200961, 0.038943, -0.005642, -0.000002, 0.000025, 0.000082, -0.655869, 9.788117, 0.005576, -0.005576, -0.070764, -0.005642, 
15.848000, 0.999373, -0.035401, -0.000013, 0.000241, -0.000036, 0.200620, 0.038943, -0.005663, -0.000002, 0.000025, 0.000082, -0.656250, 9.788092, 0.005500, -0.005500, -0.070817, -0.005663, 
15.858000, 0.999372, -0.035428, -0.000013, 0.000241, -0.000036, 0.200284, 0.038943, -0.005685, -0.000002, 0.000025, 0.000082, -0.656634, 9.788067, 0.005424, -0.005424, -0.070871, -0.005685, 
15.868000, 0.999371, -0.035455, -0.000013, 0.000241, -0.000035, 0.199951, 0.038943, -0.005706, -0.000002, 0.000026, 0.000082, -0.657018, 9.788041, 0.005348, -0.005348, -0.070925, -0.005706, 
15.878000, 0.999370, -0.035482, -0.000013, 0.000241, -0.000035, 0.199623, 0.038943, -0.005727, -0.000002, 0.000026, 0.000082, -0.657404, 9.788016, 0.005272, -0.005272, -0.070979, -0.005727, 
15.888000, 0.999369, -0.035509, -0.000013, 0.000241, -0.000035, 0.199299, 0.038943, -0.005749, -0.000002, 0.000026, 0.000082, -0.657791, 9.787990, 0.005195, -0.005195, -0.071033, -0.005749, 
15.898000, 0.999368, -0.035536, -0.000013, 0.000241, -0.000035, 0.198980, 0.038943, -0.005770, -0.000002, 0.000026, 0.000082, -0.658180, 9.787965, 0.005118, -0.005118, -0.071087, -0.005770, 
15.908000, 0.999367, -0.035563, -0.000013, 0.000241, -0.000035, 0.198664, 0.038943, -0.005792, -0.000002, 0.000027, 0.000082, -0.658571, 9.787939, 0.005041, -0.005041, -0.071142, -0.005792, 
15.918000, 0.999366, -0.035591, -0.000013, 0.000242, -0.000035, 0.198353, 0.038943, -0.005813, -0.000002, 0.000027, 0.000082, -0.658962, 9.787913, 0.004963, -0.004963, -0.071197, -0.005813, 
15.928000, 0.999365, -0.035618, -0.000013, 0.000242, -0.000035, 0.198047, 0.038943, -0.005835, -0.000002, 0.000027, 0.000082, -0.659356, 9.787887, 0.004885, -0.004885, -0.071252, -0.005835, 
15.938000, 0.999364, -0.035646, -0.000013, 0.000242, -0.000034, 0.197745, 0.038943, -0.005857, -0.000002, 0.000027, 0.000082, -0.659750, 9.787861, 0.004807, -0.004807, -0.071307, -0.005857, 
15.948000, 0.999363, -0.035674, -0.000013, 0.000242, -0.000034, 0.197447, 0.038943, -0.005879, -0.000002, 0.000028, 0.000082, -0.660147, 9.787835, 0.004729, -0.004729, -0.071363, -0.005879, 
15.958000, 0.999362, -0.035702, -0.000013, 0.000242, -0.000034, 0.197153, 0.038943, -0.005901, -0.000002, 0.000028, 0.000082, -0.660544, 9.787809, 0.004650, -0.004650, -0.071418, -0.005901, 
15.968000, 0.999361, -0.035729, -0.000013, 0.000242, -0.000034, 0.196864, 0.038943, -0.005923, -0.000002, 0.000028, 0.000082, -0.660943, 9.787782, 0.004571, -0.004571, -0.071474, -0.005923, 
15.978000, 0.999360, -0.035757, -0.000013, 0.000242, -0.000034, 0.196580, 0.038943, -0.005945, -0.000002, 0.000028, 0.000082, -0.661344, 9.787756, 0.004492, -0.004492, -0.071530, -0.005945, 
15.988000, 0.999359, -0.035786, -0.000013, 0.000243, -0.000034, 0.196300, 0.038943, -0.005967, -0.000002, 0.000029, 0.000082, -0.661746, 9.787729, 0.004412, -0.004412, -0.071586, -0.005967, 
15.998000, 0.999358, -0.035814, -0.000013, 0.000243, -0.000034, 0.196024, 0.038943, -0.005990, -0.000002, 0.000029, 0.000082, -0.662150, 9.787702, 0.004332, -0.004332, -0.071643, -0.005990, 
16.010000, 0.999357, -0.035849, -0.000013, 0.000243, -0.000033, 0.195699, 0.038943, -0.006450, -0.000002, 0.000029, 0.000082, -0.664932, 9.787508, 0.004220, -0.004220, -0.071713, -0.006450, 
16.022000, 0.999356, -0.035883, -0.000013, 0.000243, -0.000033, 0.195381, 0.038943, -0.005998, -0.000002, 0.000030, 0.000082, -0.663387, 9.787620, 0.004139, -0.004139, -0.071781, -0.005998, 
16.034000, 0.999355, -0.035917, -0.000013, 0.000243, -0.000033, 0.195069, 0.038943, -0.006490, -0.000002, 0.000030, 0.000082, -0.666002, 9.787437, 0.004026, -0.004026, -0.071850, -0.006490, 
16.046000, 0.999354, -0.035952, -0.000013, 0.000243, -0.000033, 0.194764, 0.038943, -0.006027, -0.000002, 0.000030, 0.000082, -0.664363, 9.787555, 0.003944, -0.003944, -0.071919, -0.006027, 
16.058000, 0.999352, -0.035987, -0.000013, 0.000244, -0.000033, 0.194465, 0.038943, -0.006543, -0.000002, 0.000031, 0.000082, -0.667060, 9.787366, 0.003829, -0.003829, -0.071989, -0.006543, 
16.070000, 0.999351, -0.036021, -0.000013, 0.000244, -0.000033, 0.194173, 0.038943, -0.006064, -0.000002, 0.000031, 0.000082, -0.665334, 9.787490, 0.003748, -0.003748, -0.072058, -0.006064, 
16.082000, 0.999350, -0.036057, -0.000013, 0.000244, -0.000033, 0.193888, 0.038943, -0.006603, -0.000002, 0.000031, 0.000082, -0.668121, 9.787295, 0.003632, -0.003632, -0.072129, -0.006603, 
16.094000, 0.999348, -0.036091, -0.000013, 0.000244, -0.000032, 0.193609, 0.038943, -0.006107, -0.000002, 0.000031, 0.000082, -0.666307, 9.787426, 0.003550, -0.003550, -0.072198, -0.006107, 
16.106000, 0.999347, -0.036127, -0.000013, 0.000244, -0.000032, 0.193337, 0.038943, -0.006668, -0.000002, 0.000032, 0.000082, -0.669189, 9.787223, 0.003432, -0.003432, -0.072270, -0.006668, 
16.118000, 0.999346, -0.036162, -0.000013, 0.000245, -0.000032, 0.193071, 0.038943, -0.006151, -0.000002, 0.000032, 0.000082, -0.667285, 9.787361, 0.003350, -0.003350, -0.072340, -0.006151, 
16.130000, 0.999345, -0.036198, -0.000013, 0.000245, -0.000032, 0.192813, 0.038943, -0.006735, -0.000002, 0.000033, 0.000082, -0.670267, 9.787150, 0.003230, -0.003230, -0.072412, -0.006735, 
16.142000, 0.999343, -0.036233, -0.000013, 0.000245, -0.000032, 0.192561, 0.038943, -0.006197, -0.000002, 0.000033, 0.000082, -0.668269, 9.787295, 0.003148, -0.003148, -0.072483, -0.006197, 
16.154000, 0.999342, -0.036270, -0.000013, 0.000245, -0.000032, 0.192316, 0.038943, -0.006804, -0.000002, 0.000033, 0.000082, -0.671355, 9.787077, 0.003027, -0.003027, -0.072556, -0.006804, 
16.166000, 0.999341, -0.036305, -0.000013, 0.000245, -0.000032, 0.192078, 0.038943, -0.006243, -0.000002, 0.000033, 0.000082, -0.669260, 9.787229, 0.002945, -0.002945, -0.072627, -0.006243, 
16.178000, 0.999339, -0.036342, -0.000013, 0.000246, -0.000032, 0.191846, 0.038943, -0.006874, -0.000002, 0.000034, 0.000082, -0.672454, 9.787003, 0.002822, -0.002822, -0.072700, -0.006874, 
16.190000, 0.999338, -0.036378, -0.000013, 0.000246, -0.000031, 0.191622, 0.038943, -0.006289, -0.000002, 0.000034, 0.000082, -0.670258, 9.787162, 0.002739, -0.002739, -0.072772, -0.006289, 
16.202000, 0.999337, -0.036415, -0.000013, 0.000246, -0.000031, 0.191405, 0.038943, -0.006945, -0.000003, 0.000034, 0.000082, -0.673564, 9.786928, 0.002615, -0.002615, -0.072846, -0.006945, 
16.214000, 0.999335, -0.036451, -0.000013, 0.000246, -0.000031, 0.191194, 0.038943, -0.006336, -0.000003, 0.000035, 0.000082, -0.671262, 9.787095, 0.002532, -0.002532, -0.072919, -0.006336, 
16.226000, 0.999334, -0.036489, -0.000013, 0.000246, -0.000031, 0.190991, 0.038943, -0.007017, -0.000003, 0.000035, 0.000082, -0.674686, 9.786852, 0.002406, -0.002406, -0.072994, -0.007017, 
16.238000, 0.999333, -0.036525, -0.000013, 0.000247, -0.000031, 0.190794, 0.038943, -0.006383, -0.000003, 0.000035, 0.000082, -0.672275, 9.787028, 0.002323, -0.002323, -0.073067, -0.006383, 
16.250000, 0.999331, -0.036563, -0.000013, 0.000247, -0.000031, 0.190605, 0.038943, -0.007090, -0.000003, 0.000036, 0.000082, -0.675819, 9.786775, 0.002195, -0.002195, -0.073142, -0.007090, 
16.262000, 0.999330, -0.036600, -0.000013, 0.000247, -0.000031, 0.190423, 0.038943, -0.006430, -0.000003, 0.000036, 0.000082, -0.673294, 9.786959, 0.002113, -0.002113, -0.073216, -0.006430, 
16.274000, 0.999329, -0.036638, -0.000013, 0.000247, -0.000031, 0.190248, 0.038943, -0.007165, -0.000003, 0.000036, 0.000082, -0.676965, 9.786697, 0.001983, -0.001983, -0.073292, -0.007165, 
16.286000, 0.999327, -0.036675, -0.000013, 0.000247, -0.000031, 0.190080, 0.038943, -0.006477, -0.000003, 0.000036, 0.000082, -0.674321, 9.786890, 0.001900, -0.001900, -0.073366, -0.006477, 
16.298000, 0.999326, -0.036713, -0.000013, 0.000248, -0.000031, 0.189919, 0.038943, -0.007241, -0.000003, 0.000037, 0.000082, -0.678123, 9.786618, 0.001768, -0.001768, -0.073443, -0.007241, 
16.310000, 0.999324, -0.036751, -0.000013, 0.000248, -0.000030, 0.189765, 0.038943, -0.006524, -0.000003, 0.000037, 0.000082, -0.675355, 9.786821, 0.001685, -0.001685, -0.073518, -0.006524, 
16.322000, 0.999323, -0.036790, -0.000013, 0.000248, -0.000030, 0.189619, 0.038943, -0.007317, -0.000003, 0.000037, 0.000082, -0.679293, 9.786539, 0.001551, -0.001551, -0.073596, -0.007317, 
16.334000, 0.999322, -0.036827, -0.000013, 0.000248, -0.000030, 0.189480, 0.038943, -0.006571, -0.000003, 0.000037, 0.000082, -0.676396, 9.786751, 0.001469, -0.001469, -0.073672, -0.006571, 
16.346000, 0.999320, -0.036867, -0.000013, 0.000249, -0.000030, 0.189348, 0.038943, -0.007395, -0.000003, 0.000038, 0.000082, -0.680476, 9.786458, 0.001333, -0.001333, -0.073750, -0.007395, 
16.358000, 0.999319, -0.036905, -0.000013, 0.000249, -0.000030, 0.189224, 0.038943, -0.006617, -0.000003, 0.000038, 0.000082, -0.677445, 9.786680, 0.001250, -0.001250, -0.073826, -0.006617, 
16.370000, 0.999317, -0.036944, -0.000013, 0.000249, -0.000030, 0.189107, 0.038943, -0.007474, -0.000003, 0.000039, 0.000082, -0.681672, 9.786376, 0.001112, -0.001112, -0.073906, -0.007474, 
16.382000, 0.999316, -0.036983, -0.000013, 0.000249, -0.000030, 0.188998, 0.038943, -0.006664, -0.000003, 0.000039, 0.000082, -0.678501, 9.786609, 0.001030, -0.001030, -0.073982, -0.006664, 
16.394000, 0.999314, -0.037023, -0.000013, 0.000249, -0.000030, 0.188896, 0.038943, -0.007555, -0.000003, 0.000039, 0.000082, -0.682880, 9.786293, 0.000890, -0.000890, -0.074063, -0.007555, 
16.406000, 0.999313, -0.037061, -0.000013, 0.000250, -0.000030, 0.188801, 0.038943, -0.006711, -0.000003, 0.000039, 0.000082, -0.679564, 9.786537, 0.000808, -0.000808, -0.074140, -0.006711, 
16.418000, 0.999311, -0.037102, -0.000013, 0.000250, -0.000030, 0.188714, 0.038943, -0.007636, -0.000003, 0.000040, 0.000082, -0.684102, 9.786209, 0.000665, -0.000665, -0.074221, -0.007636, 
16.430000, 0.999310, -0.037141, -0.000013, 0.000250, -0.000030, 0.188635, 0.038943, -0.006757, -0.000003, 0.000040, 0.000082, -0.680634, 9.786465, 0.000583, -0.000583, -0.074299, -0.006757, 
16.442000, 0.999308, -0.037182, -0.000013, 0.000250, -0.000030, 0.188563, 0.038943, -0.007719, -0.000003, 0.000040, 0.000082, -0.685337, 9.786124, 0.000439, -0.000439, -0.074380, -0.007719, 
16.454000, 0.999307, -0.037221, -0.000014, 0.000251, -0.000030, 0.188499, 0.038943, -0.006804, -0.000003, 0.000040, 0.000082, -0.681711, 9.786392, 0.000357, -0.000357, -0.074459, -0.006804, 
16.466000, 0.999305, -0.037262, -0.000014, 0.000251, -0.000030, 0.188442, 0.038943, -0.007803, -0.000003, 0.000041, 0.000082, -0.686586, 9.786038, 0.000210, -0.000210, -0.074542, -0.007803, 
16.478000, 0.999304, -0.037302, -0.000014, 0.000251, -0.000030, 0.188393, 0.038943, -0.006850, -0.000003, 0.000041, 0.000082, -0.682796, 9.786319, 0.000128, -0.000128, -0.074621, -0.006850, 
16.490000, 0.999302, -0.037343, -0.000014, 0.000251, -0.000030, 0.188352, 0.038943, -0.007889, -0.000003, 0.000041, 0.000082, -0.687849, 9.785951, -0.000021, 0.000021, -0.074704, -0.007889, 
16.502000, 0.999301, -0.037383, -0.000014, 0.000252, -0.000030, 0.188318, 0.038943, -0.006896, -0.000003, 0.000041, 0.000082, -0.683887, 9.786245, -0.000102, 0.000102, -0.074784, -0.006896, 
16.514000, 0.999299, -0.037425, -0.000014, 0.000252, -0.000030, 0.188293, 0.038943, -0.007976, -0.000003, 0.000042, 0.000082, -0.689125, 9.785863, -0.000253, 0.000253, -0.074868, -0.007976, 
16.526000, 0.999298, -0.037466, -0.000014, 0.000252, -0.000030, 0.188275, 0.038943, -0.006942, -0.000003, 0.000042, 0.000082, -0.684986, 9.786170, -0.000334, 0.000334, -0.074949, -0.006942, 
16.538000, 0.999296, -0.037508, -0.000014, 0.000252, -0.000030, 0.188265, 0.038943, -0.008064, -0.000003, 0.000043, 0.000081, -0.690417, 9.785773, -0.000488, 0.000488, -0.075034, -0.008064, 
16.550000, 0.999295, -0.037549, -0.000014, 0.000253, -0.000030, 0.188263, 0.038943, -0.006987, -0.000003, 0.000042, 0.000082, -0.686091, 9.786095, -0.000569, 0.000569, -0.075115, -0.006987, 
16.562000, 0.999293, -0.037592, -0.000014, 0.000253, -0.000030, 0.188269, 0.038943, -0.008154, -0.000003, 0.000043, 0.000081, -0.691722, 9.785683, -0.000725, 0.000725, -0.075201, -0.008154, 
16.574000, 0.999292, -0.037632, -0.000014, 0.000253, -0.000030, 0.188283, 0.038943, -0.007033, -0.000003, 0.000043, 0.000081, -0.687204, 9.786020, -0.000806, 0.000806, -0.075283, -0.007033, 
16.586000, 0.999290, -0.037676, -0.000014, 0.000253, -0.000030, 0.188305, 0.038943, -0.008245, -0.000003, 0.000044, 0.000081, -0.693042, 9.785591, -0.000965, 0.000965, -0.075369, -0.008245, 
16.598000, 0.999288, -0.037717, -0.000014, 0.000254, -0.000030, 0.188335, 0.038943, -0.007078, -0.000003, 0.000043, 0.000081, -0.688324, 9.785943, -0.001044, 0.001044, -0.075452, -0.007078, 
16.610000, 0.999287, -0.037761, -0.000014, 0.000254, -0.000030, 0.188373, 0.038943, -0.008338, -0.000003, 0.000044, 0.000081, -0.694378, 9.785498, -0.001206, 0.001206, -0.075539, -0.008338, 
16.622000, 0.999285, -0.037802, -0.000014, 0.000254, -0.000030, 0.188419, 0.038943, -0.007123, -0.000003, 0.000044, 0.000081, -0.689450, 9.785867, -0.001285, 0.001285, -0.075623, -0.007123, 
16.634000, 0.999284, -0.037846, -0.000014, 0.000254, -0.000030, 0.188473, 0.038943, -0.008432, -0.000003, 0.000045, 0.000081, -0.695729, 9.785403, -0.001450, 0.001450, -0.075711, -0.008432, 
16.646000, 0.999282, -0.037888, -0.000014, 0.000255, -0.000030, 0.188536, 0.038943, -0.007167, -0.000003, 0.000045, 0.000081, -0.690583, 9.785789, -0.001528, 0.001528, -0.075795, -0.007167, 
16.658000, 0.999280, -0.037933, -0.000014, 0.000255, -0.000030, 0.188607, 0.038943, -0.008528, -0.000003, 0.000045, 0.000081, -0.697095, 9.785308, -0.001695, 0.001695, -0.075884, -0.008528, 
16.670000, 0.999279, -0.037975, -0.000014, 0.000255, -0.000030, 0.188686, 0.038943, -0.007211, -0.000003, 0.000045, 0.000081, -0.691723, 9.785711, -0.001773, 0.001773, -0.075969, -0.007211, 
16.682000, 0.999277, -0.038020, -0.000014, 0.000256, -0.000030, 0.188773, 0.038943, -0.008626, -0.000004, 0.000046, 0.000081, -0.698477, 9.785211, -0.001943, 0.001943, -0.076059, -0.008626, 
16.694000, 0.999275, -0.038063, -0.000014, 0.000256, -0.000030, 0.188869, 0.038943, -0.007254, -0.000003, 0.000046, 0.000081, -0.692869, 9.785633, -0.002021, 0.002021, -0.076144, -0.007254, 
16.706000, 0.999274, -0.038108, -0.000014, 0.000256, -0.000030, 0.188973, 0.038943, -0.008725, -0.000004, 0.000046, 0.000081, -0.699875, 9.785113, -0.002194, 0.002194, -0.076235, -0.008725, 
16.718000, 0.999272, -0.038151, -0.000014, 0.000256, -0.000030, 0.189085, 0.038943, -0.007298, -0.000004, 0.000046, 0.000081, -0.694022, 9.785554, -0.002270, 0.002270, -0.076321, -0.007298, 
16.730000, 0.999270, -0.038197, -0.000014, 0.000257, -0.000030, 0.189206, 0.038943, -0.008826, -0.000004, 0.000047, 0.000081, -0.701290, 9.785013, -0.002446, 0.002446, -0.076413, -0.008826, 
16.742000, 0.999269, -0.038240, -0.000014, 0.000257, -0.000030, 0.189335, 0.038943, -0.007340, -0.000004, 0.000047, 0.000081, -0.695181, 9.785475, -0.002522, 0.002522, -0.076499, -0.007340, 
16.754000, 0.999267, -0.038287, -0.000014, 0.000257, -0.000030, 0.189473, 0.038943, -0.008929, -0.000004, 0.000047, 0.000081, -0.702721, 9.784912, -0.002701, 0.002701, -0.076592, -0.008929, 
16.766000, 0.999265, -0.038330, -0.000014, 0.000257, -0.000030, 0.189620, 0.038943, -0.007382, -0.000004, 0.000047, 0.000081, -0.696347, 9.785395, -0.002776, 0.002776, -0.076680, -0.007382, 
16.778000, 0.999263, -0.038377, -0.000014, 0.000258, -0.000031, 0.189775, 0.038943, -0.009034, -0.000004, 0.000048, 0.000081, -0.704170, 9.784809, -0.002958, 0.002958, -0.076773, -0.009034, 
16.790000, 0.999262, -0.038421, -0.000014, 0.000258, -0.000031, 0.189939, 0.038943, -0.007424, -0.000004, 0.000047, 0.000081, -0.697519, 9.785314, -0.003032, 0.003032, -0.076861, -0.007424, 
16.802000, 0.999260, -0.038468, -0.000014, 0.000258, -0.000031, 0.190111, 0.038943, -0.009141, -0.000004, 0.000048, 0.000081, -0.705636, 9.784706, -0.003218, 0.003218, -0.076956, -0.009141, 
16.814000, 0.999258, -0.038513, -0.000014, 0.000259, -0.000031, 0.190292, 0.038943, -0.007465, -0.000004, 0.000048, 0.000081, -0.698697, 9.785233, -0.003290, 0.003290, -0.077045, -0.007465, 
16.826000, 0.999256, -0.038561, -0.000014, 0.000259, -0.000031, 0.190482, 0.038943, -0.009249, -0.000004, 0.000049, 0.000081, -0.707119, 9.784600, -0.003480, 0.003480, -0.077140, -0.009249, 
16.838000, 0.999255, -0.038605, -0.000014, 0.000259, -0.000031, 0.190681, 0.038943, -0.007505, -0.000004, 0.000048, 0.000081, -0.699881, 9.785152, -0.003551, 0.003551, -0.077230, -0.007505, 
16.850000, 0.999253, -0.038653, -0.000014, 0.000259, -0.000031, 0.190888, 0.038943, -0.009360, -0.000004, 0.000049, 0.000081, -0.708621, 9.784493, -0.003744, 0.003744, -0.077326, -0.009360, 
16.862000, 0.999251, -0.038699, -0.000014, 0.000260, -0.000031, 0.191105, 0.038943, -0.007544, -0.000004, 0.000049, 0.000081, -0.701070, 9.785070, -0.003814, 0.003814, -0.077416, -0.007544, 
16.874000, 0.999249, -0.038747, -0.000014, 0.000260, -0.000031, 0.191330, 0.038943, -0.009473, -0.000004, 0.000050, 0.000080, -0.710141, 9.784385, -0.004011, 0.004011, -0.077514, -0.009473, 
16.886000, 0.999247, -0.038793, -0.000014, 0.000260, -0.000031, 0.191564, 0.038943, -0.007583, -0.000004, 0.000049, 0.000080, -0.702266, 9.784987, -0.004080, 0.004080, -0.077605, -0.007583, 
16.898000, 0.999245, -0.038842, -0.000014, 0.000261, -0.000032, 0.191807, 0.038943, -0.009588, -0.000004, 0.000050, 0.000080, -0.711679, 9.784275, -0.004280, 0.004280, -0.077703, -0.009588, 
16.910000, 0.999244, -0.038888, -0.000014, 0.000261, -0.000032, 0.192060, 0.038943, -0.007621, -0.000004, 0.000050, 0.000080, -0.703467, 9.784905, -0.004348, 0.004348, -0.077795, -0.007621, 
16.922000, 0.999242, -0.038937, -0.000014, 0.000261, -0.000032, 0.192321, 0.038943, -0.009705, -0.000004, 0.000051, 0.000080, -0.713237, 9.784163, -0.004552, 0.004552, -0.077894, -0.009705, 
16.934000, 0.999240, -0.038983, -0.000014, 0.000262, -0.000032, 0.192592, 0.038943, -0.007658, -0.000004, 0.000050, 0.000080, -0.704674, 9.784821, -0.004618, 0.004618, -0.077987, -0.007658, 
16.946000, 0.999238, -0.039034, -0.000014, 0.000262, -0.000032, 0.192871, 0.038943, -0.009825, -0.000004, 0.000051, 0.000080, -0.714814, 9.784050, -0.004826, 0.004826, -0.078087, -0.009825, 
16.958000, 0.999236, -0.039080, -0.000014, 0.000262, -0.000032, 0.193160, 0.038943, -0.007694, -0.000004, 0.000051, 0.000080, -0.705886, 9.784737, -0.004890, 0.004890, -0.078180, -0.007694, 
16.970000, 0.999234, -0.039131, -0.000014, 0.000262, -0.000032, 0.193458, 0.038943, -0.009947, -0.000004, 0.000052, 0.000080, -0.716411, 9.783935, -0.005103, 0.005103, -0.078281, -0.009947, 
16.982000, 0.999232, -0.039178, -0.000014, 0.000263, -0.000033, 0.193766, 0.038943, -0.007729, -0.000004, 0.000051, 0.000080, -0.707103, 9.784653, -0.005165, 0.005165, -0.078375, -0.007729, 
16.994000, 0.999230, -0.039229, -0.000015, 0.000263, -0.000033, 0.194083, 0.038943, -0.010071, -0.000004, 0.000052, 0.000080, -0.718028, 9.783818, -0.005382, 0.005382, -0.078478, -0.010071, 
17.006000, 0.999228, -0.039276, -0.000015, 0.000263, -0.000033, 0.194409, 0.038943, -0.007763, -0.000004, 0.000052, 0.000080, -0.708325, 9.784569, -0.005442, 0.005442, -0.078572, -0.007763, 
17.018000, 0.999226, -0.039328, -0.000015, 0.000264, -0.000033, 0.194744, 0.038943, -0.010198, -0.000004, 0.000052, 0.000080, -0.719666, 9.783699, -0.005664, 0.005664, -0.078676, -0.010198, 
17.030000, 0.999224, -0.039375, -0.000015, 0.000264, -0.000033, 0.195089, 0.038943, -0.007796, -0.000004, 0.000052, 0.000080, -0.709552, 9.784484, -0.005722, 0.005722, -0.078771, -0.007796, 
17.042000, 0.999222, -0.039428, -0.000015, 0.000264, -0.000033, 0.195444, 0.038943, -0.010327, -0.000004, 0.000053, 0.000080, -0.721325, 9.783579, -0.005948, 0.005948, -0.078876, -0.010327, 
17.054000, 0.999221, -0.039476, -0.000015, 0.000265, -0.000034, 0.195808, 0.038943, -0.007828, -0.000004, 0.000052, 0.000080, -0.710783, 9.784398, -0.006005, 0.006005, -0.078972, -0.007828, 
17.066000, 0.999218, -0.039528, -0.000015, 0.000265, -0.000034, 0.196181, 0.038943, -0.010459, -0.000004, 0.000053, 0.000080, -0.723006, 9.783457, -0.006235, 0.006235, -0.079077, -0.010459, 
17.078000, 0.999217, -0.039577, -0.000015, 0.000265, -0.000034, 0.196565, 0.038943, -0.007859, -0.000004, 0.000053, 0.000080, -0.712018, 9.784313, -0.006289, 0.006289, -0.079174, -0.007859, 
17.090000, 0.999214, -0.039630, -0.000015, 0.000266, -0.000034, 0.196958, 0.038943, -0.010594, -0.000004, 0.000054, 0.000080, -0.724708, 9.783333, -0.006524, 0.006524, -0.079281, -0.010594, 
17.102000, 0.999212, -0.039679, -0.000015, 0.000266, -0.000034, 0.197360, 0.038943, -0.007888, -0.000004, 0.000053, 0.000080, -0.713258, 9.784227, -0.006577, 0.006577, -0.079378, -0.007888, 
17.114000, 0.999210, -0.039733, -0.000015, 0.000266, -0.000035, 0.197773, 0.038943, -0.010731, -0.000004, 0.000054, 0.000079, -0.726433, 9.783207, -0.006817, 0.006817, -0.079486, -0.010731, 
17.126000, 0.999208, -0.039782, -0.000015, 0.000267, -0.000035, 0.198195, 0.038943, -0.007916, -0.000004, 0.000054, 0.000080, -0.714501, 9.784140, -0.006866, 0.006866, -0.079584, -0.007916, 
17.138000, 0.999206, -0.039836, -0.000015, 0.000267, -0.000035, 0.198627, 0.038943, -0.010872, -0.000004, 0.000055, 0.000079, -0.728181, 9.783079, -0.007111, 0.007111, -0.079693, -0.010872, 
17.150000, 0.999204, -0.039885, -0.000015, 0.000267, -0.000035, 0.199069, 0.038943, -0.007942, -0.000004, 0.000054, 0.000079, -0.715749, 9.784054, -0.007159, 0.007159, -0.079792, -0.007942, 
17.162000, 0.999202, -0.039940, -0.000015, 0.000268, -0.000036, 0.199520, 0.038943, -0.011015, -0.000004, 0.000055, 0.000079, -0.729953, 9.782948, -0.007409, 0.007409, -0.079902, -0.011015, 
17.174000, 0.999200, -0.039990, -0.000015, 0.000268, -0.000036, 0.199982, 0.038943, -0.007967, -0.000004, 0.000054, 0.000079, -0.716999, 9.783967, -0.007454, 0.007454, -0.080002, -0.007967, 
17.186000, 0.999198, -0.040046, -0.000015, 0.000268, -0.000036, 0.200454, 0.038943, -0.011162, -0.000004, 0.000055, 0.000079, -0.731748, 9.782816, -0.007709, 0.007709, -0.080113, -0.011162, 
17.198000, 0.999196, -0.040096, -0.000015, 0.000269, -0.000036, 0.200936, 0.038943, -0.007990, -0.000004, 0.000055, 0.000079, -0.718253, 9.783880, -0.007751, 0.007751, -0.080213, -0.007990, 
17.210000, 0.999194, -0.040152, -0.000015, 0.000269, -0.000037, 0.201428, 0.038943, -0.011312, -0.000005, 0.000056, 0.000079, -0.733568, 9.782682, -0.008013, 0.008013, -0.080326, -0.011312, 
17.222000, 0.999192, -0.040203, -0.000015, 0.000269, -0.000037, 0.201930, 0.038943, -0.008012, -0.000004, 0.000055, 0.000079, -0.719509, 9.783792, -0.008051, 0.008051, -0.080427, -0.008012, 
17.234000, 0.999189, -0.040259, -0.000015, 0.000270, -0.000037, 0.202443, 0.038943, -0.011465, -0.000005, 0.000056, 0.000079, -0.735413, 9.782545, -0.008318, 0.008318, -0.080540, -0.011465, 
17.246000, 0.999187, -0.040310, -0.000015, 0.000270, -0.000038, 0.202965, 0.038943, -0.008032, -0.000004, 0.000055, 0.000079, -0.720768, 9.783705, -0.008354, 0.008354, -0.080642, -0.008032, 
17.258000, 0.999185, -0.040368, -0.000015, 0.000270, -0.000038, 0.203498, 0.038943, -0.011621, -0.000005, 0.000057, 0.000079, -0.737283, 9.782406, -0.008627, 0.008627, -0.080757, -0.011621, 
17.270000, 0.999183, -0.040419, -0.000015, 0.000271, -0.000038, 0.204042, 0.038943, -0.008050, -0.000004, 0.000056, 0.000079, -0.722028, 9.783617, -0.008660, 0.008660, -0.080860, -0.008050, 
17.282000, 0.999180, -0.040477, -0.000015, 0.000271, -0.000038, 0.204595, 0.038943, -0.011781, -0.000005, 0.000057, 0.000079, -0.739180, 9.782265, -0.008939, 0.008939, -0.080976, -0.011781, 
17.294000, 0.999178, -0.040528, -0.000015, 0.000271, -0.000039, 0.205159, 0.038943, -0.008066, -0.000005, 0.000056, 0.000079, -0.723291, 9.783529, -0.008968, 0.008968, -0.081079, -0.008066, 
17.306000, 0.999176, -0.040587, -0.000015, 0.000272, -0.000039, 0.205734, 0.038943, -0.011945, -0.000005, 0.000058, 0.000078, -0.741103, 9.782121, -0.009253, 0.009253, -0.081196, -0.011945, 
17.318000, 0.999174, -0.040639, -0.000015, 0.000272, -0.000039, 0.206319, 0.038943, -0.008079, -0.000005, 0.000057, 0.000079, -0.724555, 9.783441, -0.009279, 0.009279, -0.081300, -0.008079, 
17.330000, 0.999171, -0.040698, -0.000015, 0.000272, -0.000040, 0.206914, 0.038943, -0.012112, -0.000005, 0.000058, 0.000078, -0.743054, 9.781975, -0.009571, 0.009571, -0.081419, -0.012112, 
17.342000, 0.999169, -0.040750, -0.000015, 0.000273, -0.000040, 0.207521, 0.038943, -0.008091, -0.000005, 0.000057, 0.000078, -0.725821, 9.783353, -0.009592, 0.009592, -0.081523, -0.008091, 
17.354000, 0.999167, -0.040810, -0.000015, 0.000273, -0.000040, 0.208138, 0.038943, -0.012284, -0.000005, 0.000058, 0.000078, -0.745032, 9.781826, -0.009891, 0.009891, -0.081643, -0.012284, 
17.366000, 0.999165, -0.040863, -0.000015, 0.000273, -0.000041, 0.208765, 0.038943, -0.008100, -0.000005, 0.000057, 0.000078, -0.727086, 9.783265, -0.009908, 0.009908, -0.081749, -0.008100, 
17.378000, 0.999162, -0.040923, -0.000015, 0.000274, -0.000041, 0.209404, 0.038943, -0.012459, -0.000005, 0.000059, 0.000078, -0.747040, 9.781675, -0.010214, 0.010214, -0.081870, -0.012459, 
17.390000, 0.999160, -0.040976, -0.000015, 0.000274, -0.000041, 0.210053, 0.038943, -0.008107, -0.000005, 0.000058, 0.000078, -0.728353, 9.783177, -0.010227, 0.010227, -0.081976, -0.008107, 
17.402000, 0.999158, -0.041038, -0.000015, 0.000274, -0.000042, 0.210713, 0.038943, -0.012638, -0.000005, 0.000059, 0.000078, -0.749076, 9.781521, -0.010540, 0.010540, -0.082098, -0.012638, 
17.414000, 0.999155, -0.041091, -0.000015, 0.000275, -0.000042, 0.211384, 0.038943, -0.008112, -0.000005, 0.000058, 0.000078, -0.729619, 9.783089, -0.010549, 0.010549, -0.082205, -0.008112, 
17.426000, 0.999153, -0.041153, -0.000016, 0.000275, -0.000042, 0.212066, 0.038943, -0.012822, -0.000005, 0.000060, 0.000078, -0.751143, 9.781364, -0.010870, 0.010870, -0.082329, -0.012822, 
17.438000, 0.999151, -0.041207, -0.000016, 0.000275, -0.000043, 0.212759, 0.038943, -0.008113, -0.000005, 0.000058, 0.000078, -0.730884, 9.783001, -0.010874, 0.010874, -0.082437, -0.008113, 
17.450000, 0.999148, -0.041269, -0.000016, 0.000276, -0.000043, 0.213463, 0.038943, -0.013010, -0.000005, 0.000060, 0.000078, -0.753241, 9.781205, -0.011202, 0.011202, -0.082562, -0.013010, 
17.462000, 0.999146, -0.041323, -0.000016, 0.000276, -0.000044, 0.214178, 0.038943, -0.008112, -0.000005, 0.000059, 0.000078, -0.732148, 9.782913, -0.011201, 0.011201, -0.082670, -0.008112, 
17.474000, 0.999143, -0.041387, -0.000016, 0.000276, -0.000044, 0.214904, 0.038943, -0.013203, -0.000005, 0.000060, 0.000077, -0.755370, 9.781042, -0.011537, 0.011537, -0.082797, -0.013203, 
17.486000, 0.999141, -0.041441, -0.000016, 0.000277, -0.000044, 0.215642, 0.038943, -0.008108, -0.000005, 0.000059, 0.000078, -0.733411, 9.782825, -0.011531, 0.011531, -0.082906, -0.008108, 
17.498000, 0.999138, -0.041505, -0.000016, 0.000277, -0.000045, 0.216391, 0.038943, -0.013400, -0.000005, 0.000061, 0.000077, -0.757531, 9.780877, -0.011876, 0.011876, -0.083034, -0.013400, 
17.510000, 0.999136, -0.041560, -0.000016, 0.000277, -0.000045, 0.217151, 0.038943, -0.008101, -0.000005, 0.000059, 0.000078, -0.734672, 9.782738, -0.011865, 0.011865, -0.083143, -0.008101, 
17.522000, 0.999133, -0.041624, -0.000016, 0.000278, -0.000046, 0.217922, 0.038943, -0.013602, -0.000005, 0.000061, 0.000077, -0.759726, 9.780708, -0.012218, 0.012218, -0.083273, -0.013602, 
17.534000, 0.999131, -0.041679, -0.000016, 0.000278, -0.000046, 0.218705, 0.038943, -0.008091, -0.000005, 0.000060, 0.000077, -0.735930, 9.782651, -0.012201, 0.012201, -0.083383, -0.008091, 
17.546000, 0.999128, -0.041745, -0.000016, 0.000279, -0.000047, 0.219499, 0.038943, -0.013809, -0.000005, 0.000062, 0.000077, -0.761954, 9.780537, -0.012563, 0.012563, -0.083514, -0.013809, 
17.558000, 0.999126, -0.041800, -0.000016, 0.000279, -0.000047, 0.220306, 0.038943, -0.008077, -0.000005, 0.000060, 0.000077, -0.737185, 9.782564, -0.012540, 0.012540, -0.083625, -0.008077, 
17.570000, 0.999123, -0.041866, -0.000016, 0.000279, -0.000047, 0.221123, 0.038943, -0.014022, -0.000005, 0.000062, 0.000077, -0.764218, 9.780362, -0.012911, 0.012911, -0.083757, -0.014022, 
17.582000, 0.999121, -0.041922, -0.000016, 0.000280, -0.000048, 0.221952, 0.038943, -0.008060, -0.000005, 0.000061, 0.000077, -0.738436, 9.782478, -0.012882, 0.012882, -0.083869, -0.008060, 
17.594000, 0.999118, -0.041989, -0.000016, 0.000280, -0.000048, 0.222792, 0.038943, -0.014239, -0.000005, 0.000063, 0.000077, -0.766517, 9.780184, -0.013262, 0.013262, -0.084003, -0.014239, 
17.606000, 0.999116, -0.042045, -0.000016, 0.000280, -0.000049, 0.223645, 0.038943, -0.008039, -0.000005, 0.000061, 0.000077, -0.739683, 9.782392, -0.013226, 0.013226, -0.084115, -0.008039, 
17.618000, 0.999113, -0.042113, -0.000016, 0.000281, -0.000049, 0.224509, 0.038943, -0.014463, -0.000005, 0.000063, 0.000077, -0.768852, 9.780002, -0.013617, 0.013617, -0.084251, -0.014463, 
17.630000, 0.999110, -0.042169, -0.000016, 0.000281, -0.000050, 0.225385, 0.038943, -0.008014, -0.000005, 0.000061, 0.000077, -0.740925, 9.782307, -0.013574, 0.013574, -0.084364, -0.008014, 
17.642000, 0.999108, -0.042238, -0.000016, 0.000282, -0.000050, 0.226273, 0.038943, -0.014692, -0.000005, 0.000064, 0.000076, -0.771225, 9.779817, -0.013975, 0.013975, -0.084501, -0.014692, 
17.654000, 0.999105, -0.042295, -0.000016, 0.000282, -0.000051, 0.227173, 0.038943, -0.007986, -0.000005, 0.000062, 0.000077, -0.742161, 9.782222, -0.013925, 0.013925, -0.084615, -0.007986, 
17.666000, 0.999102, -0.042364, -0.000016, 0.000282, -0.000051, 0.228084, 0.038943, -0.014927, -0.000006, 0.000064, 0.000076, -0.773637, 9.779628, -0.014336, 0.014336, -0.084753, -0.014927, 
17.678000, 0.999100, -0.042421, -0.000016, 0.000283, -0.000052, 0.229009, 0.038943, -0.007953, -0.000005, 0.000062, 0.000076, -0.743391, 9.782138, -0.014279, 0.014279, -0.084868, -0.007953, 
17.690000, 0.999097, -0.042491, -0.000016, 0.000283, -0.000052, 0.229944, 0.038943, -0.015168, -0.000006, 0.000065, 0.000076, -0.776088, 9.779435, -0.014701, 0.014701, -0.085008, -0.015168, 
17.702000, 0.999094, -0.042549, -0.000016, 0.000283, -0.000053, 0.230893, 0.038943, -0.007915, -0.000005, 0.000063, 0.000076, -0.744613, 9.782054, -0.014636, 0.014636, -0.085123, -0.007915, 
17.714000, 0.999091, -0.042620, -0.000016, 0.000284, -0.000054, 0.231853, 0.038943, -0.015415, -0.000006, 0.000065, 0.000076, -0.778579, 9.779239, -0.015069, 0.015069, -0.085265, -0.015415, 
17.726000, 0.999089, -0.042677, -0.000016, 0.000284, -0.000054, 0.232826, 0.038943, -0.007873, -0.000005, 0.000063, 0.000076, -0.745828, 9.781972, -0.014996, 0.014996, -0.085381, -0.007873, 
17.738000, 0.999086, -0.042749, -0.000016, 0.000285, -0.000055, 0.233810, 0.038943, -0.015669, -0.000006, 0.000066, 0.000076, -0.781112, 9.779038, -0.015440, 0.015440, -0.085524, -0.015669, 
17.750000, 0.999083, -0.042807, -0.000016, 0.000285, -0.000055, 0.234808, 0.038943, -0.007827, -0.000005, 0.000064, 0.000076, -0.747034, 9.781890, -0.015359, 0.015359, -0.085640, -0.007827, 
17.762000, 0.999080, -0.042880, -0.000016, 0.000285, -0.000056, 0.235817, 0.038943, -0.015930, -0.000006, 0.000066, 0.000075, -0.783688, 9.778833, -0.015815, 0.015815, -0.085786, -0.015930, 
17.774000, 0.999078, -0.042938, -0.000016, 0.000286, -0.000056, 0.236840, 0.038943, -0.007775, -0.000005, 0.000064, 0.000076, -0.748231, 9.781809, -0.015725, 0.015725, -0.085903, -0.007775, 
17.786000, 0.999075, -0.043012, -0.000016, 0.000286, -0.000057, 0.237874, 0.038943, -0.016198, -0.000006, 0.000067, 0.000075, -0.786308, 9.778625, -0.016194, 0.016194, -0.086050, -0.016198, 
17.798000, 0.999072, -0.043070, -0.000017, 0.000287, -0.000058, 0.238922, 0.038943, -0.007718, -0.000006, 0.000065, 0.000076, -0.749417, 9.781729, -0.016094, 0.016094, -0.086167, -0.007718, 
17.810000, 0.999069, -0.043145, -0.000017, 0.000287, -0.000058, 0.239981, 0.038943, -0.016473, -0.000006, 0.000068, 0.000075, -0.788972, 9.778411, -0.016576, 0.016576, -0.086316, -0.016473, 
17.822000, 0.999066, -0.043204, -0.000017, 0.000287, -0.000059, 0.241054, 0.038943, -0.007656, -0.000006, 0.000065, 0.000075, -0.750592, 9.781651, -0.016467, 0.016467, -0.086434, -0.007656, 
17.834000, 0.999063, -0.043279, -0.000017, 0.000288, -0.000059, 0.242139, 0.038943, -0.016756, -0.000006, 0.000069, 0.000075, -0.791683, 9.778194, -0.016962, 0.016962, -0.086585, -0.016756, 
17.846000, 0.999060, -0.043338, -0.000017, 0.000288, -0.000060, 0.243238, 0.038943, -0.007588, -0.000006, 0.000066, 0.000075, -0.751755, 9.781574, -0.028646, 0.028646, -0.086704, -0.007588, 
17.858000, 0.999142, -0.041409, -0.000016, 0.000288, -0.000061, 0.244494, 0.038943, 0.501900, 0.000012, -0.000071, 0.000079, 0.377017, 9.875448, -0.019847, 0.019847, -0.082841, 0.501900, 
17.870000, 0.999239, -0.039012, -0.000015, 0.000288, -0.000062, 0.245793, 0.038943, 0.341716, -0.000001, 0.000013, 0.000063, -1.082174, 9.756457, -0.031095, 0.031095, -0.078045, 0.341716, 
17.882000, 0.999375, -0.035352, -0.000014, 0.000288, -0.000062, 0.247192, 0.038943, 0.758498, 0.000011, -0.000087, 0.000083, 0.265396, 9.855370, -0.021148, 0.021148, -0.070720, 0.758498, 
17.894000, 0.999496, -0.031750, -0.000013, 0.000288, -0.000063, 0.248591, 0.038943, 0.513993, -0.000003, 0.000015, 0.000067, -1.155743, 9.755781, -0.032212, 0.032212, -0.063510, 0.513993, 
17.906000, 0.999630, -0.027207, -0.000012, 0.000287, -0.000064, 0.250061, 0.038943, 0.893195, 0.000008, -0.000086, 0.000090, 0.308634, 9.844015, -0.021366, 0.021366, -0.054421, 0.893195, 
17.918000, 0.999736, -0.022988, -0.000011, 0.000287, -0.000065, 0.251505, 0.038943, 0.600423, -0.000005, 0.000015, 0.000070, -1.130828, 9.766012, -0.032493, 0.032493, -0.045980, 0.600423, 
17.930000, 0.999838, -0.017976, -0.000009, 0.000287, -0.000066, 0.253003, 0.038944, 0.967977, 0.000007, -0.000096, 0.000097, 0.421432, 9.835164, -0.020897, 0.020897, -0.035954, 0.967977, 
17.942000, 0.999910, -0.013432, -0.000008, 0.000287, -0.000066, 0.254456, 0.038944, 0.644252, -0.000004, 0.000001, 0.000073, -1.058881, 9.781184, -0.032222, 0.032222, -0.026865, 0.644252, 
17.954000, 0.999967, -0.008157, -0.000006, 0.000286, -0.000067, 0.255951, 0.038944, 1.012965, 0.000006, -0.000119, 0.000103, 0.568841, 9.825594, -0.019953, 0.019953, -0.016314, 1.012965, 
17.966000, 0.999994, -0.003433, -0.000005, 0.000286, -0.000068, 0.257387, 0.038944, 0.666959, -0.000004, -0.000026, 0.000075, -0.962680, 9.798211, -0.019737, 0.019737, -0.006866, 0.666959, 
17.978000, 1.000000, -0.000004, -0.000004, 0.000286, -0.000069, 0.258708, 0.038944, 0.524368, -0.000005, -0.000022, 0.000098, -0.440370, 9.808558, -0.016135, 0.016135, -0.000007, 0.524368, 
17.990000, 0.999997, 0.002369, -0.000004, 0.000286, -0.000070, 0.259930, 0.038943, 0.329577, -0.000005, -0.000012, 0.000099, -0.524377, 9.811058, -0.016658, 0.016658, 0.004738, 0.329577, 
18.002000, 0.999991, 0.004177, -0.000003, 0.000286, -0.000070, 0.261087, 0.038943, 0.290654, -0.000002, -0.000049, 0.000104, -0.153944, 9.812261, -0.013580, 0.013580, 0.008354, 0.290654, 
18.014000, 0.999985, 0.005412, -0.000003, 0.000285, -0.000071, 0.262176, 0.038943, 0.163660, -0.000002, -0.000055, 0.000098, -0.338114, 9.813544, -0.014624, 0.014624, 0.010824, 0.163660, 
18.026000, 0.999979, 0.006423, -0.000002, 0.000285, -0.000072, 0.263220, 0.038943, 0.175523, -0.000000, -0.000095, 0.000101, -0.015970, 9.811881, -0.011808, 0.011808, 0.012846, 0.175523, 
18.038000, 0.999975, 0.007094, -0.000002, 0.000284, -0.000072, 0.264211, 0.038943, 0.080739, -0.000001, -0.000097, 0.000095, -0.247958, 9.813717, -0.013155, 0.013155, 0.014188, 0.080739, 
18.050000, 0.999970, 0.007710, -0.000002, 0.000284, -0.000073, 0.265168, 0.038943, 0.118823, 0.000000, -0.000132, 0.000099, 0.056802, 9.811030, -0.010434, 0.010434, 0.015420, 0.118823, 
18.062000, 0.999967, 0.008099, -0.000002, 0.000283, -0.000073, 0.266078, 0.038943, 0.038994, -0.000002, -0.000127, 0.000093, -0.203200, 9.813616, -0.011967, 0.011967, 0.016199, 0.038994, 
18.074000, 0.999964, 0.008520, -0.000002, 0.000282, -0.000074, 0.266960, 0.038943, 0.091224, -0.000001, -0.000156, 0.000098, 0.097895, 9.810425, -0.009255, 0.009255, 0.017040, 0.091224, 
18.086000, 0.999962, 0.008769, -0.000002, 0.000281, -0.000074, 0.267798, 0.038943, 0.017755, -0.000002, -0.000146, 0.000093, -0.180917, 9.813627, -0.010916, 0.010916, 0.017538, 0.017755, 
18.098000, 0.999959, 0.009094, -0.000002, 0.000280, -0.000075, 0.268610, 0.038943, 0.078156, -0.000001, -0.000172, 0.000098, 0.123342, 9.810058, -0.008169, 0.008169, 0.018188, 0.078156, 
18.110000, 0.999957, 0.009272, -0.000002, 0.000279, -0.000075, 0.269380, 0.038943, 0.006731, -0.000003, -0.000157, 0.000092, -0.169876, 9.813746, -0.009929, 0.009929, 0.018545, 0.006731, 
18.122000, 0.999954, 0.009551, -0.000002, 0.000278, -0.000075, 0.270125, 0.038943, 0.072352, -0.000002, -0.000181, 0.000098, 0.141084, 9.809822, -0.007124, 0.007124, 0.019103, 0.072352, 
18.134000, 0.999953, 0.009694, -0.000001, 0.000277, -0.000076, 0.270828, 0.038943, 0.000785, -0.000004, -0.000164, 0.000092, -0.164493, 9.813921, -0.008971, 0.008971, 0.019389, 0.000785, 
18.146000, 0.999950, 0.009953, -0.000001, 0.000276, -0.000076, 0.271507, 0.038943, 0.070190, -0.000002, -0.000188, 0.000098, 0.155082, 9.809640, -0.006096, 0.006096, 0.019905, 0.070190, 
18.158000, 0.999949, 0.010078, -0.000001, 0.000275, -0.000077, 0.272143, 0.038943, -0.002643, -0.000004, -0.000169, 0.000091, -0.161987, 9.814122, -0.008024, 0.008024, 0.020156, -0.002643, 
18.170000, 0.999947, 0.010327, -0.000001, 0.000274, -0.000077, 0.272756, 0.038943, 0.069863, -0.000003, -0.000192, 0.000097, 0.167312, 9.809475, -0.005070, 0.005070, 0.020654, 0.069863, 
18.182000, 0.999945, 0.010443, -0.000001, 0.000273, -0.000077, 0.273327, 0.038943, -0.004831, -0.000004, -0.000172, 0.000090, -0.160970, 9.814336, -0.007077, 0.007077, 0.020886, -0.004831, 
18.194000, 0.999943, 0.010690, -0.000001, 0.000272, -0.000078, 0.273874, 0.038943, 0.070470, -0.000003, -0.000196, 0.000097, 0.178760, 9.809308, -0.004040, 0.004040, 0.021380, 0.070470, 
18.206000, 0.999942, 0.010801, -0.000001, 0.000271, -0.000078, 0.274378, 0.038943, -0.006417, -0.000005, -0.000174, 0.000089, -0.160753, 9.814559, -0.006128, 0.006128, 0.021602, -0.006417, 
18.218000, 0.999939, 0.011048, -0.000001, 0.000270, -0.000078, 0.274858, 0.038943, 0.071563, -0.000003, -0.000199, 0.000096, 0.189923, 9.809134, -0.003004, 0.003004, 0.022097, 0.071563, 
18.230000, 0.999938, 0.011156, -0.000001, 0.000268, -0.000078, 0.275295, 0.038943, -0.007720, -0.000005, -0.000176, 0.000088, -0.160993, 9.814790, -0.005173, 0.005173, 0.022313, -0.007720, 
18.242000, 0.999935, 0.011406, -0.000001, 0.000267, -0.000079, 0.275709, 0.038943, 0.072917, -0.000003, -0.000201, 0.000095, 0.201047, 9.808949, -0.001959, 0.001959, 0.022813, 0.072917, 
18.254000, 0.999934, 0.011513, -0.000001, 0.000266, -0.000079, 0.276078, 0.038943, -0.008898, -0.000005, -0.000178, 0.000087, -0.161520, 9.815029, -0.004212, 0.004212, 0.023026, -0.008898, 
18.266000, 0.999931, 0.011766, -0.000001, 0.000265, -0.000079, 0.276424, 0.038943, 0.074422, -0.000003, -0.000204, 0.000094, 0.212260, 9.808751, -0.000904, 0.000904, 0.023532, 0.074422, 
18.278000, 0.999930, 0.011871, -0.000001, 0.000264, -0.000079, 0.276725, 0.038943, -0.010032, -0.000005, -0.000180, 0.000086, -0.162252, 9.815278, -0.003243, 0.003243, 0.023742, -0.010032, 
18.290000, 0.999926, 0.012128, -0.000001, 0.000263, -0.000079, 0.277003, 0.038943, 0.076022, -0.000004, -0.000206, 0.000093, 0.223625, 9.808540, 0.000160, -0.000160, 0.024256, 0.076022, 
18.302000, 0.999925, 0.012232, -0.000001, 0.000262, -0.000079, 0.277235, 0.038943, -0.011162, -0.000005, -0.000182, 0.000085, -0.163148, 9.815537, -0.002266, 0.002266, 0.024464, -0.011162, 
18.314000, 0.999922, 0.012492, -0.000001, 0.000260, -0.000079, 0.277445, 0.038943, 0.077690, -0.000004, -0.000209, 0.000092, 0.235177, 9.808314, 0.001235, -0.001235, 0.024985, 0.077690, 
18.326000, 0.999921, 0.012595, -0.000001, 0.000259, -0.000080, 0.277607, 0.038943, -0.012309, -0.000006, -0.000184, 0.000084, -0.164190, 9.815806, -0.001282, 0.001282, 0.025191, -0.012309, 
18.338000, 0.999917, 0.012860, -0.000001, 0.000258, -0.000080, 0.277748, 0.038943, 0.079414, -0.000004, -0.000212, 0.000091, 0.246934, 9.808073, 0.002320, -0.002320, 0.025720, 0.079414, 
18.350000, 0.999916, 0.012962, -0.000001, 0.000257, -0.000080, 0.277840, 0.038943, -0.013481, -0.000006, -0.000185, 0.000082, -0.165370, 9.816085, -0.000290, 0.000290, 0.025924, -0.013481, 
18.362000, 0.999912, 0.013231, -0.000001, 0.000256, -0.000080, 0.277911, 0.038943, 0.081187, -0.000004, -0.000214, 0.000090, 0.258908, 9.807817, 0.003415, -0.003415, 0.026462, 0.081187, 
18.374000, 0.999911, 0.013332, -0.000001, 0.000255, -0.000080, 0.277933, 0.038943, -0.014686, -0.000006, -0.000187, 0.000081, -0.166685, 9.816376, 0.000710, -0.000710, 0.026664, -0.014686, 
18.386000, 0.999907, 0.013605, -0.000001, 0.000253, -0.000080, 0.277932, 0.038943, 0.083006, -0.000004, -0.000217, 0.000089, 0.271105, 9.807543, 0.004522, -0.004522, 0.027210, 0.083006, 
18.398000, 0.999906, 0.013705, -0.000001, 0.000252, -0.000080, 0.277883, 0.038943, -0.015927, -0.000006, -0.000189, 0.000080, -0.168135, 9.816679, 0.001718, -0.001718, 0.027410, -0.015927, 
18.410000, 0.999902, 0.013982, -0.000001, 0.000251, -0.000080, 0.277812, 0.038943, 0.084870, -0.000005, -0.000220, 0.000088, 0.283532, 9.807253, 0.005639, -0.005639, 0.027965, 0.084870, 
18.422000, 0.999901, 0.014081, -0.000001, 0.000250, -0.000080, 0.277691, 0.038943, -0.017204, -0.000007, -0.000191, 0.000078, -0.169721, 9.816994, 0.002734, -0.002734, 0.028163, -0.017204, 
18.434000, 0.999897, 0.014363, -0.000001, 0.000248, -0.000079, 0.277548, 0.038943, 0.086779, -0.000005, -0.000223, 0.000087, 0.296192, 9.806945, 0.006767, -0.006767, 0.028727, 0.086779, 
18.446000, 0.999895, 0.014461, -0.000001, 0.000247, -0.000079, 0.277354, 0.038943, -0.018520, -0.000007, -0.000193, 0.000077, -0.171446, 9.817322, 0.003758, -0.003758, 0.028923, -0.018520, 
18.458000, 0.999891, 0.014748, -0.000001, 0.000246, -0.000079, 0.277138, 0.038943, 0.088733, -0.000005, -0.000225, 0.000086, 0.309089, 9.806619, 0.007906, -0.007906, 0.029496, 0.088733, 
18.470000, 0.999890, 0.014844, -0.000001, 0.000245, -0.000079, 0.276872, 0.038943, -0.019876, -0.000007, -0.000195, 0.000075, -0.173310, 9.817663, 0.004791, -0.004791, 0.029689, -0.019876, 
18.482000, 0.999885, 0.015135, -0.000000, 0.000243, -0.000079, 0.276583, 0.038943, 0.090733, -0.000005, -0.000228, 0.000085, 0.322227, 9.806273, 0.009057, -0.009057, 0.030272, 0.090733, 
18.494000, 0.999884, 0.015231, -0.000000, 0.000242, -0.000079, 0.276242, 0.038943, -0.021271, -0.000007, -0.000197, 0.000074, -0.175318, 9.818019, 0.005832, -0.005832, 0.030462, -0.021271, 
18.506000, 0.999879, 0.015527, -0.000000, 0.000241, -0.000079, 0.275879, 0.038943, 0.092780, -0.000005, -0.000231, 0.000084, 0.335609, 9.805908, 0.010219, -0.010219, 0.031055, 0.092780, 
18.518000, 0.999878, 0.015621, -0.000000, 0.000240, -0.000078, 0.275464, 0.038943, -0.022707, -0.000008, -0.000199, 0.000072, -0.177470, 9.818388, 0.006882, -0.006882, 0.031242, -0.022707, 
18.530000, 0.999873, 0.015922, -0.000000, 0.000238, -0.000078, 0.275027, 0.038943, 0.094873, -0.000006, -0.000234, 0.000082, 0.349239, 9.805522, 0.011392, -0.011392, 0.031844, 0.094873, 
18.542000, 0.999872, 0.016014, -0.000000, 0.000237, -0.000078, 0.274537, 0.038943, -0.024184, -0.000008, -0.000201, 0.000071, -0.179769, 9.818773, 0.007940, -0.007940, 0.032029, -0.024184, 
18.554000, 0.999867, 0.016320, -0.000000, 0.000236, -0.000078, 0.274025, 0.038943, 0.097013, -0.000006, -0.000238, 0.000081, 0.363119, 9.805114, 0.012577, -0.012577, 0.032641, 0.097013, 
18.566000, 0.999865, 0.016411, -0.000000, 0.000234, -0.000078, 0.273459, 0.038943, -0.025704, -0.000008, -0.000203, 0.000069, -0.182217, 9.819173, 0.009006, -0.009006, 0.032823, -0.025704, 
18.578000, 0.999860, 0.016722, -0.000000, 0.000233, -0.000077, 0.272871, 0.038943, 0.099202, -0.000006, -0.000241, 0.000080, 0.377253, 9.804685, 0.013773, -0.013773, 0.033446, 0.099202, 
18.590000, 0.999859, 0.016812, -0.000000, 0.000232, -0.000077, 0.272228, 0.038943, -0.027266, -0.000008, -0.000205, 0.000067, -0.184816, 9.819590, 0.010081, -0.010081, 0.033625, -0.027266, 
18.602000, 0.999853, 0.017128, -0.000000, 0.000230, -0.000077, 0.271564, 0.038943, 0.101439, -0.000006, -0.000244, 0.000078, 0.391642, 9.804233, 0.026836, -0.026836, 0.034257, 0.101439, 
18.614000, 0.999884, 0.015204, -0.000001, 0.000230, -0.000076, 0.270697, 0.038942, -0.549109, -0.000014, -0.000078, 0.000066, -1.366760, 9.851303, 0.013713, -0.013713, 0.030409, -0.549109, 
18.626000, 0.999915, 0.013053, -0.000001, 0.000229, -0.000076, 0.269781, 0.038942, -0.248593, -0.000003, -0.000197, 0.000112, 0.732529, 9.800536, 0.030086, -0.030086, 0.026107, -0.248593, 
18.638000, 0.999956, 0.009388, -0.000002, 0.000228, -0.000075, 0.268719, 0.038942, -0.807705, -0.000009, -0.000061, 0.000073, -1.253666, 9.833208, 0.015752, -0.015752, 0.018777, -0.807705, 
18.650000, 0.999982, 0.006029, -0.000003, 0.000227, -0.000075, 0.267650, 0.038942, -0.420242, 0.000003, -0.000199, 0.000105, 0.815451, 9.805056, 0.032021, -0.032021, 0.012057, -0.420242, 
18.662000, 0.999999, 0.001476, -0.000004, 0.000226, -0.000074, 0.266465, 0.038942, -0.944236, -0.000005, -0.000058, 0.000065, -1.298277, 9.812577, 0.016697, -0.016697, 0.002952, -0.944236, 
18.674000, 0.999997, -0.002497, -0.000005, 0.000225, -0.000074, 0.265298, 0.038943, -0.505020, 0.000008, -0.000198, 0.000094, 0.801140, 9.815970, 0.033144, -0.033144, -0.004994, -0.505020, 
18.686000, 0.999972, -0.007523, -0.000006, 0.000225, -0.000073, 0.264032, 0.038943, -1.021187, -0.000003, -0.000043, 0.000059, -1.415388, 9.789821, 0.016940, -0.016940, -0.015046, -1.021187, 
18.698000, 0.999930, -0.011815, -0.000007, 0.000224, -0.000073, 0.262804, 0.038944, -0.546319, 0.000012, -0.000184, 0.000088, 0.742188, 9.830238, 0.033745, -0.033745, -0.023631, -0.546319, 
18.710000, 0.999854, -0.017109, -0.000008, 0.000224, -0.000072, 0.261487, 0.038944, -1.068928, -0.000003, -0.000015, 0.000059, -1.570131, 9.763842, 0.016688, -0.016688, -0.034219, -1.068928, 
18.722000, 0.999767, -0.021572, -0.000009, 0.000223, -0.000072, 0.260223, 0.038944, -0.565670, 0.000013, -0.000159, 0.000086, 0.661987, 9.845914, 0.022112, -0.022112, -0.043148, -0.565670, 
18.734000, 0.999687, -0.025016, -0.000010, 0.000222, -0.000071, 0.259026, 0.038944, -0.581113, 0.000008, -0.000117, 0.000052, -0.566053, 9.792805, 0.013549, -0.013549, -0.050036, -0.581113, 
18.746000, 0.999632, -0.027110, -0.000010, 0.000221, -0.000070, 0.257924, 0.038944, -0.223331, 0.000015, -0.000181, 0.000058, 0.240110, 9.836074, 0.019935, -0.019935, -0.054227, -0.223331, 
18.758000, 0.999581, -0.028930, -0.000010, 0.000220, -0.000070, 0.256838, 0.038944, -0.349602, 0.000005, -0.000095, 0.000049, -0.864120, 9.776609, 0.011675, -0.011675, -0.057868, -0.349602, 
18.770000, 0.999554, -0.029876, -0.000011, 0.000219, -0.000070, 0.255815, 0.038943, -0.053025, 0.000011, -0.000145, 0.000065, 0.072674, 9.831665, 0.018820, -0.018820, -0.059760, -0.053025, 
18.782000, 0.999522, -0.030901, -0.000011, 0.000219, -0.000069, 0.254787, 0.038943, -0.237343, -0.000000, -0.000051, 0.000058, -1.013949, 9.766828, 0.010588, -0.010588, -0.061812, -0.237343, 
18.794000, 0.999511, -0.031272, -0.000011, 0.000218, -0.000069, 0.253809, 0.038943, 0.034119, 0.000007, -0.000106, 0.000075, 0.002611, 9.829416, 0.018283, -0.018283, -0.062554, 0.034119, 
18.806000, 0.999491, -0.031906, -0.000011, 0.000218, -0.000068, 0.252813, 0.038943, -0.183910, -0.000003, -0.000015, 0.000066, -1.099147, 9.760597, 0.009902, -0.009902, -0.063823, -0.183910, 
18.818000, 0.999488, -0.031987, -0.000011, 0.000218, -0.000068, 0.251861, 0.038943, 0.080095, 0.000006, -0.000079, 0.000081, -0.021112, 9.828717, 0.018043, -0.018043, -0.063985, 0.080095, 
18.830000, 0.999474, -0.032431, -0.000011, 0.000218, -0.000067, 0.250884, 0.038943, -0.159859, -0.000005, 0.000010, 0.000071, -1.153346, 9.756493, 0.009415, -0.009415, -0.064873, -0.159859, 
18.842000, 0.999476, -0.032362, -0.000011, 0.000217, -0.000067, 0.249949, 0.038943, 0.105653, 0.000005, -0.000063, 0.000085, -0.021508, 9.829053, 0.017953, -0.017953, -0.064735, 0.105653, 
18.854000, 0.999465, -0.032715, -0.000011, 0.000217, -0.000067, 0.248986, 0.038943, -0.150568, -0.000005, 0.000025, 0.000073, -1.192624, 9.753572, 0.009022, -0.009022, -0.065443, -0.150568, 
18.866000, 0.999470, -0.032567, -0.000011, 0.000217, -0.000066, 0.248064, 0.038943, 0.121132, 0.000005, -0.000054, 0.000087, -0.009819, 9.830010, 0.017942, -0.017942, -0.065146, 0.121132, 
18.878000, 0.999459, -0.032881, -0.000011, 0.000217, -0.000066, 0.247111, 0.038943, -0.148749, -0.000005, 0.000035, 0.000074, -1.224951, 9.751254, 0.008673, -0.008673, -0.065774, -0.148749, 
18.890000, 0.999466, -0.032688, -0.000011, 0.000217, -0.000065, 0.246200, 0.038943, 0.131693, 0.000005, -0.000050, 0.000088, 0.008387, 9.831328, 0.017973, -0.017973, -0.065388, 0.131693, 
18.902000, 0.999456, -0.032987, -0.000011, 0.000217, -0.000065, 0.245256, 0.038943, -0.150771, -0.000006, 0.000041, 0.000075, -1.254319, 9.749213, 0.008341, -0.008341, -0.065986, -0.150771, 
18.914000, 0.999463, -0.032767, -0.000011, 0.000217, -0.000065, 0.244355, 0.038943, 0.139917, 0.000006, -0.000048, 0.000089, 0.030356, 9.832861, 0.018028, -0.018028, -0.065546, 0.139917, 
18.926000, 0.999453, -0.033064, -0.000011, 0.000217, -0.000064, 0.243418, 0.038943, -0.154829, -0.000006, 0.000046, 0.000075, -1.282738, 9.747273, 0.008012, -0.008012, -0.066141, -0.154829, 
18.938000, 0.999461, -0.032825, -0.000011, 0.000217, -0.000064, 0.242526, 0.038943, 0.147095, 0.000006, -0.000048, 0.000089, 0.054735, 9.834536, 0.018100, -0.018100, -0.065662, 0.147095, 
18.950000, 0.999451, -0.033127, -0.000011, 0.000217, -0.000063, 0.241598, 0.038943, -0.160025, -0.000006, 0.000049, 0.000074, -1.311231, 9.745346, 0.007682, -0.007682, -0.066266, -0.160025, 
18.962000, 0.999460, -0.032873, -0.000011, 0.000217, -0.000063, 0.240715, 0.038943, 0.153876, 0.000006, -0.000048, 0.000090, 0.080871, 9.836320, 0.018182, -0.018182, -0.065757, 0.153876, 
18.974000, 0.999449, -0.033183, -0.000011, 0.000217, -0.000063, 0.239794, 0.038943, -0.165917, -0.000006, 0.000052, 0.000074, -1.340332, 9.743385, 0.007345, -0.007345, -0.066378, -0.165917, 
18.986000, 0.999458, -0.032915, -0.000011, 0.000217, -0.000062, 0.238921, 0.038943, 0.160589, 0.000006, -0.000050, 0.000090, 0.108459, 9.838199, 0.018275, -0.018275, -0.065842, 0.160589, 
18.998000, 0.999448, -0.033236, -0.000011, 0.000217, -0.000062, 0.238007, 0.038943, -0.172289, -0.000007, 0.000055, 0.000074, -1.370330, 9.741366, 0.006999, -0.006999, -0.066484, -0.172289, 
19.010000, 0.999457, -0.032955, -0.000011, 0.000217, -0.000061, 0.237143, 0.038943, 0.167405, 0.000006, -0.000051, 0.000090, 0.137371, 9.840166, 0.018376, -0.018376, -0.065923, 0.167405, 
19.022000, 0.999446, -0.033287, -0.000011, 0.000217, -0.000061, 0.236237, 0.038943, -0.179040, -0.000007, 0.000058, 0.000074, -1.401393, 9.739275, 0.006645, -0.006645, -0.066587, -0.179040, 
19.034000, 0.999456, -0.032994, -0.000011, 0.000217, -0.000061, 0.235382, 0.038943, 0.174412, 0.000007, -0.000053, 0.000091, 0.167569, 9.842221, 0.018486, -0.018486, -0.066001, 0.174412, 
19.046000, 0.999444, -0.033339, -0.000011, 0.000217, -0.000060, 0.234483, 0.038943, -0.186124, -0.000007, 0.000060, 0.000073, -1.433630, 9.737103, 0.006281, -0.006281, -0.066690, -0.186124, 
19.058000, 0.999454, -0.033033, -0.000011, 0.000217, -0.000060, 0.233637, 0.038943, 0.181662, 0.000007, -0.000054, 0.000091, 0.199057, 9.844367, 0.018604, -0.018604, -0.066078, 0.181662, 
19.070000, 0.999442, -0.033390, -0.000011, 0.000217, -0.000060, 0.232746, 0.038943, -0.193525, -0.000008, 0.000063, 0.000073, -1.467121, 9.734844, 0.005906, -0.005906, -0.066793, -0.193525, 
19.082000, 0.999453, -0.033071, -0.000011, 0.000217, -0.000059, 0.231910, 0.038943, 0.189186, 0.000007, -0.000056, 0.000092, 0.231865, 9.846605, 0.018731, -0.018731, -0.066154, 0.189186, 
19.094000, 0.999441, -0.033442, -0.000011, 0.000217, -0.000059, 0.231026, 0.038943, -0.201239, -0.000008, 0.000066, 0.000073, -1.501933, 9.732493, 0.005519, -0.005519, -0.066897, -0.201239, 
19.106000, 0.999452, -0.033109, -0.000011, 0.000217, -0.000058, 0.230200, 0.038943, 0.197005, 0.000008, -0.000058, 0.000092, 0.266034, 9.848940, 0.018868, -0.018868, -0.066231, 0.197005, 
19.118000, 0.999439, -0.033495, -0.000011, 0.000217, -0.000058, 0.229324, 0.038943, -0.209272, -0.000008, 0.000069, 0.000072, -1.538128, 9.730046, 0.005122, -0.005122, -0.067002, -0.209272, 
19.130000, 0.999450, -0.033148, -0.000011, 0.000217, -0.000058, 0.228507, 0.038943, 0.205137, 0.000008, -0.000060, 0.000092, 0.301615, 9.851376, 0.019014, -0.019014, -0.066307, 0.205137, 
19.142000, 0.999437, -0.033548, -0.000011, 0.000217, -0.000057, 0.227638, 0.038943, -0.217633, -0.000009, 0.000072, 0.000072, -1.575764, 9.727498, 0.004712, -0.004712, -0.067108, -0.217633, 
19.154000, 0.999449, -0.033186, -0.000011, 0.000217, -0.000057, 0.226831, 0.038943, 0.213597, 0.000008, -0.000062, 0.000093, 0.338662, 9.853915, 0.019170, -0.019170, -0.066384, 0.213597, 
19.166000, 0.999435, -0.033602, -0.000011, 0.000217, -0.000057, 0.225970, 0.038943, -0.226334, -0.000009, 0.000075, 0.000072, -1.614903, 9.724844, 0.004289, -0.004289, -0.067216, -0.226334, 
19.178000, 0.999448, -0.033224, -0.000011, 0.000217, -0.000056, 0.225173, 0.038943, 0.222400, 0.000008, -0.000065, 0.000093, 0.377232, 9.856564, 0.019337, -0.019337, -0.066461, 0.222400, 
19.190000, 0.999433, -0.033656, -0.000012, 0.000218, -0.000056, 0.224320, 0.038943, -0.235388, -0.000009, 0.000079, 0.000071, -1.655606, 9.722081, 0.003854, -0.003854, -0.067325, -0.235388, 
19.202000, 0.999447, -0.033263, -0.000011, 0.000217, -0.000055, 0.223533, 0.038943, 0.231560, 0.000009, -0.000067, 0.000094, 0.417387, 9.859325, 0.019514, -0.019514, -0.066538, 0.231560, 
19.214000, 0.999432, -0.033712, -0.000012, 0.000218, -0.000055, 0.222687, 0.038943, -0.244807, -0.000010, 0.000082, 0.000071, -1.697936, 9.719203, 0.003405, -0.003405, -0.067436, -0.244807, 
19.226000, 0.999445, -0.033301, -0.000011, 0.000218, -0.000055, 0.221911, 0.038943, 0.241093, 0.000009, -0.000069, 0.000094, 0.459190, 9.862206, 0.019703, -0.019703, -0.066615, 0.241093, 
19.238000, 0.999430, -0.033768, -0.000012, 0.000218, -0.000054, 0.221073, 0.038943, -0.254608, -0.000010, 0.000086, 0.000071, -1.741960, 9.716205, 0.002942, -0.002942, -0.067548, -0.254608, 
19.250000, 0.999444, -0.033340, -0.000011, 0.000218, -0.000054, 0.220306, 0.038943, 0.251012, 0.000009, -0.000072, 0.000095, 0.502709, 9.865209, 0.019903, -0.019903, -0.066693, 0.251012, 
19.262000, 0.999428, -0.033825, -0.000012, 0.000218, -0.000054, 0.219476, 0.038943, -0.264804, -0.000011, 0.000090, 0.000070, -1.787745, 9.713084, 0.002465, -0.002465, -0.067662, -0.264804, 
19.274000, 0.999443, -0.033379, -0.000011, 0.000218, -0.000053, 0.218720, 0.038943, 0.261335, 0.000010, -0.000074, 0.000095, 0.548012, 9.868342, 0.020116, -0.020116, -0.066770, 0.261335, 
19.286000, 0.999426, -0.033882, -0.000012, 0.000218, -0.000053, 0.217898, 0.038943, -0.275412, -0.000011, 0.000094, 0.000070, -1.835363, 9.709833, 0.001972, -0.001972, -0.067777, -0.275412, 
19.298000, 0.999441, -0.033418, -0.000011, 0.000218, -0.000053, 0.217152, 0.038943, 0.272076, 0.000010, -0.000077, 0.000096, 0.595172, 9.871608, 0.020342, -0.020342, -0.066848, 0.272076, 
19.310000, 0.999424, -0.033941, -0.000012, 0.000218, -0.000052, 0.216338, 0.038943, -0.286449, -0.000012, 0.000098, 0.000069, -1.884888, 9.706447, 0.001464, -0.001464, -0.067894, -0.286449, 
19.322000, 0.999440, -0.033456, -0.000011, 0.000218, -0.000052, 0.215603, 0.038943, 0.283255, 0.000011, -0.000080, 0.000097, 0.644265, 9.875015, 0.020582, -0.020582, -0.066925, 0.283255, 
19.334000, 0.999422, -0.034000, -0.000012, 0.000218, -0.000052, 0.214796, 0.038943, -0.297931, -0.000012, 0.000102, 0.000069, -1.936396, 9.702921, 0.000940, -0.000940, -0.068013, -0.297931, 
19.346000, 0.999439, -0.033495, -0.000011, 0.000218, -0.000051, 0.214072, 0.038943, 0.294887, 0.000011, -0.000083, 0.000097, 0.695367, 9.878567, 0.020835, -0.020835, -0.067003, 0.294887, 
19.358000, 0.999420, -0.034060, -0.000012, 0.000218, -0.000051, 0.213273, 0.038943, -0.309878, -0.000013, 0.000106, 0.000068, -1.989967, 9.699248, 0.000399, -0.000399, -0.068133, -0.309878, 
19.370000, 0.999438, -0.033534, -0.000011, 0.000218, -0.000051, 0.212561, 0.038943, 0.306991, 0.000011, -0.000086, 0.000098, 0.748561, 9.882272, 0.021103, -0.021103, -0.067081, 0.306991, 
19.382000, 0.999418, -0.034121, -0.000012, 0.000218, -0.000050, 0.211770, 0.038943, -0.322306, -0.000013, 0.000111, 0.000068, -2.045685, 9.695422, -0.000160, 0.000160, -0.068255, -0.322306, 
19.394000, 0.999436, -0.033573, -0.000012, 0.000218, -0.000050, 0.211068, 0.038943, 0.319587, 0.000012, -0.000089, 0.000099, 0.803932, 9.886135, 0.021387, -0.021387, -0.067159, 0.319587, 
19.406000, 0.999416, -0.034183, -0.000012, 0.000219, -0.000050, 0.210285, 0.038943, -0.335237, -0.000014, 0.000115, 0.000067, -2.103636, 9.691438, -0.000737, 0.000737, -0.068379, -0.335237, 
19.418000, 0.999435, -0.033612, -0.000012, 0.000218, -0.000049, 0.209595, 0.038943, 0.332695, 0.000012, -0.000093, 0.000099, 0.861567, 9.890165, 0.021686, -0.021686, -0.067237, 0.332695, 
19.430000, 0.999413, -0.034246, -0.000012, 0.000219, -0.000049, 0.208819, 0.038943, -0.348690, -0.000014, 0.000120, 0.000067, -2.163910, 9.687288, -0.001333, 0.001333, -0.068505, -0.348690, 
19.442000, 0.999434, -0.033651, -0.000012, 0.000219, -0.000049, 0.208141, 0.038943, 0.346334, 0.000013, -0.000096, 0.000100, 0.921558, 9.894366, 0.022002, -0.022002, -0.067315, 0.346334, 
19.454000, 0.999411, -0.034310, -0.000012, 0.000219, -0.000048, 0.207373, 0.038943, -0.362687, -0.000015, 0.000125, 0.000066, -2.226600, 9.682965, -0.001948, 0.001948, -0.068633, -0.362687, 
19.466000, 0.999432, -0.033690, -0.000012, 0.000219, -0.000048, 0.206706, 0.038943, 0.360526, 0.000013, -0.000100, 0.000101, 0.984001, 9.898748, 0.022336, -0.022336, -0.067392, 0.360526, 
19.478000, 0.999409, -0.034374, -0.000012, 0.000219, -0.000048, 0.205947, 0.038943, -0.377248, -0.000016, 0.000131, 0.000066, -2.291804, 9.678463, -0.002584, 0.002584, -0.068762, -0.377248, 
19.490000, 0.999431, -0.033729, -0.000012, 0.000219, -0.000048, 0.205292, 0.038943, 0.375295, 0.000014, -0.000104, 0.000102, 1.048994, 9.903318, 0.022687, -0.022687, -0.067470, 0.375295, 
19.502000, 0.999407, -0.034440, -0.000012, 0.000219, -0.000047, 0.204540, 0.038943, -0.392398, -0.000016, 0.000136, 0.000065, -2.359623, 9.673774, -0.003240, 0.003240, -0.068894, -0.392398, 
19.514000, 0.999430, -0.033767, -0.000012, 0.000219, -0.000047, 0.203897, 0.038943, 0.390662, 0.000015, -0.000108, 0.000103, 1.116641, 9.908084, 0.023057, -0.023057, -0.067547, 0.390662, 
19.526000, 0.999404, -0.034507, -0.000012, 0.000219, -0.000047, 0.203153, 0.038943, -0.408160, -0.000017, 0.000142, 0.000064, -2.430162, 9.668889, -0.003919, 0.003919, -0.069027, -0.408160, 
19.538000, 0.999428, -0.033806, -0.000012, 0.000219, -0.000046, 0.202522, 0.038943, 0.406653, 0.000015, -0.000112, 0.000104, 1.187048, 9.913055, 0.023447, -0.023447, -0.067625, 0.406653, 
19.550000, 0.999402, -0.034575, -0.000012, 0.000220, -0.000046, 0.201787, 0.038943, -0.424558, -0.000018, 0.000147, 0.000064, -2.503532, 9.663802, -0.004621, 0.004621, -0.069163, -0.424558, 
19.562000, 0.999427, -0.033845, -0.000012, 0.000219, -0.000046, 0.201168, 0.038943, 0.423292, 0.000016, -0.000116, 0.000104, 1.260328, 9.918238, 0.023858, -0.023858, -0.067702, 0.423292, 
19.574000, 0.999400, -0.034644, -0.000012, 0.000220, -0.000045, 0.200440, 0.038943, -0.441618, -0.000018, 0.000153, 0.000063, -2.579844, 9.658503, -0.005346, 0.005346, -0.069301, -0.441618, 
19.586000, 0.999426, -0.033883, -0.000012, 0.000220, -0.000045, 0.199834, 0.038943, 0.440605, 0.000016, -0.000121, 0.000105, 1.336597, 9.923645, 0.024290, -0.024290, -0.067779, 0.440605, 
19.598000, 0.999397, -0.034714, -0.000012, 0.000220, -0.000045, 0.199114, 0.038943, -0.459366, -0.000019, 0.000160, 0.000062, -2.659219, 9.652983, -0.006095, 0.006095, -0.069441, -0.459366, 
19.610000, 0.999424, -0.033921, -0.000012, 0.000220, -0.000045, 0.198521, 0.038943, 0.458621, 0.000017, -0.000126, 0.000106, 1.415975, 9.929283, 0.024744, -0.024744, -0.067856, 0.458621, 
19.622000, 0.999395, -0.034785, -0.000012, 0.000220, -0.000044, 0.197809, 0.038943, -0.477832, -0.000020, 0.000166, 0.000062, -2.741780, 9.647234, -0.006871, 0.006871, -0.069583, -0.477832, 
19.634000, 0.999423, -0.033959, -0.000012, 0.000220, -0.000044, 0.197229, 0.038943, 0.477366, 0.000018, -0.000131, 0.000107, 1.498587, 9.935164, 0.025221, -0.025221, -0.067932, 0.477366, 
19.646000, 0.999392, -0.034857, -0.000012, 0.000221, -0.000044, 0.196525, 0.038943, -0.497042, -0.000021, 0.000173, 0.000061, -2.827654, 9.641245, -0.007672, 0.007672, -0.069728, -0.497042, 
19.658000, 0.999422, -0.033997, -0.000012, 0.000220, -0.000043, 0.195957, 0.038943, 0.496871, 0.000019, -0.000136, 0.000109, 1.584565, 9.941297, 0.025722, -0.025722, -0.068008, 0.496871, 
19.670000, 0.999390, -0.034930, -0.000012, 0.000221, -0.000043, 0.195261, 0.038943, -0.517029, -0.000022, 0.000180, 0.000060, -2.916975, 9.635008, -0.008501, 0.008501, -0.069875, -0.517029, 
19.682000, 0.999421, -0.034035, -0.000012, 0.000221, -0.000043, 0.194707, 0.038943, 0.517165, 0.000019, -0.000142, 0.000110, 1.674044, 9.947694, 0.026249, -0.026249, -0.068083, 0.517165, 
19.694000, 0.999387, -0.035005, -0.000012, 0.000221, -0.000043, 0.194019, 0.038943, -0.537822, -0.000023, 0.000187, 0.000059, -3.009881, 9.628510, -0.009359, 0.009359, -0.070024, -0.537822, 
19.706000, 0.999419, -0.034073, -0.000012, 0.000221, -0.000042, 0.193479, 0.038943, 0.538282, 0.000020, -0.000148, 0.000111, 1.767166, 9.954366, 0.026802, -0.026802, -0.068158, 0.538282, 
19.718000, 0.999384, -0.035081, -0.000012, 0.000221, -0.000042, 0.192798, 0.038943, -0.559454, -0.000024, 0.000195, 0.000059, -3.106517, 9.621743, -0.010247, 0.010247, -0.070176, -0.559454, 
19.730000, 0.999418, -0.034110, -0.000012, 0.000221, -0.000042, 0.192272, 0.038943, 0.560254, 0.000021, -0.000154, 0.000112, 1.864077, 9.961324, 0.027382, -0.027382, -0.068233, 0.560254, 
19.742000, 0.999382, -0.035158, -0.000012, 0.000222, -0.000042, 0.191599, 0.038943, -0.581959, -0.000024, 0.000202, 0.000058, -3.207033, 9.614694, -0.011165, 0.011165, -0.070331, -0.581959, 
19.754000, 0.999417, -0.034147, -0.000012, 0.000221, -0.000041, 0.191086, 0.038943, 0.583115, 0.000022, -0.000160, 0.000113, 1.964930, 9.968583, 0.027991, -0.027991, -0.068307, 0.583115, 
19.766000, 0.999379, -0.035237, -0.000012, 0.000222, -0.000041, 0.190422, 0.038943, -0.605372, -0.000025, 0.000210, 0.000057, -3.311584, 9.607351, -0.012115, 0.012115, -0.070488, -0.605372, 
19.778000, 0.999416, -0.034183, -0.000012, 0.000222, -0.000041, 0.189923, 0.038943, 0.606902, 0.000023, -0.000167, 0.000115, 2.069885, 9.976153, 0.028630, -0.028630, -0.068380, 0.606902, 
19.790000, 0.999376, -0.035317, -0.000012, 0.000222, -0.000040, 0.189266, 0.038943, -0.629730, -0.000027, 0.000219, 0.000056, -3.420334, 9.599703, -0.013099, 0.013099, -0.070648, -0.629730, 
19.802000, 0.999414, -0.034220, -0.000012, 0.000222, -0.000040, 0.188782, 0.038943, 0.631652, 0.000024, -0.000174, 0.000116, 2.179106, 9.984050, 0.029299, -0.029299, -0.068453, 0.631652, 
19.814000, 0.999373, -0.035398, -0.000012, 0.000222, -0.000040, 0.188133, 0.038943, -0.655070, -0.000028, 0.000227, 0.000055, -3.533449, 9.591737, -0.014117, 0.014117, -0.070811, -0.655070, 
19.826000, 0.999413, -0.034256, -0.000012, 0.000222, -0.000040, 0.187664, 0.038943, 0.657402, 0.000025, -0.000181, 0.000118, 2.292765, 9.992287, 0.030001, -0.030001, -0.068525, 0.657402, 
19.838000, 0.999370, -0.035481, -0.000012, 0.000223, -0.000039, 0.187022, 0.038943, -0.681433, -0.000029, 0.000236, 0.000054, -3.651107, 9.583440, -0.015171, 0.015171, -0.070976, -0.681433, 
19.850000, 0.999412, -0.034291, -0.000012, 0.000222, -0.000039, 0.186568, 0.038943, 0.684195, 0.000026, -0.000189, 0.000119, 2.411042, 10.000878, 0.030736, -0.030736, -0.068596, 0.684195, 
19.862000, 0.999367, -0.035565, -0.000012, 0.000223, -0.000039, 0.185934, 0.038943, -0.708859, -0.000030, 0.000246, 0.000053, -3.773489, 9.574798, -0.016262, 0.016262, -0.071145, -0.708859, 
19.874000, 0.999411, -0.034327, -0.000012, 0.000223, -0.000039, 0.185494, 0.038943, 0.712071, 0.000027, -0.000197, 0.000121, 2.534122, 10.009841, 0.031507, -0.031507, -0.068667, 0.712071, 
19.886000, 0.999364, -0.035651, -0.000012, 0.000223, -0.000039, 0.184869, 0.038943, -0.737391, -0.000031, 0.000255, 0.000052, -3.900785, 9.565796, -0.017393, 0.017393, -0.071316, -0.737391, 
19.898000, 0.999409, -0.034361, -0.000012, 0.000223, -0.000038, 0.184444, 0.038943, 0.741074, 0.000028, -0.000205, 0.000123, 2.662198, 10.019190, 0.032313, -0.032313, -0.068736, 0.741074, 
19.910000, 0.999361, -0.035738, -0.000012, 0.000224, -0.000038, 0.183826, 0.038943, -0.767074, -0.000032, 0.000265, 0.000051, -4.033193, 9.556420, -0.018563, 0.018563, -0.071491, -0.767074, 
19.922000, 0.999408, -0.034395, -0.000012, 0.000223, -0.000038, 0.183418, 0.038943, 0.771250, 0.000029, -0.000214, 0.000124, 2.795473, 10.028942, 0.033158, -0.033158, -0.068804, 0.771250, 
19.934000, 0.999358, -0.035827, -0.000012, 0.000224, -0.000038, 0.182807, 0.038943, -0.797954, -0.000034, 0.000276, 0.000050, -4.170917, 9.546654, -0.019775, 0.019775, -0.071669, -0.797954, 
19.946000, 0.999407, -0.034429, -0.000012, 0.000224, -0.000037, 0.182414, 0.038943, 0.802645, 0.000030, -0.000223, 0.000126, 2.934153, 10.039116, 0.034042, -0.034042, -0.068872, 0.802645, 
19.958000, 0.999355, -0.035918, -0.000012, 0.000224, -0.000037, 0.181811, 0.038943, -0.830078, -0.000035, 0.000286, 0.000049, -4.314172, 9.536482, -0.021031, 0.021031, -0.071851, -0.830078, 
19.970000, 0.999406, -0.034462, -0.000012, 0.000224, -0.000037, 0.181435, 0.038943, 0.835309, 0.000032, -0.000233, 0.000128, 3.078459, 10.049730, 0.034967, -0.034967, -0.068938, 0.835309, 
19.982000, 0.999351, -0.036010, -0.000012, 0.000225, -0.000037, 0.180839, 0.038943, -0.863497, -0.000036, 0.000297, 0.000048, -4.463178, 9.525888, -0.022332, 0.022332, -0.072035, -0.863497, 
19.994000, 0.999405, -0.034495, -0.000012, 0.000224, -0.000037, 0.180479, 0.038943, 0.869293, 0.000033, -0.000243, 0.000130, 3.228614, 10.060802, 0.035936, -0.035936, -0.069003, 0.869293, 
20.006000, 0.999348, -0.036104, -0.000012, 0.000225, -0.000036, 0.179891, 0.038943, -0.898263, -0.000038, 0.000309, 0.000046, -4.618167, 9.514854, -0.023680, 0.023680, -0.072224, -0.898263, 
20.018000, 0.999404, -0.034526, -0.000012, 0.000225, -0.000036, 0.179547, 0.038943, 0.904649, 0.000034, -0.000253, 0.000132, 3.384856, 10.072353, 0.021540, -0.021540, -0.069067, 0.904649, 
20.030000, 0.999436, -0.033581, -0.000012, 0.000225, -0.000036, 0.179157, 0.038943, -0.256899, -0.000018, 0.000141, 0.000035, -3.249333, 9.616887, -0.028330, 0.028330, -0.067174, -0.256899, 
20.042000, 0.999587, -0.028731, -0.000011, 0.000224, -0.000036, 0.179058, 0.038943, 1.397223, 0.000039, -0.000331, 0.000114, 3.119085, 10.021125, 0.019895, -0.019895, -0.057470, 1.397223, 
20.054000, 0.999672, -0.025592, -0.000010, 0.000224, -0.000036, 0.178827, 0.038943, 0.040740, -0.000019, 0.000129, 0.000021, -3.562643, 9.636414, -0.030965, 0.030965, -0.051190, 0.040740, 
20.066000, 0.999818, -0.019098, -0.000008, 0.000223, -0.000036, 0.178842, 0.038943, 1.660385, 0.000032, -0.000337, 0.000127, 3.196990, 9.962646, 0.020048, -0.020048, -0.038199, 1.660385, 
20.078000, 0.999889, -0.014875, -0.000007, 0.000223, -0.000036, 0.178677, 0.038944, 0.177872, -0.000021, 0.000139, 0.000017, -3.680609, 9.692288, -0.032230, 0.032230, -0.029752, 0.177872, 
20.090000, 0.999972, -0.007508, -0.000006, 0.000221, -0.000036, 0.178733, 0.038944, 1.812457, 0.000025, -0.000344, 0.000144, 3.408191, 9.893723, 0.021326, -0.021326, -0.015016, 1.812457, 
20.102000, 0.999996, -0.002740, -0.000005, 0.000221, -0.000036, 0.178577, 0.038944, 0.236458, -0.000021, 0.000132, 0.000012, -3.709640, 9.768617, -0.032603, 0.032603, -0.005480, 0.236458, 
20.114000, 0.999987, 0.005118, -0.000003, 0.000220, -0.000036, 0.178628, 0.038945, 1.908523, 0.000019, -0.000369, 0.000161, 3.679234, 9.813339, 0.023311, -0.023311, 0.010235, 1.908523, 
20.126000, 0.999948, 0.010166, -0.000002, 0.000220, -0.000036, 0.178441, 0.038945, 0.257443, -0.000021, 0.000105, 0.000004, -3.688017, 9.856965, -0.032305, 0.032305, 0.020332, 0.257443, 
20.138000, 0.999832, 0.018317, -0.000000, 0.000219, -0.000036, 0.178452, 0.038946, 1.974758, 0.000011, -0.000407, 0.000175, 3.971978, 9.721242, 0.041164, -0.041164, 0.036636, 1.974758, 
20.150000, 0.999781, 0.020906, 0.000000, 0.000219, -0.000035, 0.178012, 0.038944, -0.413723, -0.000029, 0.000225, -0.000007, -5.161198, 9.995826, -0.028089, 0.028089, 0.041814, -0.413723, 
20.162000, 0.999661, 0.026035, 0.000002, 0.000218, -0.000035, 0.177724, 0.038945, 1.565631, 0.000006, -0.000399, 0.000223, 4.692006, 9.638372, 0.046570, -0.046570, 0.052076, 1.565631, 
20.174000, 0.999650, 0.026460, 0.000002, 0.000218, -0.000035, 0.177043, 0.038942, -0.748762, -0.000026, 0.000191, -0.000003, -4.923727, 10.049818, -0.025414, 0.025414, 0.052925, -0.748762, 
20.186000, 0.999545, 0.030151, 0.000002, 0.000216, -0.000035, 0.176561, 0.038944, 1.377831, 0.000006, -0.000461, 0.000222, 5.068933, 9.584270, 0.050528, -0.050528, 0.060310, 1.377831, 
20.198000, 0.999565, 0.029490, 0.000002, 0.000216, -0.000034, 0.175707, 0.038942, -0.927027, -0.000025, 0.000135, -0.000020, -4.869737, 10.079690, -0.023696, 0.023696, 0.058988, -0.927027, 
20.210000, 0.999472, 0.032489, 0.000003, 0.000214, -0.000034, 0.175078, 0.038944, 1.297072, 0.000004, -0.000521, 0.000213, 5.312760, 9.549050, 0.053710, -0.053710, 0.064990, 1.297072, 
20.222000, 0.999511, 0.031268, 0.000002, 0.000213, -0.000034, 0.174083, 0.038942, -1.028002, -0.000027, 0.000094, -0.000036, -4.895452, 10.099845, -0.022464, 0.022464, 0.062547, -1.028002, 
20.234000, 0.999424, 0.033946, 0.000003, 0.000211, -0.000033, 0.173329, 0.038944, 1.269436, 0.000001, -0.000565, 0.000206, 5.493555, 9.524862, 0.056506, -0.056506, 0.067906, 1.269436, 
20.246000, 0.999474, 0.032426, 0.000003, 0.000210, -0.000033, 0.172209, 0.038942, -1.090522, -0.000029, 0.000069, -0.000048, -4.959927, 10.115934, -0.021469, 0.021469, 0.064863, -1.090522, 
20.258000, 0.999388, 0.034966, 0.000003, 0.000208, -0.000033, 0.171341, 0.038944, 1.268304, -0.000001, -0.000596, 0.000202, 5.643341, 9.506555, 0.059119, -0.059119, 0.069947, 1.268304, 
20.270000, 0.999446, 0.033276, 0.000003, 0.000207, -0.000032, 0.170103, 0.038942, -1.133898, -0.000032, 0.000056, -0.000057, -5.043736, 10.130244, -0.020587, 0.020587, 0.066565, -1.133898, 
20.282000, 0.999360, 0.035771, 0.000003, 0.000205, -0.000032, 0.169124, 0.038945, 1.280418, -0.000003, -0.000618, 0.000201, 5.777849, 9.491151, 0.061648, -0.061648, 0.071557, 1.280418, 
20.294000, 0.999423, 0.033976, 0.000003, 0.000204, -0.000031, 0.167772, 0.038942, -1.167753, -0.000034, 0.000051, -0.000065, -5.137263, 10.143790, -0.019754, 0.019754, 0.067966, -1.167753, 
20.306000, 0.999335, 0.036470, 0.000003, 0.000201, -0.000031, 0.166686, 0.038945, 1.299164, -0.000005, -0.000633, 0.000200, 5.904878, 9.477059, 0.064143, -0.064143, 0.072957, 1.299164, 
20.318000, 0.999401, 0.034604, 0.000003, 0.000200, -0.000030, 0.165219, 0.038942, -1.196877, -0.000035, 0.000049, -0.000071, -5.235686, 10.157069, -0.018938, 0.018938, 0.069222, -1.196877, 
20.330000, 0.999311, 0.037121, 0.000003, 0.000198, -0.000030, 0.164026, 0.038945, 1.321229, -0.000006, -0.000646, 0.000200, 6.028273, 9.463468, 0.066630, -0.066630, 0.074258, 1.321229, 
20.342000, 0.999380, 0.035198, 0.000003, 0.000197, -0.000029, 0.162446, 0.038942, -1.223646, -0.000036, 0.000050, -0.000077, -5.336548, 10.170344, -0.018125, 0.018125, 0.070410, -1.223646, 
20.354000, 0.999287, 0.037749, 0.000003, 0.000194, -0.000028, 0.161145, 0.038945, 1.344953, -0.000007, -0.000657, 0.000200, 6.149898, 9.449973, 0.080985, -0.080985, 0.075515, 1.344953, 
20.366000, 0.999430, 0.033770, 0.000002, 0.000194, -0.000028, 0.159305, 0.038941, -1.768971, -0.000038, 0.000175, -0.000073, -6.619862, 10.247992, -0.014711, 0.014711, 0.067553, -1.768971, 
20.378000, 0.999426, 0.033886, 0.000002, 0.000191, -0.000027, 0.157721, 0.038944, 1.016168, -0.000000, -0.000624, 0.000234, 6.598316, 9.460566, 0.085504, -0.085504, 0.067785, 1.016168, 
20.390000, 0.999605, 0.028114, 0.000001, 0.000191, -0.000026, 0.155647, 0.038941, -2.052954, -0.000035, 0.000203, -0.000058, -6.613425, 10.178407, -0.012999, 0.012999, 0.056236, -2.052954, 
20.402000, 0.999633, 0.027071, 0.000001, 0.000189, -0.000026, 0.153880, 0.038944, 0.871142, 0.000011, -0.000639, 0.000221, 6.804224, 9.521903, 0.088869, -0.088869, 0.054148, 0.871142, 
20.414000, 0.999793, 0.020349, -0.000000, 0.000189, -0.000025, 0.151644, 0.038941, -2.219890, -0.000033, 0.000223, -0.000060, -6.786611, 10.085360, -0.012570, 0.012570, 0.040700, -2.219890, 
20.426000, 0.999824, 0.018756, -0.000001, 0.000186, -0.000024, 0.149750, 0.038944, 0.819516, 0.000022, -0.000653, 0.000203, 6.937725, 9.613291, 0.091634, -0.091634, 0.037514, 0.819516, 
20.438000, 0.999934, 0.011487, -0.000002, 0.000186, -0.000023, 0.147394, 0.038942, -2.333476, -0.000033, 0.000258, -0.000058, -7.059378, 9.976993, -0.013057, 0.013057, 0.022975, -2.333476, 
20.450000, 0.999953, 0.009652, -0.000002, 0.000184, -0.000023, 0.145408, 0.038945, 0.818132, 0.000032, -0.000657, 0.000190, 7.054412, 9.723521, 0.094103, -0.094103, 0.019305, 0.818132, 
20.462000, 0.999998, 0.002032, -0.000004, 0.000184, -0.000022, 0.142960, 0.038943, -2.424322, -0.000037, 0.000307, -0.000048, -7.397816, 9.854933, -0.014256, 0.014256, 0.004065, -2.424322, 
20.474000, 1.000000, 0.000113, -0.000004, 0.000182, -0.000021, 0.140911, 0.038945, 0.845208, 0.000043, -0.000653, 0.000181, 7.177434, 9.847452, 0.084546, -0.084546, 0.000226, 0.845208, 
20.486000, 0.999983, -0.005749, -0.000005, 0.000181, -0.000020, 0.138541, 0.038944, -1.985536, -0.000033, 0.000232, -0.000055, -6.599983, 9.744620, -0.018560, 0.018560, -0.011498, -1.985536, 
20.498000, 0.999986, -0.005199, -0.000005, 0.000179, -0.000019, 0.136626, 0.038946, 1.240282, 0.000050, -0.000693, 0.000149, 6.983680, 9.924701, 0.084652, -0.084652, -0.010398, 1.240282, 
20.510000, 0.999955, -0.009532, -0.000006, 0.000179, -0.000019, 0.134324, 0.038944, -1.807612, -0.000040, 0.000274, -0.000060, -7.132296, 9.686686, -0.021731, 0.021731, -0.019065, -1.807612, 
20.522000, 0.999970, -0.007731, -0.000005, 0.000177, -0.000018, 0.132462, 0.038945, 1.466485, 0.000050, -0.000676, 0.000162, 7.063262, 9.967100, 0.085937, -0.085937, -0.015463, 1.466485, 
20.534000, 0.999935, -0.011370, -0.000006, 0.000177, -0.000017, 0.130174, 0.038944, -1.752100, -0.000046, 0.000336, -0.000049, -7.531653, 9.653696, -0.024210, 0.024210, -0.022740, -1.752100, 
20.546000, 0.999960, -0.008889, -0.000006, 0.000175, -0.000016, 0.128328, 0.038945, 1.612205, 0.000051, -0.000658, 0.000180, 7.254095, 9.991320, 0.087898, -0.087898, -0.017779, 1.612205, 
20.558000, 0.999925, -0.012241, -0.000006, 0.000175, -0.000016, 0.126029, 0.038943, -1.758104, -0.000049, 0.000390, -0.000039, -7.878954, 9.633737, -0.026370, 0.026370, -0.024483, -1.758104, 
20.570000, 0.999956, -0.009361, -0.000006, 0.000173, -0.000015, 0.124181, 0.038944, 1.719268, 0.000053, -0.000652, 0.000195, 7.503366, 10.006643, 0.090245, -0.090245, -0.018722, 1.719268, 
20.582000, 0.999920, -0.012631, -0.000006, 0.000173, -0.000014, 0.121858, 0.038943, -1.796023, -0.000052, 0.000433, -0.000034, -8.206850, 9.620853, -0.028412, 0.028412, -0.025263, -1.796023, 
20.594000, 0.999955, -0.009488, -0.000006, 0.000172, -0.000013, 0.119999, 0.038944, 1.808390, 0.000055, -0.000657, 0.000206, 7.787451, 10.017694, 0.092832, -0.092832, -0.018977, 1.808390, 
20.606000, 0.999918, -0.012782, -0.000006, 0.000172, -0.000013, 0.117644, 0.038943, -1.851209, -0.000054, 0.000467, -0.000032, -8.531156, 9.611774, -0.030437, 0.030437, -0.025564, -1.851209, 
20.618000, 0.999955, -0.009442, -0.000006, 0.000170, -0.000012, 0.115770, 0.038944, 1.889941, 0.000057, -0.000670, 0.000215, 8.095013, 10.026709, 0.095587, -0.095587, -0.018884, 1.889941, 
20.630000, 0.999918, -0.012813, -0.000006, 0.000171, -0.000011, 0.113380, 0.038943, -1.916408, -0.000056, 0.000496, -0.000033, -8.859921, 9.604703, -0.032500, 0.032500, -0.025627, -1.916408, 
20.642000, 0.999957, -0.009307, -0.000006, 0.000169, -0.000011, 0.111489, 0.038944, 1.969141, 0.000060, -0.000689, 0.000223, 8.420641, 10.034778, 0.098475, -0.098475, -0.018614, 1.969141, 
20.654000, 0.999918, -0.012786, -0.000006, 0.000170, -0.000010, 0.109061, 0.038943, -1.988055, -0.000057, 0.000523, -0.000036, -9.197382, 9.598670, -0.034628, 0.034628, -0.025573, -1.988055, 
20.666000, 0.999958, -0.009126, -0.000006, 0.000168, -0.000009, 0.107152, 0.038944, 2.048648, 0.000062, -0.000711, 0.000231, 8.761872, 10.042446, 0.101483, -0.101483, -0.018252, 2.048648, 
20.678000, 0.999919, -0.012730, -0.000006, 0.000169, -0.000008, 0.104685, 0.038943, -2.064423, -0.000059, 0.000548, -0.000038, -9.545892, 9.593168, -0.036837, 0.036837, -0.025461, -2.064423, 
20.690000, 0.999960, -0.008919, -0.000005, 0.000167, -0.000008, 0.102757, 0.038944, 2.129842, 0.000065, -0.000735, 0.000239, 9.117719, 10.049995, 0.104603, -0.104603, -0.017839, 2.129842, 
20.702000, 0.999920, -0.012661, -0.000006, 0.000168, -0.000007, 0.100250, 0.038943, -2.144708, -0.000061, 0.000573, -0.000042, -9.906873, 9.587934, -0.039137, 0.039137, -0.025322, -2.144708, 
20.714000, 0.999962, -0.008698, -0.000005, 0.000166, -0.000006, 0.098304, 0.038944, 2.213468, 0.000067, -0.000762, 0.000247, 9.487940, 10.057570, 0.107835, -0.107835, -0.017397, 2.213468, 
20.726000, 0.999921, -0.012585, -0.000006, 0.000167, -0.000005, 0.095756, 0.038943, -2.228565, -0.000064, 0.000598, -0.000045, -10.281291, 9.582841, -0.041535, 0.041535, -0.025170, -2.228565, 
20.738000, 0.999964, -0.008468, -0.000005, 0.000165, -0.000005, 0.093791, 0.038945, 2.299958, 0.000070, -0.000790, 0.000255, 9.872677, 10.065249, 0.111181, -0.111181, -0.016936, 2.299958, 
20.750000, 0.999922, -0.012507, -0.000006, 0.000166, -0.000004, 0.091201, 0.038943, -2.315882, -0.000066, 0.000624, -0.000048, -10.669897, 9.577825, -0.044036, 0.044036, -0.025014, -2.315882, 
20.762000, 0.999966, -0.008230, -0.000005, 0.000164, -0.000003, 0.089217, 0.038945, 2.389587, 0.000072, -0.000819, 0.000263, 10.272271, 10.073075, 0.114643, -0.114643, -0.016460, 2.389587, 
20.774000, 0.999923, -0.012428, -0.000006, 0.000165, -0.000002, 0.086585, 0.038943, -2.406666, -0.000068, 0.000651, -0.000052, -11.073341, 9.572862, -0.046645, 0.046645, -0.024857, -2.406666, 
20.786000, 0.999968, -0.007986, -0.000005, 0.000163, -0.000002, 0.084583, 0.038945, 2.482555, 0.000075, -0.000849, 0.000272, 10.687170, 10.081072, 0.118225, -0.118225, -0.015973, 2.482555, 
20.798000, 0.999924, -0.012350, -0.000006, 0.000164, -0.000001, 0.081907, 0.038943, -2.500984, -0.000071, 0.000678, -0.000055, -11.492234, 9.567945, -0.049366, 0.049366, -0.024701, -2.500984, 
20.810000, 0.999970, -0.007739, -0.000005, 0.000161, -0.000000, 0.079886, 0.038946, 2.578681, 0.000061, -0.000904, 0.000339, 11.118296, 10.085546, 0.121916, -0.121916, -0.015478, 2.578681, 
20.822000, 0.999925, -0.012274, -0.000006, 0.000163, 0.000001, 0.077167, 0.038944, -2.598506, -0.000086, 0.000703, 0.000017, -11.925235, 9.561570, -0.052193, 0.052193, -0.024550, -2.598506, 
20.834000, 0.999972, -0.007490, -0.000006, 0.000160, 0.000001, 0.075127, 0.038947, 2.677832, 0.000067, -0.000940, 0.000398, 11.564500, 10.086620, 0.137638, -0.137638, -0.014980, 2.677832, 
20.846000, 0.999899, -0.014217, -0.000007, 0.000162, 0.000002, 0.072217, 0.038949, -3.221406, -0.000117, 0.000895, 0.000162, -13.563125, 9.479347, -0.052499, 0.052499, -0.028435, -3.221406, 
20.858000, 0.999931, -0.011746, -0.000007, 0.000160, 0.000003, 0.069982, 0.038955, 2.424125, 0.000081, -0.000911, 0.000506, 12.348152, 10.168144, 0.143546, -0.143546, -0.023492, 2.424125, 
20.870000, 0.999792, -0.020404, -0.000009, 0.000162, 0.000004, 0.066908, 0.038957, -3.582910, -0.000155, 0.001004, 0.000381, -13.896759, 9.318855, -0.054543, 0.054543, -0.040810, -3.582910, 
20.882000, 0.999820, -0.018973, -0.000009, 0.000160, 0.000005, 0.064580, 0.038964, 2.353417, 0.000081, -0.000951, 0.000689, 12.884971, 10.335187, 0.148229, -0.148229, -0.037948, 2.353417, 
20.894000, 0.999588, -0.028705, -0.000011, 0.000163, 0.000006, 0.061415, 0.038968, -3.824106, -0.000150, 0.001052, 0.000513, -14.397179, 9.076395, -0.057784, 0.057784, -0.057417, -3.824106, 
20.906000, 0.999616, -0.027712, -0.000011, 0.000161, 0.000006, 0.059050, 0.038974, 2.372420, 0.000129, -0.000996, 0.000732, 13.329558, 10.556529, 0.152161, -0.152161, -0.055431, 2.372420, 
20.918000, 0.999274, -0.038098, -0.000014, 0.000163, 0.000007, 0.055838, 0.038981, -4.006497, -0.000135, 0.001109, 0.000555, -14.971705, 8.781805, -0.061775, 0.061775, -0.076215, -4.006497, 
20.930000, 0.999306, -0.037250, -0.000013, 0.000161, 0.000008, 0.053471, 0.038986, 2.435288, 0.000174, -0.001028, 0.000721, 13.726745, 10.817470, 0.155559, -0.155559, -0.074518, 2.435288, 
20.942000, 0.998844, -0.048077, -0.000016, 0.000164, 0.000009, 0.050244, 0.038994, -4.157953, -0.000193, 0.001220, 0.000725, -15.573867, 8.446897, -0.066211, 0.066211, -0.096192, -4.157953, 
20.954000, 0.998884, -0.047235, -0.000016, 0.000162, 0.000010, 0.047903, 0.038998, 2.517164, 0.000189, -0.001015, 0.000816, 14.086623, 11.107224, 0.146528, -0.146528, -0.094505, 2.517164, 
20.966000, 0.998409, -0.056379, -0.000018, 0.000165, 0.000011, 0.044831, 0.039002, -3.769607, -0.000120, 0.001125, 0.000623, -14.999393, 8.273179, -0.073559, 0.073559, -0.112818, -3.769607, 
20.978000, 0.998595, -0.052985, -0.000017, 0.000162, 0.000011, 0.042715, 0.039000, 2.963622, 0.000247, -0.001098, 0.000700, 14.105540, 11.309885, 0.147011, -0.147011, -0.106020, 2.963622, 
20.990000, 0.998159, -0.060655, -0.000018, 0.000165, 0.000012, 0.039793, 0.039008, -3.635142, -0.000174, 0.001207, 0.000705, -15.741946, 8.045461, -0.079480, 0.079480, -0.121385, -3.635142, 
21.002000, 0.998434, -0.055942, -0.000017, 0.000163, 0.000013, 0.037819, 0.039007, 3.232883, 0.000244, -0.001076, 0.000790, 14.369196, 11.421634, 0.148444, -0.148444, -0.111942, 3.232883, 
21.014000, 0.998015, -0.062972, -0.000019, 0.000166, 0.000014, 0.034994, 0.039018, -3.618372, -0.000186, 0.001307, 0.000783, -16.324917, 7.876006, -0.084525, 0.084525, -0.126027, -3.618372, 
21.026000, 0.998344, -0.057524, -0.000018, 0.000164, 0.000015, 0.033126, 0.039018, 3.415392, 0.000228, -0.001103, 0.000960, 14.724133, 11.491435, 0.150359, -0.150359, -0.115111, 3.415392, 
21.038000, 0.997929, -0.064320, -0.000020, 0.000167, 0.000015, 0.030373, 0.039031, -3.658887, -0.000190, 0.001367, 0.000902, -16.833437, 7.743051, -0.089109, 0.089109, -0.128728, -3.658887, 
21.050000, 0.998292, -0.058426, -0.000018, 0.000165, 0.000016, 0.028594, 0.039031, 3.554304, 0.000258, -0.001117, 0.001043, 15.119379, 11.543393, 0.152488, -0.152488, -0.116919, 3.554304, 
21.062000, 0.997873, -0.065187, -0.000020, 0.000169, 0.000017, 0.025899, 0.039045, -3.726843, -0.000244, 0.001471, 0.001094, -17.301961, 7.625821, -0.093435, 0.093435, -0.130466, -3.726843, 
21.074000, 0.998258, -0.058993, -0.000019, 0.000168, 0.000017, 0.024200, 0.039045, 3.670755, 0.000268, -0.001099, 0.001203, 15.529891, 11.585724, 0.154694, -0.154694, -0.118054, 3.670755, 
21.086000, 0.997832, -0.065816, -0.000021, 0.000172, 0.000018, 0.021560, 0.039061, -3.807568, -0.000234, 0.001555, 0.001188, -17.747046, 7.516728, -0.097605, 0.097605, -0.131726, -3.807568, 
21.098000, 0.998235, -0.059394, -0.000020, 0.000170, 0.000019, 0.019937, 0.039060, 3.775098, 0.000305, -0.001100, 0.001264, 15.943786, 11.623145, 0.156903, -0.156903, -0.118858, 3.775098, 
21.110000, 0.997798, -0.066326, -0.000021, 0.000175, 0.000020, 0.017348, 0.039075, -3.893807, -0.000217, 0.001620, 0.001203, -18.176570, 7.414362, -0.101674, 0.101674, -0.132750, -3.893807, 
21.122000, 0.998215, -0.059716, -0.000020, 0.000173, 0.000020, 0.015798, 0.039074, 3.872482, 0.000335, -0.001114, 0.001278, 16.355311, 11.659152, 0.159079, -0.159079, -0.119502, 3.872482, 
21.134000, 0.997768, -0.066778, -0.000021, 0.000178, 0.000021, 0.013260, 0.039090, -3.981834, -0.000212, 0.001672, 0.001192, -18.594096, 7.316453, -0.105664, 0.105664, -0.133656, -3.981834, 
21.146000, 0.998198, -0.060000, -0.000020, 0.000176, 0.000022, 0.011784, 0.039088, 3.965219, 0.000304, -0.001196, 0.001416, 16.761751, 11.691510, 0.161192, -0.161192, -0.120073, 3.965219, 
21.158000, 0.997739, -0.067202, -0.000022, 0.000180, 0.000022, 0.009296, 0.039103, -4.069412, -0.000320, 0.001731, 0.001457, -18.999342, 7.217125, -0.109576, 0.109576, -0.134506, -4.069412, 
21.170000, 0.998182, -0.060270, -0.000021, 0.000179, 0.000023, 0.007893, 0.039101, 4.054201, 0.000287, -0.001210, 0.001680, 17.160165, 11.717391, 0.163221, -0.163221, -0.120614, 4.054201, 
21.182000, 0.997712, -0.067613, -0.000023, 0.000184, 0.000024, 0.005457, 0.039117, -4.155068, -0.000321, 0.001799, 0.001627, -19.390716, 7.112069, -0.113396, 0.113396, -0.135329, -4.155068, 
21.194000, 0.998166, -0.060535, -0.000021, 0.000182, 0.000024, 0.004126, 0.039115, 4.139790, 0.000327, -0.001223, 0.001806, 17.546713, 11.738927, 0.165153, -0.165153, -0.121144, 4.139790, 
21.206000, 0.997684, -0.068016, -0.000023, 0.000187, 0.000025, 0.001742, 0.039132, -4.238283, -0.000298, 0.001858, 0.001671, -19.768937, 7.008287, -0.117123, 0.117123, -0.136136, -4.238283, 
21.218000, 0.998150, -0.060800, -0.000022, 0.000186, 0.000026, 0.000484, 0.039129, 4.222051, 0.000366, -0.001242, 0.001844, 17.920148, 11.760237, 0.166977, -0.166977, -0.121675, 4.222051, 
21.230000, 0.997657, -0.068415, -0.000024, 0.000191, 0.000026, -0.001846, 0.039146, -4.318664, -0.000286, 0.001906, 0.001662, -20.133377, 6.907759, -0.120754, 0.120754, -0.136937, -4.318664, 
21.242000, 0.998134, -0.061069, -0.000022, 0.000189, 0.000027, -0.003031, 0.039142, 4.301008, 0.000388, -0.001265, 0.001860, 18.279544, 11.781930, 0.168688, -0.168688, -0.122213, 4.301008, 
21.254000, 0.997630, -0.068813, -0.000024, 0.000195, 0.000028, -0.005307, 0.039159, -4.395979, -0.000290, 0.001947, 0.001652, -20.483562, 6.810408, -0.124286, 0.124286, -0.137735, -4.395979, 
21.266000, 0.998117, -0.061342, -0.000022, 0.000193, 0.000028, -0.006419, 0.039154, 4.376655, 0.000397, -0.001290, 0.001888, 18.624373, 11.803626, 0.170282, -0.170282, -0.122760, 4.376655, 
21.278000, 0.997602, -0.069210, -0.000024, 0.000199, 0.000029, -0.008641, 0.039171, -4.470021, -0.000413, 0.002033, 0.000041, -20.818142, 6.729226, -0.127715, 0.127715, -0.138531, -4.470021, 
21.290000, 0.998100, -0.061620, -0.000023, 0.000197, 0.000029, -0.009679, 0.039166, 4.448740, 0.000295, -0.001351, 0.002272, 18.954593, 11.819829, 0.171749, -0.171749, -0.123318, 4.448740, 
21.302000, 0.997574, -0.069607, -0.000025, 0.000203, 0.000030, -0.011844, 0.039183, -4.540410, -0.000461, 0.002077, 0.000269, -21.134531, 6.673370, -0.131029, 0.131029, -0.139327, -4.540410, 
21.314000, 0.998082, -0.061904, -0.000024, 0.000201, 0.000030, -0.012810, 0.039178, 4.517023, 0.000323, -0.001380, 0.002550, 19.268616, 11.829231, 0.173081, -0.173081, -0.123888, 4.517023, 
21.326000, 0.997547, -0.070003, -0.000027, 0.000207, 0.000031, -0.014917, 0.039195, -4.606952, -0.000434, 0.002133, 0.000360, -21.433589, 6.617084, -0.134221, 0.134221, -0.140120, -4.606952, 
21.338000, 0.998064, -0.062195, -0.000025, 0.000205, 0.000032, -0.015809, 0.039190, 4.581310, 0.000380, -0.001400, 0.002651, 19.564802, 11.837806, 0.174270, -0.174270, -0.124471, 4.581310, 
21.350000, 0.997519, -0.070398, -0.000027, 0.000211, 0.000032, -0.017858, 0.039207, -4.669493, -0.000405, 0.002180, 0.000352, -21.715000, 6.563339, -0.137286, 0.137286, -0.140913, -4.669493, 
21.362000, 0.998045, -0.062493, -0.000025, 0.000210, 0.000033, -0.018677, 0.039202, 4.641532, 0.000418, -0.001420, 0.002670, 19.842402, 11.847253, 0.175314, -0.175314, -0.125067, 4.641532, 
21.374000, 0.997491, -0.070793, -0.000028, 0.000215, 0.000034, -0.020666, 0.039219, -4.728005, -0.000399, 0.002216, 0.000320, -21.978585, 6.512448, -0.140226, 0.140226, -0.141705, -4.728005, 
21.386000, 0.998026, -0.062797, -0.000025, 0.000214, 0.000034, -0.021411, 0.039212, 4.697723, 0.000432, -0.001442, 0.002688, 20.101413, 11.857359, 0.176213, -0.176213, -0.125676, 4.697723, 
21.398000, 0.997463, -0.071188, -0.000028, 0.000220, 0.000035, -0.023340, 0.039229, -4.782535, -0.000409, 0.002247, 0.000303, -22.224469, 6.463987, -0.155032, 0.155032, -0.142497, -4.782535, 
21.410000, 0.998131, -0.061109, -0.000025, 0.000218, 0.000035, -0.023866, 0.039230, 5.268253, 0.000366, -0.001730, 0.001352, 21.532744, 11.935550, 0.174068, -0.174068, -0.122294, 5.268253, 
21.422000, 0.997749, -0.067066, -0.000028, 0.000223, 0.000036, -0.025553, 0.039254, -4.466135, -0.000449, 0.002174, 0.000408, -22.758623, 6.466892, -0.159463, 0.159463, -0.134233, -4.466135, 
21.434000, 0.998478, -0.055147, -0.000025, 0.000220, 0.000036, -0.025887, 0.039254, 5.570167, 0.000372, -0.001815, 0.001588, 21.606641, 11.678219, 0.173515, -0.173515, -0.110350, 5.570167, 
21.446000, 0.998201, -0.059954, -0.000027, 0.000225, 0.000036, -0.027436, 0.039272, -4.332912, -0.000418, 0.002213, 0.000438, -23.066759, 6.681291, -0.162621, 0.162621, -0.119979, -4.332912, 
21.458000, 0.998892, -0.047053, -0.000023, 0.000222, 0.000036, -0.027650, 0.039270, 5.749585, 0.000395, -0.001834, 0.001715, 21.843171, 11.382978, 0.174128, -0.174128, -0.094141, 5.749585, 
21.470000, 0.998682, -0.051324, -0.000025, 0.000228, 0.000037, -0.029118, 0.039282, -4.291782, -0.000373, 0.002260, 0.000384, -23.295796, 6.993297, -0.165095, 0.165095, -0.102693, -4.291782, 
21.482000, 0.999283, -0.037857, -0.000022, 0.000225, 0.000037, -0.029256, 0.039281, 5.871800, 0.000399, -0.001844, 0.001777, 22.164693, 11.047927, 0.175553, -0.175553, -0.075731, 5.871800, 
21.494000, 0.999122, -0.041892, -0.000023, 0.000231, 0.000038, -0.030679, 0.039290, -4.297406, -0.000339, 0.002290, 0.000309, -23.491735, 7.346257, -0.167134, 0.167134, -0.083809, -4.297406, 
21.506000, 0.999606, -0.028067, -0.000019, 0.000228, 0.000038, -0.030773, 0.039292, 5.965554, 0.000384, -0.001862, 0.001839, 22.527176, 10.677186, 0.177503, -0.177503, -0.056142, 5.965554, 
21.518000, 0.999488, -0.032010, -0.000021, 0.000233, 0.000038, -0.032178, 0.039298, -4.324393, -0.000314, 0.002307, 0.000249, -23.663358, 7.721566, -0.156765, 0.156765, -0.064031, -4.324393, 
21.530000, 0.999801, -0.019944, -0.000018, 0.000231, 0.000038, -0.032396, 0.039293, 5.524659, 0.000366, -0.001705, 0.001921, 21.738764, 10.241542, 0.182662, -0.182662, -0.039890, 5.524659, 
21.542000, 0.999652, -0.026385, -0.000020, 0.000237, 0.000039, -0.033985, 0.039288, -4.727728, -0.000286, 0.002369, 0.000225, -23.521602, 8.055041, -0.156278, 0.156278, -0.052776, -4.727728, 
21.554000, 0.999874, -0.015875, -0.000017, 0.000235, 0.000039, -0.034323, 0.039287, 5.343364, 0.000351, -0.001714, 0.001898, 22.283362, 10.125539, 0.186513, -0.186513, -0.031752, 5.343364, 
21.566000, 0.999722, -0.023578, -0.000019, 0.000241, 0.000040, -0.036014, 0.039286, -4.954882, -0.000285, 0.002355, 0.000221, -23.600994, 8.176993, -0.156830, 0.156830, -0.047161, -4.954882, 
21.578000, 0.999905, -0.013787, -0.000016, 0.000239, 0.000040, -0.036416, 0.039293, 5.281785, 0.000339, -0.001779, 0.001918, 22.672842, 10.032097, 0.189510, -0.189510, -0.027574, 5.281785, 
21.590000, 0.999755, -0.022152, -0.000019, 0.000245, 0.000041, -0.038171, 0.039295, -5.092761, -0.000291, 0.002344, 0.000249, -23.758226, 8.211259, -0.157797, 0.157797, -0.044309, -5.092761, 
21.602000, 0.999920, -0.012679, -0.000016, 0.000242, 0.000041, -0.038614, 0.039305, 5.274794, 0.000339, -0.001849, 0.001961, 22.974462, 9.973973, 0.191933, -0.191933, -0.025360, 5.274794, 
21.614000, 0.999771, -0.021407, -0.000019, 0.000248, 0.000042, -0.040413, 0.039307, -5.182733, -0.000291, 0.002347, 0.000277, -23.936016, 8.221011, -0.158845, 0.158845, -0.042818, -5.182733, 
21.626000, 0.999927, -0.012060, -0.000016, 0.000245, 0.000042, -0.040885, 0.039317, 5.291586, 0.000347, -0.001906, 0.001998, 23.217613, 9.944694, 0.193966, -0.193966, -0.024121, 5.291586, 
21.638000, 0.999779, -0.020998, -0.000019, 0.000250, 0.000043, -0.042719, 0.039318, -5.246279, -0.000289, 0.002357, 0.000294, -24.110928, 8.224530, -0.159842, 0.159842, -0.041998, -5.246279, 
21.650000, 0.999932, -0.011683, -0.000016, 0.000247, 0.000043, -0.043214, 0.039326, 5.317927, 0.000355, -0.001949, 0.002024, 23.420804, 9.930494, 0.195734, -0.195734, -0.023367, 5.317927, 
21.662000, 0.999785, -0.020752, -0.000019, 0.000253, 0.000044, -0.045078, 0.039326, -5.294769, -0.000289, 0.002372, 0.000304, -24.274848, 8.224368, -0.160747, 0.160747, -0.041506, -5.294769, 
21.674000, 0.999935, -0.011427, -0.000016, 0.000250, 0.000044, -0.045593, 0.039334, 5.347188, 0.000361, -0.001982, 0.002044, 23.595743, 9.921769, 0.197311, -0.197311, -0.022855, 5.347188, 
21.686000, 0.999788, -0.020585, -0.000020, 0.000255, 0.000045, -0.047485, 0.039333, -5.334062, -0.000291, 0.002390, 0.000312, -24.425251, 8.221264, -0.161546, 0.161546, -0.041173, -5.334062, 
21.698000, 0.999937, -0.011232, -0.000016, 0.000252, 0.000045, -0.048019, 0.039341, 5.376180, 0.000366, -0.002008, 0.002064, 23.749000, 9.914612, 0.198738, -0.198738, -0.022464, 5.376180, 
21.710000, 0.999791, -0.020456, -0.000020, 0.000258, 0.000046, -0.049937, 0.039339, -5.367111, -0.000293, 0.002409, 0.000322, -24.561352, 8.216751, -0.162235, 0.162235, -0.040914, -5.367111, 
21.722000, 0.999939, -0.011067, -0.000017, 0.000254, 0.000046, -0.050490, 0.039347, 5.403386, 0.000369, -0.002030, 0.002083, 23.884117, 9.908111, 0.200036, -0.200036, -0.022135, 5.403386, 
21.734000, 0.999793, -0.020343, -0.000020, 0.000260, 0.000047, -0.052434, 0.039345, -5.395465, -0.000295, 0.002428, 0.000333, -24.683165, 8.212255, -0.162814, 0.162814, -0.040689, -5.395465, 
21.746000, 0.999940, -0.010919, -0.000017, 0.000257, 0.000048, -0.053007, 0.039353, 5.428176, 0.000373, -0.002049, 0.002102, 24.003321, 9.902122, 0.201221, -0.201221, -0.021838, 5.428176, 
21.758000, 0.999795, -0.020237, -0.000020, 0.000262, 0.000049, -0.054976, 0.039350, -5.420035, -0.000297, 0.002446, 0.000343, -24.791282, 8.208512, -0.163289, 0.163289, -0.040477, -5.420035, 
21.770000, 0.999942, -0.010779, -0.000017, 0.000259, 0.000049, -0.055568, 0.039358, 5.450391, 0.000377, -0.002065, 0.002120, 24.108364, 9.896496, 0.202306, -0.202306, -0.021558, 5.450391, 
21.782000, 0.999797, -0.020132, -0.000020, 0.000265, 0.000050, -0.057562, 0.039355, -5.441427, -0.000298, 0.002463, 0.000352, -24.886668, 8.205719, -0.163666, 0.163666, -0.040268, -5.441427, 
21.794000, 0.999943, -0.010644, -0.000017, 0.000261, 0.000050, -0.058175, 0.039362, 5.470102, 0.000381, -0.002079, 0.002135, 24.200788, 9.891052, 0.203301, -0.203301, -0.021287, 5.470102, 
21.806000, 0.999799, -0.020027, -0.000020, 0.000267, 0.000051, -0.060193, 0.039359, -5.460083, -0.000299, 0.002478, 0.000359, -24.970441, 8.203851, -0.163954, 0.163954, -0.040057, -5.460083, 
21.818000, 0.999945, -0.010511, -0.000017, 0.000264, 0.000051, -0.060827, 0.039366, 5.487476, 0.000384, -0.002091, 0.002148, 24.281967, 9.885664, 0.204216, -0.204216, -0.021022, 5.487476, 
21.830000, 0.999802, -0.019920, -0.000020, 0.000269, 0.000052, -0.062869, 0.039363, -5.476348, -0.000299, 0.002492, 0.000366, -25.043733, 8.202841, -0.164163, 0.164163, -0.039843, -5.476348, 
21.842000, 0.999946, -0.010379, -0.000017, 0.000266, 0.000053, -0.063524, 0.039369, 5.502716, 0.000387, -0.002101, 0.002159, 24.353129, 9.880281, 0.205061, -0.205061, -0.020759, 5.502716, 
21.854000, 0.999804, -0.019811, -0.000020, 0.000272, 0.000054, -0.065592, 0.039366, -5.490506, -0.000300, 0.002504, 0.000371, -25.107620, 8.202626, -0.164299, 0.164299, -0.039625, -5.490506, 
21.866000, 0.999947, -0.010249, -0.000017, 0.000268, 0.000054, -0.066268, 0.039372, 5.516032, 0.000390, -0.002111, 0.002170, 24.415376, 9.874887, 0.217757, -0.217757, -0.020498, 5.516032, 
21.878000, 0.999765, -0.021684, -0.000021, 0.000275, 0.000055, -0.068503, 0.039379, -6.015440, -0.000370, 0.002722, 0.000385, -26.312051, 8.144165, -0.161408, 0.161408, -0.043372, -6.015440, 
21.890000, 0.999893, -0.014626, -0.000019, 0.000272, 0.000056, -0.069380, 0.039394, 5.157545, 0.000381, -0.002077, 0.002255, 24.737896, 9.956904, 0.220017, -0.220017, -0.029254, 5.157545, 
21.902000, 0.999613, -0.027799, -0.000023, 0.000279, 0.000057, -0.071754, 0.039400, -6.267382, -0.000390, 0.002799, 0.000566, -26.132052, 7.851241, -0.159882, 0.159882, -0.055605, -6.267382, 
21.914000, 0.999758, -0.021993, -0.000021, 0.000276, 0.000057, -0.072732, 0.039406, 4.972273, 0.000431, -0.002119, 0.002294, 24.782816, 10.247887, 0.220700, -0.220700, -0.043990, 4.972273, 
21.926000, 0.999351, -0.036030, -0.000026, 0.000283, 0.000059, -0.075173, 0.039408, -6.389581, -0.000395, 0.002811, 0.000655, -26.069742, 7.510501, -0.159260, 0.159260, -0.072075, -6.389581, 
21.938000, 0.999523, -0.030873, -0.000024, 0.000280, 0.000059, -0.076194, 0.039406, 4.872207, 0.000488, -0.002148, 0.002240, 24.704661, 10.636154, 0.220483, -0.220483, -0.061755, 4.872207, 
21.950000, 0.998971, -0.045350, -0.000029, 0.000286, 0.000061, -0.078657, 0.039408, -6.449226, -0.000413, 0.002800, 0.000682, -26.059156, 7.125057, -0.159265, 0.159265, -0.090731, -6.449226, 
21.962000, 0.999177, -0.040550, -0.000027, 0.000283, 0.000061, -0.079685, 0.039401, 4.813561, 0.000527, -0.002155, 0.002142, 24.562433, 11.055418, 0.219656, -0.219656, -0.081122, 4.813561, 
21.974000, 0.998473, -0.055249, -0.000032, 0.000290, 0.000062, -0.082137, 0.039406, -6.475358, -0.000451, 0.002790, 0.000701, -26.061305, 6.703068, -0.159620, 0.159620, -0.110553, -6.475358, 
21.986000, 0.998715, -0.050674, -0.000029, 0.000287, 0.000063, -0.083146, 0.039396, 4.770629, 0.000553, -0.002147, 0.002051, 24.367439, 11.482166, 0.206310, -0.206310, -0.101392, 4.770629, 
21.998000, 0.997982, -0.063489, -0.000034, 0.000292, 0.000064, -0.085418, 0.039394, -5.966847, -0.000412, 0.002577, 0.000726, -24.919256, 6.402994, -0.163057, 0.163057, -0.127064, -5.966847, 
22.010000, 0.998399, -0.056563, -0.000031, 0.000289, 0.000065, -0.086207, 0.039370, 5.101385, 0.000588, -0.002171, 0.001901, 23.868089, 11.821491, 0.202782, -0.202782, -0.113187, 5.101385, 
22.022000, 0.997705, -0.067714, -0.000035, 0.000294, 0.000066, -0.088306, 0.039372, -5.718567, -0.000492, 0.002535, 0.000782, -25.135943, 6.232544, -0.165289, 0.165289, -0.135531, -5.718567, 
22.034000, 0.998219, -0.059648, -0.000032, 0.000291, 0.000066, -0.088954, 0.039354, 5.261373, 0.000550, -0.002128, 0.001962, 23.626875, 11.955915, 0.200435, -0.200435, -0.119367, 5.261373, 
22.046000, 0.997549, -0.069973, -0.000036, 0.000296, 0.000067, -0.090931, 0.039368, -5.592603, -0.000537, 0.002569, 0.001260, -25.217692, 6.091163, -0.166777, 0.166777, -0.140059, -5.592603, 
22.058000, 0.998116, -0.061360, -0.000033, 0.000293, 0.000068, -0.091476, 0.039354, 5.334547, 0.000530, -0.002092, 0.002187, 23.486967, 11.993160, 0.198565, -0.198565, -0.122797, 5.334547, 
22.070000, 0.997458, -0.071261, -0.000037, 0.000299, 0.000068, -0.093358, 0.039372, -5.523174, -0.000553, 0.002623, 0.001415, -25.228264, 6.005124, -0.167776, 0.167776, -0.142643, -5.523174, 
22.082000, 0.998051, -0.062396, -0.000034, 0.000296, 0.000069, -0.093819, 0.039357, 5.362136, 0.000546, -0.002058, 0.002286, 23.380559, 12.013774, 0.196838, -0.196838, -0.124874, 5.362136, 
22.094000, 0.997399, -0.072074, -0.000038, 0.000303, 0.000070, -0.095617, 0.039373, -5.480515, -0.000539, 0.002661, 0.001471, -25.199182, 5.968317, -0.168505, 0.168505, -0.144273, -5.480515, 
22.106000, 0.998007, -0.063100, -0.000034, 0.000300, 0.000070, -0.096002, 0.039357, 5.367341, 0.000567, -0.002023, 0.002300, 23.287387, 12.037189, 0.195183, -0.195183, -0.126283, 5.367341, 
22.118000, 0.997357, -0.072655, -0.000038, 0.000306, 0.000071, -0.097722, 0.039372, -5.451944, -0.000523, 0.002676, 0.001470, -25.152701, 5.955281, -0.181244, 0.181244, -0.145439, -5.451944, 
22.130000, 0.998099, -0.061630, -0.000034, 0.000303, 0.000071, -0.097889, 0.039363, 5.883331, 0.000577, -0.002204, 0.002243, 24.377143, 12.187473, 0.190566, -0.190566, -0.123338, 5.883331, 
22.142000, 0.997647, -0.068559, -0.000037, 0.000309, 0.000071, -0.099353, 0.039389, -5.055272, -0.000525, 0.002614, 0.001453, -25.387739, 5.978219, -0.183436, 0.183436, -0.137226, -5.055272, 
22.154000, 0.998444, -0.055757, -0.000033, 0.000305, 0.000071, -0.099330, 0.039380, 6.124048, 0.000562, -0.002229, 0.002357, 24.136225, 11.862730, 0.187635, -0.187635, -0.111573, 6.124048, 
22.166000, 0.998114, -0.061386, -0.000035, 0.000311, 0.000072, -0.100642, 0.039396, -4.849804, -0.000505, 0.002641, 0.001422, -25.412089, 6.262829, -0.184404, 0.184404, -0.122850, -4.849804, 
22.178000, 0.998862, -0.047683, -0.000030, 0.000308, 0.000072, -0.100503, 0.039383, 6.242694, 0.000543, -0.002194, 0.002445, 24.076084, 11.529274, 0.186045, -0.186045, -0.095402, 6.242694, 
22.190000, 0.998612, -0.052664, -0.000033, 0.000314, 0.000072, -0.101725, 0.039389, -4.746550, -0.000466, 0.002665, 0.001365, -25.383341, 6.669395, -0.184931, 0.184931, -0.105377, -4.746550, 
22.202000, 0.999260, -0.038467, -0.000028, 0.000311, 0.000072, -0.101514, 0.039377, 6.311543, 0.000520, -0.002150, 0.002491, 24.139724, 11.172320, 0.185593, -0.185593, -0.076953, 6.311543, 
22.214000, 0.999070, -0.043126, -0.000030, 0.000317, 0.000073, -0.102683, 0.039379, -4.700441, -0.000353, 0.002666, 0.000634, -25.356021, 7.095294, -0.185318, 0.185318, -0.086279, -4.700441, 
22.226000, 0.999590, -0.028636, -0.000024, 0.000314, 0.000072, -0.102430, 0.039374, 6.359565, 0.000531, -0.002107, 0.002185, 24.284362, 10.769799, 0.185959, -0.185959, -0.057280, 6.359565, 
22.238000, 0.999451, -0.033128, -0.000026, 0.000321, 0.000073, -0.103575, 0.039376, -4.683177, -0.000306, 0.002639, 0.000360, -25.333642, 7.517734, -0.173397, 0.173397, -0.066268, -4.683177, 
22.250000, 0.999790, -0.020474, -0.000021, 0.000319, 0.000073, -0.103450, 0.039366, 5.874138, 0.000484, -0.001891, 0.002132, 23.299607, 10.293407, 0.189797, -0.189797, -0.040951, 5.874138, 
22.262000, 0.999624, -0.027430, -0.000024, 0.000325, 0.000074, -0.104775, 0.039356, -5.053186, -0.000292, 0.002666, 0.000257, -25.024540, 7.888680, -0.171687, 0.171687, -0.054867, -5.053186, 
22.274000, 0.999865, -0.016402, -0.000019, 0.000323, 0.000074, -0.104773, 0.039352, 5.656345, 0.000431, -0.001866, 0.002054, 23.688926, 10.167316, 0.192500, -0.192500, -0.032805, 5.656345, 
22.286000, 0.999698, -0.024580, -0.000022, 0.000330, 0.000075, -0.106195, 0.039348, -5.250075, -0.000315, 0.002625, 0.000248, -24.956644, 8.031341, -0.171184, 0.171184, -0.049165, -5.250075, 
22.298000, 0.999897, -0.014328, -0.000018, 0.000328, 0.000075, -0.106262, 0.039352, 5.563256, 0.000391, -0.001914, 0.002071, 23.940770, 10.066501, 0.194464, -0.194464, -0.028656, 5.563256, 
22.310000, 0.999733, -0.023126, -0.000022, 0.000334, 0.000076, -0.107744, 0.039351, -5.359420, -0.000333, 0.002596, 0.000295, -24.980384, 8.077315, -0.171185, 0.171185, -0.046255, -5.359420, 
22.322000, 0.999912, -0.013243, -0.000018, 0.000332, 0.000076, -0.107853, 0.039359, 5.527354, 0.000380, -0.001975, 0.002126, 24.114439, 10.003944, 0.195919, -0.195919, -0.026486, 5.527354, 
22.334000, 0.999750, -0.022359, -0.000022, 0.000338, 0.000077, -0.109375, 0.039358, -5.422162, -0.000333, 0.002584, 0.000344, -25.033431, 8.096926, -0.171325, 0.171325, -0.044722, -5.422162, 
22.346000, 0.999920, -0.012648, -0.000018, 0.000335, 0.000077, -0.109514, 0.039365, 5.517219, 0.000388, -0.002023, 0.002167, 24.237171, 9.973343, 0.197040, -0.197040, -0.025296, 5.517219, 
22.358000, 0.999759, -0.021932, -0.000022, 0.000341, 0.000078, -0.111067, 0.039364, -5.460126, -0.000324, 0.002579, 0.000366, -25.091880, 8.110193, -0.171477, 0.171477, -0.043868, -5.460126, 
22.370000, 0.999924, -0.012295, -0.000018, 0.000338, 0.000078, -0.111231, 0.039370, 5.518745, 0.000399, -0.002055, 0.002182, 24.328449, 9.959411, 0.197962, -0.197962, -0.024592, 5.518745, 
22.382000, 0.999765, -0.021673, -0.000022, 0.000344, 0.000079, -0.112809, 0.039367, -5.485062, -0.000317, 0.002578, 0.000368, -25.148597, 8.119091, -0.171609, 0.171609, -0.043349, -5.485062, 
22.394000, 0.999927, -0.012063, -0.000018, 0.000341, 0.000079, -0.112995, 0.039373, 5.525422, 0.000406, -0.002076, 0.002184, 24.400987, 9.951258, 0.198767, -0.198767, -0.024127, 5.525422, 
22.406000, 0.999769, -0.021495, -0.000022, 0.000347, 0.000080, -0.114597, 0.039370, -5.502944, -0.000315, 0.002580, 0.000365, -25.201495, 8.123913, -0.171709, 0.171709, -0.042993, -5.502944, 
22.418000, 0.999929, -0.011890, -0.000018, 0.000344, 0.000080, -0.114804, 0.039375, 5.534005, 0.000408, -0.002091, 0.002185, 24.461456, 9.944558, 0.199493, -0.199493, -0.023781, 5.534005, 
22.430000, 0.999772, -0.021357, -0.000023, 0.000350, 0.000081, -0.116429, 0.039372, -5.516654, -0.000317, 0.002584, 0.000365, -25.249512, 8.126297, -0.171769, 0.171769, -0.042717, -5.516654, 
22.442000, 0.999931, -0.011747, -0.000018, 0.000347, 0.000081, -0.116655, 0.039378, 5.542837, 0.000408, -0.002103, 0.002191, 24.512929, 9.938463, 0.200158, -0.200158, -0.023494, 5.542837, 
22.454000, 0.999774, -0.021237, -0.000023, 0.000353, 0.000082, -0.118302, 0.039374, -5.527616, -0.000318, 0.002590, 0.000369, -25.292093, 8.127924, -0.171785, 0.171785, -0.042477, -5.527616, 
22.466000, 0.999932, -0.011618, -0.000018, 0.000350, 0.000082, -0.118548, 0.039380, 5.551144, 0.000409, -0.002113, 0.002199, 24.557026, 9.932930, 0.200772, -0.200772, -0.023236, 5.551144, 
22.478000, 0.999777, -0.021125, -0.000023, 0.000356, 0.000084, -0.120217, 0.039376, -5.536611, -0.000319, 0.002596, 0.000374, -25.329228, 8.129678, -0.171757, 0.171757, -0.042254, -5.536611, 
22.490000, 0.999934, -0.011496, -0.000018, 0.000353, 0.000084, -0.120484, 0.039382, 5.558635, 0.000411, -0.002121, 0.002207, 24.594909, 9.927817, 0.201345, -0.201345, -0.022993, 5.558635, 
22.502000, 0.999779, -0.021017, -0.000023, 0.000359, 0.000085, -0.122175, 0.039378, -5.544117, -0.000320, 0.002602, 0.000378, -25.361298, 8.131800, -0.171689, 0.171689, -0.042037, -5.544117, 
22.514000, 0.999935, -0.011378, -0.000018, 0.000356, 0.000085, -0.122461, 0.039383, 5.565249, 0.000412, -0.002128, 0.002214, 24.627539, 9.922907, 0.201882, -0.201882, -0.022757, 5.565249, 
22.526000, 0.999781, -0.020909, -0.000023, 0.000362, 0.000086, -0.124174, 0.039379, -5.550446, -0.000319, 0.002607, 0.000381, -25.388835, 8.134284, -0.171585, 0.171585, -0.041821, -5.550446, 
22.538000, 0.999937, -0.011261, -0.000018, 0.000359, 0.000086, -0.124481, 0.039385, 5.571019, 0.000414, -0.002133, 0.002219, 24.655697, 9.918051, 0.202390, -0.202390, -0.022523, 5.571019, 
22.550000, 0.999784, -0.020801, -0.000023, 0.000365, 0.000087, -0.126216, 0.039381, -5.555810, -0.000319, 0.002612, 0.000383, -25.412367, 8.137093, -0.171449, 0.171449, -0.041604, -5.555810, 
22.562000, 0.999938, -0.011145, -0.000018, 0.000361, 0.000088, -0.126544, 0.039386, 5.576013, 0.000415, -0.002138, 0.002223, 24.680010, 9.913187, 0.202872, -0.202872, -0.022291, 5.576013, 
22.574000, 0.999786, -0.020691, -0.000023, 0.000367, 0.000089, -0.128301, 0.039382, -5.560360, -0.000319, 0.002616, 0.000385, -25.432375, 8.140211, -0.171285, 0.171285, -0.041386, -5.560360, 
22.586000, 0.999939, -0.011029, -0.000018, 0.000364, 0.000089, -0.128650, 0.039387, 5.580310, 0.000416, -0.002143, 0.002227, 24.700989, 9.908298, 0.215216, -0.215216, -0.022058, 5.580310, 
22.598000, 0.999745, -0.022560, -0.000024, 0.000371, 0.000090, -0.130571, 0.039393, -6.075283, -0.000392, 0.002831, 0.000400, -26.593840, 8.083663, -0.168129, 0.168129, -0.045123, -6.075283, 
22.610000, 0.999881, -0.015409, -0.000021, 0.000368, 0.000091, -0.131121, 0.039407, 5.214257, 0.000406, -0.002105, 0.002297, 24.984192, 9.990506, 0.217166, -0.217166, -0.030820, 5.214257, 
22.622000, 0.999589, -0.028658, -0.000027, 0.000376, 0.000092, -0.133179, 0.039412, -6.318310, -0.000414, 0.002902, 0.000582, -26.376127, 7.791840, -0.166348, 0.166348, -0.057324, -6.318310, 
22.634000, 0.999741, -0.022771, -0.000024, 0.000373, 0.000093, -0.133828, 0.039418, 5.021357, 0.000456, -0.002144, 0.002336, 24.992630, 10.282601, 0.217556, -0.217556, -0.045546, 5.021357, 
22.646000, 0.999320, -0.036869, -0.000030, 0.000380, 0.000094, -0.135950, 0.039419, -6.432434, -0.000418, 0.002906, 0.000672, -26.278058, 7.453179, -0.165489, 0.165489, -0.073755, -6.432434, 
22.658000, 0.999499, -0.031641, -0.000027, 0.000377, 0.000095, -0.136642, 0.039416, 4.914151, 0.000513, -0.002169, 0.002282, 24.880928, 10.672594, 0.217072, -0.217072, -0.063293, 4.914151, 
22.670000, 0.998934, -0.046168, -0.000034, 0.000384, 0.000096, -0.138784, 0.039417, -6.484969, -0.000435, 0.002887, 0.000696, -26.235081, 7.070405, -0.165281, 0.165281, -0.092368, -6.484969, 
22.682000, 0.999146, -0.041306, -0.000031, 0.000381, 0.000097, -0.139482, 0.039409, 4.849101, 0.000552, -0.002173, 0.002180, 24.708765, 11.093128, 0.216006, -0.216006, -0.082636, 4.849101, 
22.694000, 0.998428, -0.056044, -0.000038, 0.000388, 0.000098, -0.141611, 0.039414, -6.504861, -0.000474, 0.002868, 0.000710, -26.208419, 6.651002, -0.165450, 0.165450, -0.112146, -6.504861, 
22.706000, 0.998677, -0.051417, -0.000035, 0.000385, 0.000099, -0.142289, 0.039403, 4.800436, 0.000576, -0.002162, 0.002082, 24.487119, 11.520177, 0.202477, -0.202477, -0.102880, 4.800436, 
22.718000, 0.997933, -0.064267, -0.000041, 0.000390, 0.000100, -0.144236, 0.039400, -5.992234, -0.000432, 0.002643, 0.000721, -25.044566, 6.354150, -0.168720, 0.168720, -0.128622, -5.992234, 
22.730000, 0.998357, -0.057303, -0.000037, 0.000387, 0.000101, -0.144694, 0.039375, 5.125377, 0.000609, -0.002184, 0.001937, 23.965695, 11.859708, 0.198769, -0.198769, -0.114669, 5.125377, 
22.742000, 0.997652, -0.068484, -0.000041, 0.000392, 0.000102, -0.146466, 0.039378, -5.739759, -0.000471, 0.002558, 0.001583, -25.238707, 6.181547, -0.170806, 0.170806, -0.137075, -5.739759, 
22.754000, 0.998175, -0.060391, -0.000037, 0.000389, 0.000102, -0.146783, 0.039359, 5.280313, 0.000518, -0.002154, 0.002193, 23.703859, 11.990205, 0.196251, -0.196251, -0.120856, 5.280313, 
22.766000, 0.997495, -0.070741, -0.000042, 0.000395, 0.000103, -0.148432, 0.039373, -5.609628, -0.000560, 0.002569, 0.001793, -25.299989, 6.041702, -0.172161, 0.172161, -0.141600, -5.609628, 
22.778000, 0.998069, -0.062110, -0.000039, 0.000391, 0.000103, -0.148645, 0.039359, 5.348934, 0.000476, -0.002123, 0.002352, 23.544513, 12.026101, 0.194218, -0.194218, -0.124299, 5.348934, 
22.790000, 0.997402, -0.072030, -0.000044, 0.000397, 0.000104, -0.150197, 0.039376, -5.536251, -0.000586, 0.002616, 0.001939, -25.292135, 5.959372, -0.173041, 0.173041, -0.144185, -5.536251, 
22.802000, 0.998004, -0.063154, -0.000040, 0.000394, 0.000104, -0.150324, 0.039361, 5.372550, 0.000488, -0.002090, 0.002461, 23.420336, 12.046692, 0.192343, -0.192343, -0.126392, 5.372550, 
22.814000, 0.997343, -0.072846, -0.000044, 0.000400, 0.000105, -0.151791, 0.039377, -5.490109, -0.000570, 0.002653, 0.002001, -25.247051, 5.926088, -0.185650, 0.185650, -0.145821, -5.490109, 
22.826000, 0.998084, -0.061878, -0.000040, 0.000397, 0.000104, -0.151698, 0.039369, 5.889391, 0.000518, -0.002262, 0.002447, 24.470896, 12.197650, 0.187550, -0.187550, -0.123836, 5.889391, 
22.838000, 0.997623, -0.068914, -0.000043, 0.000402, 0.000105, -0.152905, 0.039395, -5.086063, -0.000556, 0.002604, 0.002004, -25.468984, 5.946052, -0.187742, 0.187742, -0.137937, -5.086063, 
22.850000, 0.998422, -0.056161, -0.000038, 0.000399, 0.000105, -0.152621, 0.039385, 6.128314, 0.000517, -0.002277, 0.002555, 24.207548, 11.880093, 0.184448, -0.184448, -0.112381, 6.128314, 
22.862000, 0.998084, -0.061879, -0.000041, 0.000405, 0.000105, -0.153675, 0.039401, -4.875093, -0.000526, 0.002632, 0.001951, -25.479484, 6.230645, -0.188608, 0.188608, -0.123836, -4.875093, 
22.874000, 0.998837, -0.048222, -0.000035, 0.000401, 0.000105, -0.153274, 0.039387, 6.244541, 0.000503, -0.002233, 0.002622, 24.127984, 11.553063, 0.182715, -0.182715, -0.096482, 6.244541, 
22.886000, 0.998579, -0.053282, -0.000037, 0.000407, 0.000105, -0.154235, 0.039392, -4.767989, -0.000486, 0.002653, 0.001870, -25.438979, 6.635495, -0.189058, 0.189058, -0.106615, -4.767989, 
22.898000, 0.999234, -0.039133, -0.000031, 0.000404, 0.000105, -0.153761, 0.039380, 6.311184, 0.000477, -0.002183, 0.002655, 24.176658, 11.200816, 0.182148, -0.182148, -0.078286, 6.311184, 
22.910000, 0.999037, -0.043866, -0.000034, 0.000410, 0.000105, -0.154669, 0.039382, -4.719381, -0.000421, 0.002681, 0.000700, -25.403249, 7.060519, -0.189399, 0.189399, -0.087760, -4.719381, 
22.922000, 0.999567, -0.029424, -0.000027, 0.000408, 0.000105, -0.154151, 0.039376, 6.357668, 0.000510, -0.002134, 0.002276, 24.311141, 10.804036, 0.182430, -0.182430, -0.058857, 6.357668, 
22.934000, 0.999422, -0.033988, -0.000030, 0.000414, 0.000105, -0.155033, 0.039377, -4.700624, -0.000336, 0.002676, 0.000411, -25.375921, 7.479133, -0.177589, 0.177589, -0.067988, -4.700624, 
22.946000, 0.999772, -0.021361, -0.000023, 0.000412, 0.000105, -0.154641, 0.039367, 5.876762, 0.000498, -0.001911, 0.002204, 23.331910, 10.330455, 0.186175, -0.186175, -0.042726, 5.876762, 
22.958000, 0.999598, -0.028361, -0.000027, 0.000419, 0.000106, -0.155699, 0.039358, -5.065960, -0.000296, 0.002708, 0.000261, -25.067591, 7.845963, -0.175901, 0.175901, -0.056729, -5.065960, 
22.970000, 0.999850, -0.017342, -0.000021, 0.000417, 0.000106, -0.155428, 0.039353, 5.660923, 0.000457, -0.001879, 0.002082, 23.714616, 10.205971, 0.188810, -0.188810, -0.034686, 5.660923, 
22.982000, 0.999673, -0.025551, -0.000025, 0.000424, 0.000107, -0.156581, 0.039349, -5.260331, -0.000316, 0.002664, 0.000216, -24.998877, 7.986764, -0.175416, 0.175416, -0.051107, -5.260331, 
22.994000, 0.999883, -0.015299, -0.000020, 0.000421, 0.000106, -0.156375, 0.039353, 5.568601, 0.000413, -0.001923, 0.002074, 23.962364, 10.106745, 0.190720, -0.190720, -0.030600, 5.568601, 
23.006000, 0.999709, -0.024120, -0.000025, 0.000428, 0.000107, -0.157585, 0.039353, -5.368228, -0.000342, 0.002633, 0.000254, -25.021321, 8.031961, -0.175432, 0.175432, -0.048245, -5.368228, 
23.018000, 0.999899, -0.014235, -0.000020, 0.000425, 0.000107, -0.157420, 0.039360, 5.532910, 0.000394, -0.001981, 0.002126, 24.133160, 10.045391, 0.192130, -0.192130, -0.028471, 5.532910, 
23.030000, 0.999727, -0.023370, -0.000025, 0.000432, 0.000108, -0.158668, 0.039360, -5.430095, -0.000349, 0.002620, 0.000309, -25.073037, 8.051067, -0.175587, 0.175587, -0.046745, -5.430095, 
23.042000, 0.999907, -0.013655, -0.000020, 0.000429, 0.000108, -0.158532, 0.039367, 5.522734, 0.000398, -0.002029, 0.002175, 24.253733, 10.015608, 0.193211, -0.193211, -0.027311, 5.522734, 
23.054000, 0.999736, -0.022956, -0.000025, 0.000435, 0.000109, -0.159809, 0.039365, -5.467498, -0.000342, 0.002616, 0.000341, -25.130270, 8.063856, -0.175756, 0.175756, -0.045916, -5.467498, 
23.066000, 0.999911, -0.013315, -0.000020, 0.000432, 0.000109, -0.159695, 0.039371, 5.524114, 0.000409, -0.002062, 0.002197, 24.343318, 10.002281, 0.194096, -0.194096, -0.026630, 5.524114, 
23.078000, 0.999742, -0.022708, -0.000025, 0.000439, 0.000110, -0.160996, 0.039369, -5.492048, -0.000334, 0.002615, 0.000349, -25.185909, 8.072283, -0.175905, 0.175905, -0.045419, -5.492048, 
23.090000, 0.999914, -0.013093, -0.000020, 0.000436, 0.000110, -0.160903, 0.039374, 5.530608, 0.000418, -0.002083, 0.002200, 24.414480, 9.994649, 0.194865, -0.194865, -0.026187, 5.530608, 
23.102000, 0.999746, -0.022540, -0.000025, 0.000442, 0.000111, -0.162225, 0.039371, -5.509645, -0.000331, 0.002616, 0.000347, -25.237862, 8.076659, -0.176024, 0.176024, -0.045084, -5.509645, 
23.114000, 0.999916, -0.012930, -0.000020, 0.000439, 0.000111, -0.162150, 0.039376, 5.539005, 0.000421, -0.002098, 0.002200, 24.473795, 9.988444, 0.195557, -0.195557, -0.025861, 5.539005, 
23.126000, 0.999749, -0.022412, -0.000025, 0.000445, 0.000112, -0.163494, 0.039374, -5.523133, -0.000331, 0.002620, 0.000346, -25.285065, 8.078617, -0.176105, 0.176105, -0.044827, -5.523133, 
23.138000, 0.999918, -0.012797, -0.000020, 0.000442, 0.000112, -0.163437, 0.039379, 5.547664, 0.000422, -0.002109, 0.002204, 24.524284, 9.982831, 0.196188, -0.196188, -0.025594, 5.547664, 
23.150000, 0.999751, -0.022301, -0.000025, 0.000448, 0.000113, -0.164801, 0.039376, -5.533917, -0.000333, 0.002624, 0.000350, -25.326957, 8.079824, -0.176142, 0.176142, -0.044607, -5.533917, 
23.162000, 0.999920, -0.012678, -0.000020, 0.000445, 0.000113, -0.164762, 0.039381, 5.555818, 0.000423, -0.002118, 0.002211, 24.567536, 9.977769, 0.196770, -0.196770, -0.025357, 5.555818, 
23.174000, 0.999753, -0.022199, -0.000025, 0.000451, 0.000114, -0.166147, 0.039378, -5.542768, -0.000335, 0.002630, 0.000355, -25.363523, 8.081158, -0.176137, 0.176137, -0.044403, -5.542768, 
23.186000, 0.999921, -0.012566, -0.000020, 0.000448, 0.000114, -0.166126, 0.039383, 5.563175, 0.000424, -0.002126, 0.002219, 24.604695, 9.973119, 0.197311, -0.197311, -0.025133, 5.563175, 
23.198000, 0.999756, -0.022101, -0.000025, 0.000454, 0.000115, -0.167530, 0.039379, -5.550159, -0.000335, 0.002635, 0.000360, -25.395136, 8.082855, -0.176093, 0.176093, -0.044205, -5.550159, 
23.210000, 0.999922, -0.012458, -0.000020, 0.000451, 0.000115, -0.167528, 0.039384, 5.569676, 0.000426, -0.002133, 0.002225, 24.636707, 9.968668, 0.197817, -0.197817, -0.024917, 5.569676, 
23.222000, 0.999758, -0.022003, -0.000025, 0.000457, 0.000117, -0.168952, 0.039381, -5.556398, -0.000335, 0.002640, 0.000363, -25.422317, 8.084907, -0.176014, 0.176014, -0.044009, -5.556398, 
23.234000, 0.999924, -0.012351, -0.000020, 0.000454, 0.000116, -0.168969, 0.039386, 5.575354, 0.000427, -0.002138, 0.002230, 24.664345, 9.964268, 0.198293, -0.198293, -0.024703, 5.575354, 
23.246000, 0.999760, -0.021904, -0.000025, 0.000460, 0.000118, -0.170413, 0.039382, -5.561693, -0.000335, 0.002644, 0.000366, -25.445587, 8.087279, -0.175903, 0.175903, -0.043812, -5.561693, 
23.258000, 0.999925, -0.012245, -0.000020, 0.000457, 0.000118, -0.170448, 0.039387, 5.580275, 0.000429, -0.002143, 0.002234, 24.688224, 9.959857, 0.198745, -0.198745, -0.024491, 5.580275, 
23.270000, 0.999762, -0.021805, -0.000025, 0.000463, 0.000119, -0.171912, 0.039383, -5.566191, -0.000335, 0.002647, 0.000367, -25.465419, 8.089953, -0.175765, 0.175765, -0.043614, -5.566191, 
23.282000, 0.999926, -0.012139, -0.000020, 0.000460, 0.000119, -0.171967, 0.039388, 5.584515, 0.000430, -0.002147, 0.002237, 24.708847, 9.955423, 0.199176, -0.199176, -0.024278, 5.584515, 
23.294000, 0.999764, -0.021705, -0.000025, 0.000466, 0.000120, -0.173451, 0.039384, -5.570010, -0.000335, 0.002649, 0.000369, -25.482234, 8.092915, -0.175603, 0.175603, -0.043413, -5.570010, 
23.306000, 0.999928, -0.012032, -0.000020, 0.000463, 0.000120, -0.173526, 0.039389, 5.588151, 0.000431, -0.002151, 0.002241, 24.726642, 9.950962, 0.199588, -0.199588, -0.024065, 5.588151, 
23.318000, 0.999767, -0.021603, -0.000025, 0.000469, 0.000122, -0.175030, 0.039384, -5.573242, -0.000335, 0.002651, 0.000370, -25.496411, 8.096144, -0.175418, 0.175418, -0.043209, -5.573242, 
23.330000, 0.999929, -0.011926, -0.000020, 0.000466, 0.000122, -0.175124, 0.039389, 5.591257, 0.000431, -0.002154, 0.002244, 24.741981, 9.946472, 0.199986, -0.199986, -0.023852, 5.591257, 
23.342000, 0.999769, -0.021500, -0.000025, 0.000472, 0.000123, -0.176649, 0.039385, -5.575967, -0.000335, 0.002653, 0.000371, -25.508287, 8.099615, -0.175214, 0.175214, -0.043003, -5.575967, 
23.354000, 0.999930, -0.011818, -0.000020, 0.000469, 0.000123, -0.176763, 0.039390, 5.593900, 0.000432, -0.002157, 0.002247, 24.755188, 9.941948, 0.212241, -0.212241, -0.023637, 5.593900, 
23.366000, 0.999727, -0.023372, -0.000027, 0.000476, 0.000125, -0.178451, 0.039396, -6.088747, -0.000409, 0.002867, 0.000396, -26.660896, 8.041919, -0.172029, 0.172029, -0.046749, -6.088747, 
23.378000, 0.999869, -0.016203, -0.000023, 0.000473, 0.000125, -0.178763, 0.039410, 5.226640, 0.000423, -0.002117, 0.002307, 25.030659, 10.024494, 0.214115, -0.214115, -0.032407, 5.226640, 
23.390000, 0.999566, -0.029470, -0.000030, 0.000480, 0.000127, -0.180586, 0.039415, -6.329850, -0.000432, 0.002936, 0.000579, -26.435633, 7.750499, -0.170213, 0.170213, -0.058949, -6.329850, 
23.402000, 0.999722, -0.023566, -0.000027, 0.000478, 0.000127, -0.180997, 0.039420, 5.032203, 0.000473, -0.002154, 0.002347, 25.031085, 10.316938, 0.214427, -0.214427, -0.047136, 5.032203, 
23.414000, 0.999290, -0.037678, -0.000035, 0.000485, 0.000129, -0.182882, 0.039421, -6.442080, -0.000437, 0.002937, 0.000669, -26.329414, 7.412467, -0.169314, 0.169314, -0.075375, -6.442080, 
23.426000, 0.999474, -0.032436, -0.000031, 0.000482, 0.000129, -0.183335, 0.039418, 4.923279, 0.000529, -0.002177, 0.002296, 24.910949, 10.707343, 0.213860, -0.213860, -0.064883, 4.923279, 
23.438000, 0.998896, -0.046973, -0.000039, 0.000489, 0.000131, -0.185238, 0.039419, -6.492730, -0.000453, 0.002914, 0.000693, -26.277915, 7.030503, -0.169066, 0.169066, -0.093980, -6.492730, 
23.450000, 0.999113, -0.042100, -0.000036, 0.000486, 0.000131, -0.185695, 0.039411, 4.856416, 0.000568, -0.002179, 0.002195, 24.730106, 11.128097, 0.212711, -0.212711, -0.084225, 4.856416, 
23.462000, 0.998383, -0.056844, -0.000044, 0.000493, 0.000133, -0.187584, 0.039416, -6.510648, -0.000523, 0.002889, 0.001170, -26.242221, 6.611043, -0.169190, 0.169190, -0.113749, -6.510648, 
23.474000, 0.998636, -0.052210, -0.000041, 0.000490, 0.000133, -0.188020, 0.039404, 4.805744, 0.000563, -0.002178, 0.002309, 24.499125, 11.554270, 0.199105, -0.199105, -0.104467, 4.805744, 
23.486000, 0.997881, -0.065064, -0.000048, 0.000495, 0.000135, -0.189726, 0.039401, -5.996548, -0.000460, 0.002671, 0.000829, -25.070803, 6.317463, -0.172410, 0.172410, -0.130220, -5.996548, 
23.498000, 0.998311, -0.058099, -0.000043, 0.000492, 0.000135, -0.189941, 0.039376, 5.128377, 0.000631, -0.002193, 0.002048, 23.968925, 11.894150, 0.195313, -0.195313, -0.116263, 5.128377, 
23.510000, 0.997597, -0.069283, -0.000049, 0.000497, 0.000136, -0.191470, 0.039379, -5.742357, -0.000417, 0.002552, 0.002065, -25.255840, 6.143664, -0.174449, 0.174449, -0.138676, -5.742357, 
23.522000, 0.998126, -0.061193, -0.000044, 0.000494, 0.000136, -0.191543, 0.039360, 5.281176, 0.000521, -0.002163, 0.002292, 23.698344, 12.022705, 0.192709, -0.192709, -0.122462, 5.281176, 
23.534000, 0.997437, -0.071543, -0.000049, 0.000499, 0.000137, -0.192947, 0.039374, -5.610411, -0.000545, 0.002526, 0.002248, -25.308318, 6.004424, -0.175759, 0.175759, -0.143208, -5.610411, 
23.546000, 0.998019, -0.062919, -0.000045, 0.000496, 0.000137, -0.192915, 0.039359, 5.347813, 0.000427, -0.002139, 0.002437, 23.530447, 12.058044, 0.190593, -0.190593, -0.125921, 5.347813, 
23.558000, 0.997344, -0.072837, -0.000050, 0.000502, 0.000138, -0.194220, 0.039377, -5.535283, -0.000611, 0.002558, 0.002425, -25.292375, 5.923658, -0.176599, 0.176599, -0.145804, -5.535283, 
23.570000, 0.997952, -0.063971, -0.000046, 0.000498, 0.000137, -0.194102, 0.039361, 5.369672, 0.000414, -0.002111, 0.002595, 23.398307, 12.078658, 0.188640, -0.188640, -0.128030, 5.369672, 
23.582000, 0.997283, -0.073659, -0.000051, 0.000504, 0.000138, -0.195320, 0.039378, -5.487584, -0.000607, 0.002596, 0.002535, -25.240210, 5.891835, -0.189452, 0.189452, -0.147451, -5.487584, 
23.594000, 0.998035, -0.062658, -0.000046, 0.000501, 0.000138, -0.194976, 0.039368, 5.896835, 0.000448, -0.002288, 0.002619, 24.468639, 12.234322, 0.183706, -0.183706, -0.125399, 5.896835, 
23.606000, 0.997573, -0.069629, -0.000050, 0.000506, 0.000138, -0.195930, 0.039395, -5.073593, -0.000587, 0.002550, 0.002573, -25.462552, 5.913266, -0.191554, 0.191554, -0.139371, -5.073593, 
23.618000, 0.998385, -0.056805, -0.000043, 0.000502, 0.000137, -0.195391, 0.039385, 6.140284, 0.000456, -0.002302, 0.002744, 24.196150, 11.908498, 0.180513, -0.180513, -0.113671, 6.140284, 
23.630000, 0.998049, -0.062428, -0.000046, 0.000508, 0.000138, -0.196188, 0.039401, -4.857355, -0.000550, 0.002581, 0.002514, -25.470599, 6.204763, -0.192417, 0.192417, -0.124938, -4.857355, 
23.642000, 0.998814, -0.048681, -0.000039, 0.000504, 0.000137, -0.195530, 0.039387, 6.258642, 0.000447, -0.002255, 0.002810, 24.112948, 11.573425, 0.178731, -0.178731, -0.097400, 6.258642, 
23.654000, 0.998561, -0.053632, -0.000042, 0.000510, 0.000137, -0.196232, 0.039392, -4.747591, -0.000505, 0.002602, 0.002414, -25.427830, 6.618922, -0.192864, 0.192864, -0.107315, -4.747591, 
23.666000, 0.999224, -0.039380, -0.000035, 0.000507, 0.000136, -0.195499, 0.039380, 6.326555, 0.000422, -0.002203, 0.002836, 24.161915, 11.212944, 0.178148, -0.178148, -0.078780, 6.326555, 
23.678000, 0.999032, -0.043997, -0.000038, 0.000513, 0.000137, -0.196147, 0.039381, -4.697835, -0.000489, 0.002661, 0.000767, -25.390766, 7.054248, -0.193208, 0.193208, -0.088022, -4.697835, 
23.690000, 0.999566, -0.029446, -0.000030, 0.000510, 0.000136, -0.195370, 0.039375, 6.374070, 0.000482, -0.002149, 0.002379, 24.299431, 10.807492, 0.178439, -0.178439, -0.058901, 6.374070, 
23.702000, 0.999425, -0.033890, -0.000033, 0.000516, 0.000136, -0.195992, 0.039377, -4.678702, -0.000361, 0.002680, 0.000456, -25.362740, 7.482478, -0.181124, 0.181124, -0.067793, -4.678702, 
23.714000, 0.999775, -0.021196, -0.000026, 0.000514, 0.000136, -0.195344, 0.039367, 5.882115, 0.000508, -0.001914, 0.002285, 23.297751, 10.323341, 0.182274, -0.182274, -0.042396, 5.882115, 
23.726000, 0.999604, -0.028132, -0.000030, 0.000521, 0.000136, -0.196146, 0.039357, -5.052475, -0.000291, 0.002717, 0.000252, -25.047278, 7.857482, -0.179395, 0.179395, -0.056272, -5.052475, 
23.738000, 0.999854, -0.017084, -0.000023, 0.000519, 0.000136, -0.195620, 0.039352, 5.661276, 0.000480, -0.001875, 0.002112, 23.689245, 10.195944, 0.184971, -0.184971, -0.034170, 5.661276, 
23.750000, 0.999681, -0.025256, -0.000028, 0.000526, 0.000137, -0.196520, 0.039348, -5.251275, -0.000309, 0.002669, 0.000168, -24.976709, 8.001399, -0.178895, 0.178895, -0.050518, -5.251275, 
23.762000, 0.999887, -0.014993, -0.000021, 0.000524, 0.000136, -0.196063, 0.039352, 5.566765, 0.000430, -0.001916, 0.002077, 23.942477, 10.094343, 0.186927, -0.186927, -0.029987, 5.566765, 
23.774000, 0.999717, -0.023792, -0.000027, 0.000531, 0.000137, -0.197021, 0.039352, -5.361575, -0.000344, 0.002635, 0.000197, -24.999306, 8.047673, -0.178905, 0.178905, -0.047589, -5.361575, 
23.786000, 0.999903, -0.013903, -0.000021, 0.000528, 0.000137, -0.196605, 0.039359, 5.530189, 0.000403, -0.001974, 0.002129, 24.116900, 10.031527, 0.188369, -0.188369, -0.027807, 5.530189, 
23.798000, 0.999735, -0.023024, -0.000027, 0.000535, 0.000138, -0.197602, 0.039359, -5.424790, -0.000357, 0.002621, 0.000260, -25.051895, 8.067318, -0.179058, 0.179058, -0.046051, -5.424790, 
23.810000, 0.999911, -0.013309, -0.000021, 0.000532, 0.000137, -0.197216, 0.039366, 5.519725, 0.000402, -0.002023, 0.002186, 24.239967, 10.000999, 0.189477, -0.189477, -0.026618, 5.519725, 
23.822000, 0.999744, -0.022599, -0.000027, 0.000538, 0.000138, -0.198243, 0.039364, -5.462996, -0.000353, 0.002617, 0.000304, -25.110191, 8.080501, -0.179225, 0.179225, -0.045201, -5.462996, 
23.834000, 0.999916, -0.012959, -0.000021, 0.000535, 0.000138, -0.197881, 0.039370, 5.521089, 0.000414, -0.002056, 0.002215, 24.331383, 9.987285, 0.190384, -0.190384, -0.025919, 5.521089, 
23.846000, 0.999750, -0.022343, -0.000027, 0.000541, 0.000139, -0.198932, 0.039368, -5.488065, -0.000344, 0.002616, 0.000318, -25.166899, 8.089214, -0.179374, 0.179374, -0.044690, -5.488065, 
23.858000, 0.999919, -0.012731, -0.000021, 0.000539, 0.000138, -0.198590, 0.039373, 5.527691, 0.000424, -0.002077, 0.002221, 24.403997, 9.979393, 0.191173, -0.191173, -0.025463, 5.527691, 
23.870000, 0.999754, -0.022171, -0.000027, 0.000545, 0.000140, -0.199665, 0.039370, -5.506029, -0.000339, 0.002618, 0.000317, -25.219864, 8.093781, -0.179491, 0.179491, -0.044345, -5.506029, 
23.882000, 0.999921, -0.012564, -0.000021, 0.000542, 0.000139, -0.199342, 0.039376, 5.536245, 0.000429, -0.002092, 0.002220, 24.464523, 9.972967, 0.191883, -0.191883, -0.025128, 5.536245, 
23.894000, 0.999757, -0.022038, -0.000027, 0.000548, 0.000140, -0.200438, 0.039373, -5.519795, -0.000339, 0.002621, 0.000316, -25.267994, 8.095873, -0.179568, 0.179568, -0.044080, -5.519795, 
23.906000, 0.999923, -0.012426, -0.000021, 0.000545, 0.000140, -0.200134, 0.039378, 5.545073, 0.000430, -0.002103, 0.002222, 24.516045, 9.967153, 0.192531, -0.192531, -0.024853, 5.545073, 
23.918000, 0.999759, -0.021924, -0.000027, 0.000551, 0.000141, -0.201251, 0.039375, -5.530799, -0.000341, 0.002626, 0.000319, -25.310712, 8.097195, -0.179602, 0.179602, -0.043852, -5.530799, 
23.930000, 0.999924, -0.012303, -0.000021, 0.000548, 0.000141, -0.200966, 0.039380, 5.553389, 0.000431, -0.002112, 0.002228, 24.560184, 9.961905, 0.193129, -0.193129, -0.024607, 5.553389, 
23.942000, 0.999762, -0.021818, -0.000027, 0.000554, 0.000142, -0.202103, 0.039377, -5.539829, -0.000343, 0.002631, 0.000324, -25.348001, 8.098642, -0.179593, 0.179593, -0.043640, -5.539829, 
23.954000, 0.999926, -0.012188, -0.000021, 0.000551, 0.000142, -0.201837, 0.039382, 5.560894, 0.000432, -0.002119, 0.002235, 24.598107, 9.957080, 0.193685, -0.193685, -0.024376, 5.560894, 
23.966000, 0.999764, -0.021716, -0.000027, 0.000557, 0.000143, -0.202995, 0.039379, -5.547369, -0.000343, 0.002636, 0.000330, -25.380237, 8.100456, -0.179544, 0.179544, -0.043436, -5.547369, 
23.978000, 0.999927, -0.012076, -0.000021, 0.000554, 0.000142, -0.202748, 0.039384, 5.567525, 0.000434, -0.002125, 0.002241, 24.630779, 9.952461, 0.194205, -0.194205, -0.024152, 5.567525, 
23.990000, 0.999766, -0.021615, -0.000027, 0.000560, 0.000144, -0.203927, 0.039380, -5.553733, -0.000343, 0.002640, 0.000334, -25.407949, 8.102631, -0.179459, 0.179459, -0.043233, -5.553733, 
24.002000, 0.999928, -0.011965, -0.000021, 0.000557, 0.000143, -0.203699, 0.039385, 5.573316, 0.000435, -0.002130, 0.002246, 24.658984, 9.947896, 0.194695, -0.194695, -0.023931, 5.573316, 
24.014000, 0.999768, -0.021513, -0.000027, 0.000563, 0.000145, -0.204899, 0.039381, -5.559131, -0.000343, 0.002644, 0.000337, -25.431667, 8.105130, -0.179342, 0.179342, -0.043029, -5.559131, 
24.026000, 0.999930, -0.011855, -0.000021, 0.000560, 0.000144, -0.204691, 0.039386, 5.578334, 0.000437, -0.002134, 0.002250, 24.683350, 9.943321, 0.195161, -0.195161, -0.023712, 5.578334, 
24.038000, 0.999771, -0.021410, -0.000027, 0.000566, 0.000146, -0.205911, 0.039382, -5.563717, -0.000343, 0.002647, 0.000339, -25.451872, 8.107937, -0.179197, 0.179197, -0.042823, -5.563717, 
24.050000, 0.999931, -0.011746, -0.000021, 0.000563, 0.000145, -0.205723, 0.039387, 5.582656, 0.000438, -0.002138, 0.002254, 24.704390, 9.938723, 0.195604, -0.195604, -0.023492, 5.582656, 
24.062000, 0.999773, -0.021306, -0.000027, 0.000569, 0.000147, -0.206964, 0.039383, -5.567608, -0.000344, 0.002650, 0.000341, -25.468993, 8.111037, -0.179026, 0.179026, -0.042615, -5.567608, 
24.074000, 0.999932, -0.011636, -0.000021, 0.000566, 0.000147, -0.206796, 0.039388, 5.586362, 0.000439, -0.002141, 0.002257, 24.722539, 9.934099, 0.196029, -0.196029, -0.023272, 5.586362, 
24.086000, 0.999775, -0.021201, -0.000027, 0.000572, 0.000148, -0.208058, 0.039384, -5.570898, -0.000344, 0.002652, 0.000343, -25.483416, 8.114408, -0.178833, 0.178833, -0.042405, -5.570898, 
24.098000, 0.999933, -0.011525, -0.000021, 0.000569, 0.000148, -0.207910, 0.039389, 5.589525, 0.000440, -0.002144, 0.002260, 24.738177, 9.929446, 0.196439, -0.196439, -0.023050, 5.589525, 
24.110000, 0.999777, -0.021094, -0.000027, 0.000575, 0.000149, -0.209194, 0.039385, -5.573671, -0.000344, 0.002653, 0.000344, -25.495485, 8.118026, -0.178621, 0.178621, -0.042191, -5.573671, 
24.122000, 0.999935, -0.011414, -0.000021, 0.000572, 0.000149, -0.209067, 0.039390, 5.592214, 0.000440, -0.002147, 0.002263, 24.751633, 9.924760, 0.196835, -0.196835, -0.022828, 5.592214, 
24.134000, 0.999780, -0.020986, -0.000027, 0.000578, 0.000150, -0.210371, 0.039385, -5.575994, -0.000344, 0.002654, 0.000346, -25.505502, 8.121865, -0.178390, 0.178390, -0.041976, -5.575994, 
24.146000, 0.999936, -0.011302, -0.000021, 0.000575, 0.000150, -0.210265, 0.039390, 5.594489, 0.000441, -0.002149, 0.002265, 24.763196, 9.920037, 0.197220, -0.197220, -0.022604, 5.594489, 
24.158000, 0.999782, -0.020877, -0.000028, 0.000581, 0.000152, -0.211591, 0.039386, -5.577927, -0.000343, 0.002654, 0.000347, -25.513734, 8.125901, -0.178144, 0.178144, -0.041757, -5.577927, 
24.170000, 0.999937, -0.011189, -0.000021, 0.000578, 0.000151, -0.211506, 0.039391, 5.596404, 0.000441, -0.002151, 0.002268, 24.773114, 9.915277, 0.209542, -0.209542, -0.022379, 5.596404, 
24.182000, 0.999741, -0.022755, -0.000029, 0.000585, 0.000153, -0.212996, 0.039396, -6.093229, -0.000419, 0.002869, 0.000381, -26.670616, 8.069630, -0.174899, 0.174899, -0.045515, -6.093229, 
24.194000, 0.999878, -0.015597, -0.000024, 0.000583, 0.000153, -0.213112, 0.039410, 5.226139, 0.000417, -0.002125, 0.002094, 25.047549, 9.997337, 0.211420, -0.211420, -0.031196, 5.226139, 
24.206000, 0.999583, -0.028887, -0.000033, 0.000590, 0.000155, -0.214740, 0.039416, -6.335251, -0.000429, 0.002941, 0.000521, -26.441279, 7.775916, -0.173037, 0.173037, -0.057782, -6.335251, 
24.218000, 0.999735, -0.023002, -0.000029, 0.000587, 0.000155, -0.214956, 0.039421, 5.030037, 0.000504, -0.002151, 0.002347, 25.046037, 10.291932, 0.211734, -0.211734, -0.046008, 5.030037, 
24.230000, 0.999310, -0.037142, -0.000039, 0.000594, 0.000157, -0.216647, 0.039422, -6.447900, -0.000430, 0.002938, 0.000641, -26.333133, 7.436244, -0.172109, 0.172109, -0.074300, -6.447900, 
24.242000, 0.999490, -0.031923, -0.000034, 0.000591, 0.000158, -0.216906, 0.039418, 4.920297, 0.000551, -0.002167, 0.002291, 24.924652, 10.684923, 0.211175, -0.211175, -0.063856, 4.920297, 
24.254000, 0.998919, -0.046490, -0.000044, 0.000598, 0.000160, -0.218616, 0.039419, -6.498902, -0.000458, 0.002912, 0.000660, -26.281373, 7.052018, -0.171846, 0.171846, -0.093014, -6.498902, 
24.266000, 0.999132, -0.041643, -0.000040, 0.000595, 0.000160, -0.218881, 0.039411, 4.853174, 0.000578, -0.002166, 0.002194, 24.743516, 11.108268, 0.210040, -0.210040, -0.083310, 4.853174, 
24.278000, 0.998407, -0.056419, -0.000050, 0.000602, 0.000162, -0.220577, 0.039416, -6.517254, -0.000547, 0.002896, 0.000941, -26.246780, 6.630367, -0.171967, 0.171967, -0.112898, -6.517254, 
24.290000, 0.998657, -0.051811, -0.000046, 0.000599, 0.000162, -0.220822, 0.039404, 4.802628, 0.000581, -0.002163, 0.002274, 24.513162, 11.537522, 0.196378, -0.196378, -0.103668, 4.802628, 
24.302000, 0.997905, -0.064687, -0.000055, 0.000605, 0.000164, -0.222336, 0.039402, -6.000399, -0.000458, 0.002676, 0.000782, -25.069933, 6.333354, -0.175210, 0.175210, -0.129464, -6.000399, 
24.314000, 0.998332, -0.057731, -0.000050, 0.000602, 0.000164, -0.222358, 0.039376, 5.127838, 0.000648, -0.002179, 0.002059, 23.982130, 11.879224, 0.192595, -0.192595, -0.115527, 5.127838, 
24.326000, 0.997621, -0.068928, -0.000055, 0.000607, 0.000165, -0.223695, 0.039379, -5.745190, -0.000367, 0.002520, 0.002496, -25.258687, 6.159030, -0.177268, 0.177268, -0.137965, -5.745190, 
24.338000, 0.998147, -0.060840, -0.000049, 0.000603, 0.000165, -0.223575, 0.039360, 5.282208, 0.000498, -0.002156, 0.002367, 23.712642, 12.009185, 0.190009, -0.190009, -0.121754, 5.282208, 
24.350000, 0.997462, -0.071198, -0.000055, 0.000608, 0.000166, -0.224788, 0.039374, -5.613016, -0.000542, 0.002463, 0.002714, -25.314148, 6.018888, -0.178592, 0.178592, -0.142516, -5.613016, 
24.362000, 0.998040, -0.062571, -0.000050, 0.000605, 0.000165, -0.224564, 0.039360, 5.349892, 0.000357, -0.002145, 0.002548, 23.546539, 12.044886, 0.187915, -0.187915, -0.125223, 5.349892, 
24.374000, 0.997369, -0.072496, -0.000057, 0.000610, 0.000166, -0.225678, 0.039377, -5.537991, -0.000641, 0.002489, 0.002950, -25.300673, 5.937228, -0.179441, 0.179441, -0.145119, -5.537991, 
24.386000, 0.997974, -0.063624, -0.000052, 0.000607, 0.000165, -0.225368, 0.039361, 5.372468, 0.000330, -0.002126, 0.002769, 23.416245, 12.065536, 0.185984, -0.185984, -0.127334, 5.372468, 
24.398000, 0.997308, -0.073318, -0.000058, 0.000613, 0.000166, -0.226396, 0.039378, -5.490511, -0.000641, 0.002533, 0.003108, -25.250510, 5.904832, -0.192320, 0.192320, -0.146767, -5.490511, 
24.410000, 0.998057, -0.062307, -0.000052, 0.000609, 0.000165, -0.225861, 0.039369, 5.900967, 0.000374, -0.002302, 0.002826, 24.490059, 12.220714, 0.181066, -0.181066, -0.124694, 5.900967, 
24.422000, 0.997597, -0.069279, -0.000056, 0.000614, 0.000165, -0.226624, 0.039396, -5.076153, -0.000612, 0.002494, 0.003172, -25.474770, 5.926155, -0.194426, 0.194426, -0.138669, -5.076153, 
24.434000, 0.998406, -0.056441, -0.000049, 0.000610, 0.000164, -0.225894, 0.039386, 6.145118, 0.000392, -0.002314, 0.002954, 24.218303, 11.894379, 0.177888, -0.177888, -0.112942, 6.145118, 
24.446000, 0.998072, -0.062063, -0.000052, 0.000615, 0.000164, -0.226501, 0.039402, -4.859717, -0.000568, 0.002526, 0.003101, -25.483662, 6.218242, -0.195285, 0.195285, -0.124207, -4.859717, 
24.458000, 0.998833, -0.048300, -0.000044, 0.000612, 0.000163, -0.225653, 0.039388, 6.263782, 0.000389, -0.002266, 0.003012, 24.135341, 11.558600, 0.176117, -0.176117, -0.096639, 6.263782, 
24.470000, 0.998581, -0.053249, -0.000047, 0.000617, 0.000163, -0.226166, 0.039393, -4.749789, -0.000523, 0.002546, 0.002985, -25.440901, 6.633447, -0.195723, 0.195723, -0.106549, -4.749789, 
24.482000, 0.999240, -0.038981, -0.000038, 0.000614, 0.000161, -0.225243, 0.039380, 6.331757, 0.000364, -0.002213, 0.003033, 24.184083, 11.197249, 0.175541, -0.175541, -0.077983, 6.331757, 
24.494000, 0.999049, -0.043595, -0.000043, 0.000620, 0.000162, -0.225702, 0.039382, -4.699806, -0.000558, 0.002637, 0.000843, -25.403077, 7.069593, -0.196052, 0.196052, -0.087218, -4.699806, 
24.506000, 0.999578, -0.029029, -0.000033, 0.000617, 0.000160, -0.224736, 0.039376, 6.379112, 0.000452, -0.002156, 0.002493, 24.320703, 10.790495, 0.175835, -0.175835, -0.058066, 6.379112, 
24.518000, 0.999440, -0.033468, -0.000037, 0.000624, 0.000161, -0.225170, 0.039378, -4.680307, -0.000386, 0.002680, 0.000510, -25.373469, 7.498969, -0.183927, 0.183927, -0.066949, -4.680307, 
24.530000, 0.999784, -0.020763, -0.000028, 0.000622, 0.000160, -0.224333, 0.039367, 5.885983, 0.000518, -0.001914, 0.002377, 23.315675, 10.306002, 0.179673, -0.179673, -0.041528, 5.885983, 
24.542000, 0.999616, -0.027697, -0.000033, 0.000628, 0.000160, -0.224948, 0.039358, -5.054208, -0.000286, 0.002722, 0.000251, -25.055502, 7.875111, -0.182169, 0.182169, -0.055401, -5.054208, 
24.554000, 0.999861, -0.016640, -0.000025, 0.000627, 0.000159, -0.224236, 0.039353, 5.664329, 0.000504, -0.001868, 0.002152, 23.705721, 10.177985, 0.182369, -0.182369, -0.033282, 5.664329, 
24.566000, 0.999692, -0.024813, -0.000030, 0.000633, 0.000160, -0.224949, 0.039349, -5.252849, -0.000301, 0.002670, 0.000126, -24.982643, 8.019698, -0.181641, 0.181641, -0.049630, -5.252849, 
24.578000, 0.999894, -0.014543, -0.000023, 0.000631, 0.000160, -0.224306, 0.039353, 5.569208, 0.000449, -0.001904, 0.002088, 23.957300, 10.075843, 0.184323, -0.184323, -0.029087, 5.569208, 
24.590000, 0.999727, -0.023342, -0.000029, 0.000638, 0.000160, -0.225078, 0.039352, -5.362851, -0.000345, 0.002633, 0.000145, -25.003141, 8.066390, -0.181625, 0.181625, -0.046688, -5.362851, 
24.602000, 0.999909, -0.013448, -0.000022, 0.000636, 0.000160, -0.224478, 0.039360, 5.532130, 0.000413, -0.001961, 0.002137, 24.129986, 10.012615, 0.185764, -0.185764, -0.026896, 5.532130, 
24.614000, 0.999745, -0.022568, -0.000029, 0.000642, 0.000161, -0.225290, 0.039359, -5.425711, -0.000366, 0.002618, 0.000216, -25.053775, 8.086416, -0.181752, 0.181752, -0.045139, -5.425711, 
24.626000, 0.999917, -0.012849, -0.000022, 0.000639, 0.000160, -0.224720, 0.039366, 5.521226, 0.000408, -0.002009, 0.002203, 24.251330, 9.981789, 0.186870, -0.186870, -0.025698, 5.521226, 
24.638000, 0.999755, -0.022138, -0.000029, 0.000646, 0.000161, -0.225563, 0.039365, -5.463555, -0.000364, 0.002615, 0.000270, -25.110258, 8.099991, -0.181894, 0.181894, -0.044279, -5.463555, 
24.650000, 0.999922, -0.012495, -0.000022, 0.000643, 0.000160, -0.225017, 0.039371, 5.522200, 0.000419, -0.002043, 0.002239, 24.341127, 9.967836, 0.187777, -0.187777, -0.024991, 5.522200, 
24.662000, 0.999760, -0.021877, -0.000029, 0.000649, 0.000161, -0.225885, 0.039368, -5.488282, -0.000353, 0.002615, 0.000291, -25.165310, 8.109088, -0.182018, 0.182018, -0.043758, -5.488282, 
24.674000, 0.999925, -0.012263, -0.000022, 0.000646, 0.000160, -0.225361, 0.039374, 5.528458, 0.000431, -0.002064, 0.002246, 24.412268, 9.959723, 0.188567, -0.188567, -0.024526, 5.528458, 
24.686000, 0.999764, -0.021700, -0.000029, 0.000652, 0.000162, -0.226253, 0.039370, -5.505932, -0.000347, 0.002617, 0.000291, -25.216781, 8.114015, -0.182112, 0.182112, -0.043403, -5.505932, 
24.698000, 0.999927, -0.012091, -0.000022, 0.000649, 0.000161, -0.225748, 0.039376, 5.536707, 0.000437, -0.002078, 0.002244, 24.471475, 9.953079, 0.189279, -0.189279, -0.024182, 5.536707, 
24.710000, 0.999767, -0.021563, -0.000029, 0.000656, 0.000162, -0.226662, 0.039373, -5.519415, -0.000347, 0.002620, 0.000289, -25.263571, 8.116443, -0.182168, 0.182168, -0.043129, -5.519415, 
24.722000, 0.999928, -0.011949, -0.000022, 0.000653, 0.000161, -0.226178, 0.039378, 5.545266, 0.000439, -0.002088, 0.002244, 24.521822, 9.947049, 0.189931, -0.189931, -0.023899, 5.545266, 
24.734000, 0.999770, -0.021444, -0.000029, 0.000659, 0.000162, -0.227114, 0.039375, -5.530164, -0.000349, 0.002624, 0.000291, -25.305089, 8.118083, -0.182181, 0.182181, -0.042892, -5.530164, 
24.746000, 0.999930, -0.011822, -0.000022, 0.000656, 0.000162, -0.226648, 0.039380, 5.553342, 0.000440, -0.002096, 0.002248, 24.564919, 9.941591, 0.190533, -0.190533, -0.023645, 5.553342, 
24.758000, 0.999772, -0.021334, -0.000029, 0.000662, 0.000163, -0.227606, 0.039377, -5.538965, -0.000351, 0.002630, 0.000297, -25.341303, 8.119836, -0.182151, 0.182151, -0.042671, -5.538965, 
24.770000, 0.999931, -0.011702, -0.000022, 0.000659, 0.000162, -0.227161, 0.039382, 5.560635, 0.000440, -0.002103, 0.002255, 24.601918, 9.936559, 0.191094, -0.191094, -0.023405, 5.560635, 
24.782000, 0.999774, -0.021227, -0.000029, 0.000665, 0.000164, -0.228140, 0.039378, -5.546301, -0.000352, 0.002635, 0.000303, -25.372576, 8.121945, -0.182083, 0.182083, -0.042457, -5.546301, 
24.794000, 0.999933, -0.011586, -0.000022, 0.000662, 0.000163, -0.227714, 0.039384, 5.567078, 0.000442, -0.002109, 0.002261, 24.633772, 9.931734, 0.191621, -0.191621, -0.023172, 5.567078, 
24.806000, 0.999777, -0.021121, -0.000029, 0.000668, 0.000164, -0.228715, 0.039380, -5.552481, -0.000352, 0.002639, 0.000308, -25.399424, 8.124406, -0.181979, 0.181979, -0.042245, -5.552481, 
24.818000, 0.999934, -0.011471, -0.000022, 0.000665, 0.000164, -0.228310, 0.039385, 5.572701, 0.000444, -0.002114, 0.002266, 24.661253, 9.926963, 0.192118, -0.192118, -0.022943, 5.572701, 
24.830000, 0.999779, -0.021014, -0.000029, 0.000671, 0.000165, -0.229332, 0.039381, -5.557715, -0.000352, 0.002643, 0.000312, -25.422364, 8.127182, -0.181844, 0.181844, -0.042032, -5.557715, 
24.842000, 0.999935, -0.011357, -0.000022, 0.000668, 0.000164, -0.228947, 0.039386, 5.577569, 0.000445, -0.002117, 0.002269, 24.684978, 9.922184, 0.192591, -0.192591, -0.022714, 5.577569, 
24.854000, 0.999781, -0.020907, -0.000029, 0.000675, 0.000166, -0.229991, 0.039382, -5.562154, -0.000352, 0.002646, 0.000314, -25.441866, 8.130258, -0.181681, 0.181681, -0.041817, -5.562154, 
24.866000, 0.999937, -0.011242, -0.000022, 0.000672, 0.000165, -0.229627, 0.039387, 5.581758, 0.000447, -0.002121, 0.002272, 24.705449, 9.917381, 0.193043, -0.193043, -0.022485, 5.581758, 
24.878000, 0.999783, -0.020798, -0.000029, 0.000678, 0.000166, -0.230693, 0.039383, -5.565911, -0.000352, 0.002648, 0.000316, -25.458350, 8.133622, -0.181493, 0.181493, -0.041599, -5.565911, 
24.890000, 0.999938, -0.011128, -0.000022, 0.000675, 0.000166, -0.230350, 0.039388, 5.585343, 0.000448, -0.002124, 0.002275, 24.723092, 9.912553, 0.193477, -0.193477, -0.022256, 5.585343, 
24.902000, 0.999786, -0.020688, -0.000029, 0.000681, 0.000167, -0.231437, 0.039384, -5.569081, -0.000352, 0.002650, 0.000318, -25.472193, 8.137252, -0.181283, 0.181283, -0.041379, -5.569081, 
24.914000, 0.999939, -0.011013, -0.000022, 0.000678, 0.000167, -0.231115, 0.039389, 5.588397, 0.000448, -0.002126, 0.002278, 24.738277, 9.907695, 0.193896, -0.193896, -0.022026, 5.588397, 
24.926000, 0.999788, -0.020577, -0.000029, 0.000684, 0.000168, -0.232225, 0.039384, -5.571743, -0.000352, 0.002652, 0.000319, -25.483731, 8.141125, -0.181053, 0.181053, -0.041156, -5.571743, 
24.938000, 0.999940, -0.010897, -0.000022, 0.000681, 0.000168, -0.231925, 0.039389, 5.590987, 0.000449, -0.002128, 0.002281, 24.751327, 9.902804, 0.194303, -0.194303, -0.021794, 5.590987, 
24.950000, 0.999790, -0.020464, -0.000029, 0.000687, 0.000169, -0.233056, 0.039385, -5.573965, -0.000352, 0.002653, 0.000321, -25.493259, 8.145215, -0.180806, 0.180806, -0.040931, -5.573965, 
24.962000, 0.999942, -0.010780, -0.000022, 0.000684, 0.000169, -0.232778, 0.039390, 5.593172, 0.000450, -0.002130, 0.002283, 24.762524, 9.897876, 0.194698, -0.194698, -0.021561, 5.593172, 
24.974000, 0.999793, -0.020350, -0.000029, 0.000690, 0.000170, -0.233932, 0.039385, -5.575805, -0.000352, 0.002653, 0.000322, -25.501036, 8.149500, -0.180543, 0.180543, -0.040703, -5.575805, 
24.986000, 0.999943, -0.010663, -0.000022, 0.000687, 0.000170, -0.233675, 0.039390, 5.595004, 0.000450, -0.002132, 0.002286, 24.772111, 9.892909, 0.207041, -0.207041, -0.021326, 5.595004, 
24.998000, 0.999753, -0.022225, -0.000031, 0.000694, 0.000172, -0.234995, 0.039396, -6.091470, -0.000429, 0.002867, 0.000367, -26.658754, 8.094474, -0.177279, 0.177279, -0.044454, -6.091470, 
25.010000, 0.999886, -0.015070, -0.000026, 0.000691, 0.000172, -0.234941, 0.039410, 5.224313, 0.000411, -0.002126, 0.001709, 25.046690, 9.973620, 0.208931, -0.208931, -0.030142, 5.224313, 
25.022000, 0.999598, -0.028357, -0.000037, 0.000699, 0.000174, -0.236399, 0.039415, -6.333613, -0.000414, 0.002942, 0.000406, -26.428968, 7.799810, -0.175400, 0.175400, -0.056722, -6.333613, 
25.034000, 0.999747, -0.022476, -0.000031, 0.000696, 0.000174, -0.236445, 0.039421, 5.028099, 0.000543, -0.002138, 0.002315, 25.045392, 10.269046, 0.209261, -0.209261, -0.044956, 5.028099, 
25.046000, 0.999329, -0.036615, -0.000042, 0.000703, 0.000176, -0.237968, 0.039421, -6.446532, -0.000417, 0.002936, 0.000590, -26.321658, 7.460603, -0.174463, 0.174463, -0.073246, -6.446532, 
25.058000, 0.999507, -0.031399, -0.000037, 0.000700, 0.000176, -0.238058, 0.039418, 4.918573, 0.000572, -0.002145, 0.002266, 24.925365, 10.662538, 0.208726, -0.208726, -0.062809, 4.918573, 
25.070000, 0.998943, -0.045967, -0.000049, 0.000707, 0.000178, -0.239600, 0.039419, -6.498023, -0.000465, 0.002906, 0.000615, -26.271851, 7.076185, -0.174201, 0.174201, -0.091967, -6.498023, 
25.082000, 0.999154, -0.041122, -0.000044, 0.000704, 0.000178, -0.239698, 0.039411, 4.851940, 0.000583, -0.002144, 0.002187, 24.746698, 11.086059, 0.207623, -0.207623, -0.082268, 4.851940, 
25.094000, 0.998436, -0.055901, -0.000056, 0.000711, 0.000180, -0.241227, 0.039416, -6.517055, -0.000540, 0.002889, 0.000760, -26.240214, 6.654160, -0.174332, 0.174332, -0.111860, -6.517055, 
25.106000, 0.998683, -0.051294, -0.000051, 0.000708, 0.000180, -0.241305, 0.039404, 4.802109, 0.000592, -0.002137, 0.002193, 24.519757, 11.515720, 0.193989, -0.193989, -0.102633, 4.802109, 
25.118000, 0.997939, -0.064172, -0.000062, 0.000714, 0.000182, -0.242653, 0.039401, -6.000556, -0.000473, 0.002668, 0.000702, -25.065724, 6.355251, -0.177591, 0.177591, -0.128433, -6.000556, 
25.130000, 0.998362, -0.057214, -0.000055, 0.000711, 0.000182, -0.242510, 0.039376, 5.128431, 0.000639, -0.002158, 0.002056, 23.992173, 11.857592, 0.190244, -0.190244, -0.114491, 5.128431, 
25.142000, 0.997657, -0.068413, -0.000062, 0.000716, 0.000183, -0.243682, 0.039379, -5.746013, -0.000407, 0.002519, 0.002558, -25.258536, 6.181474, -0.179667, 0.179667, -0.136932, -5.746013, 
25.154000, 0.998179, -0.060320, -0.000056, 0.000713, 0.000183, -0.243397, 0.039360, 5.283838, 0.000487, -0.002142, 0.002465, 23.726599, 11.988538, 0.187700, -0.187700, -0.120712, 5.283838, 
25.166000, 0.997499, -0.070681, -0.000062, 0.000718, 0.000184, -0.244446, 0.039374, -5.614636, -0.000505, 0.002441, 0.003218, -25.318072, 6.041199, -0.181009, 0.181009, -0.141480, -5.614636, 
25.178000, 0.998073, -0.062047, -0.000056, 0.000714, 0.000183, -0.244057, 0.039360, 5.352509, 0.000338, -0.002136, 0.002681, 23.564555, 12.024649, 0.185649, -0.185649, -0.124173, 5.352509, 
25.190000, 0.997406, -0.071976, -0.000063, 0.000719, 0.000183, -0.245008, 0.039377, -5.540419, -0.000630, 0.002439, 0.003448, -25.308466, 5.958808, -0.181875, 0.181875, -0.144077, -5.540419, 
25.202000, 0.998007, -0.063095, -0.000057, 0.000716, 0.000182, -0.244534, 0.039362, 5.375965, 0.000273, -0.002127, 0.002896, 23.438116, 12.045292, 0.183759, -0.183759, -0.126275, 5.375965, 
25.214000, 0.997347, -0.072794, -0.000065, 0.000721, 0.000183, -0.245400, 0.039378, -5.493680, -0.000661, 0.002472, 0.003630, -25.261762, 5.925682, -0.194756, 0.194756, -0.145717, -5.493680, 
25.226000, 0.998090, -0.061774, -0.000057, 0.000718, 0.000181, -0.244702, 0.039370, 5.904804, 0.000299, -0.002308, 0.002985, 24.514356, 12.199190, 0.178882, -0.178882, -0.123628, 5.904804, 
25.238000, 0.997633, -0.068755, -0.000062, 0.000722, 0.000181, -0.245304, 0.039396, -5.080263, -0.000642, 0.002435, 0.003745, -25.488612, 5.946678, -0.196869, 0.196869, -0.137618, -5.080263, 
25.250000, 0.998436, -0.055909, -0.000054, 0.000719, 0.000180, -0.244412, 0.039387, 6.149280, 0.000317, -0.002322, 0.003147, 24.245055, 11.873179, 0.175736, -0.175736, -0.111876, 6.149280, 
25.262000, 0.998104, -0.061540, -0.000058, 0.000724, 0.000179, -0.244860, 0.039403, -4.864344, -0.000597, 0.002471, 0.003691, -25.499101, 6.238602, -0.197726, 0.197726, -0.123159, -4.864344, 
25.274000, 0.998858, -0.047770, -0.000048, 0.000720, 0.000178, -0.243850, 0.039389, 6.268093, 0.000321, -0.002275, 0.003223, 24.163183, 11.537494, 0.173986, -0.173986, -0.095576, 6.268093, 
25.286000, 0.998609, -0.052728, -0.000051, 0.000725, 0.000177, -0.244205, 0.039394, -4.754617, -0.000546, 0.002494, 0.003573, -25.456839, 6.653925, -0.198154, 0.198154, -0.105506, -4.754617, 
25.298000, 0.999260, -0.038454, -0.000041, 0.000722, 0.000175, -0.243122, 0.039381, 6.336026, 0.000303, -0.002221, 0.003244, 24.211866, 11.176076, 0.173424, -0.173424, -0.076927, 6.336026, 
25.310000, 0.999071, -0.043077, -0.000047, 0.000728, 0.000176, -0.243423, 0.039383, -4.704541, -0.000628, 0.002618, 0.000930, -25.418402, 7.089743, -0.198464, 0.198464, -0.086180, -4.704541, 
25.322000, 0.999593, -0.028505, -0.000036, 0.000725, 0.000174, -0.242298, 0.039377, 6.383081, 0.000424, -0.002161, 0.002614, 24.347172, 10.768748, 0.173721, -0.173721, -0.057017, 6.383081, 
25.334000, 0.999457, -0.032953, -0.000041, 0.000731, 0.000174, -0.242575, 0.039378, -4.684668, -0.000409, 0.002687, 0.000571, -25.387037, 7.519334, -0.186322, 0.186322, -0.065917, -4.684668, 
25.346000, 0.999795, -0.020241, -0.000030, 0.000729, 0.000173, -0.241580, 0.039368, 5.889859, 0.000531, -0.001912, 0.002470, 23.340842, 10.285148, 0.177553, -0.177553, -0.040485, 5.889859, 
25.358000, 0.999630, -0.027181, -0.000036, 0.000736, 0.000173, -0.242039, 0.039358, -5.057720, -0.000278, 0.002731, 0.000252, -25.066902, 7.895879, -0.184534, 0.184534, -0.054368, -5.057720, 
25.370000, 0.999870, -0.016118, -0.000026, 0.000734, 0.000172, -0.241169, 0.039354, 5.667818, 0.000531, -0.001858, 0.002190, 23.728105, 10.156728, 0.180241, -0.180241, -0.032237, 5.667818, 
25.382000, 0.999705, -0.024293, -0.000033, 0.000741, 0.000173, -0.241727, 0.039349, -5.255643, -0.000292, 0.002676, 0.000085, -24.991505, 8.040912, -0.183974, 0.183974, -0.048591, -5.255643, 
25.394000, 0.999901, -0.014018, -0.000024, 0.000739, 0.000172, -0.240927, 0.039353, 5.572220, 0.000468, -0.001889, 0.002098, 23.977025, 10.054210, 0.182188, -0.182188, -0.028037, 5.572220, 
25.406000, 0.999739, -0.022818, -0.000031, 0.000746, 0.000173, -0.241545, 0.039353, -5.364998, -0.000346, 0.002635, 0.000093, -25.009446, 8.087988, -0.183926, 0.183926, -0.045641, -5.364998, 
25.418000, 0.999916, -0.012919, -0.000023, 0.000744, 0.000171, -0.240789, 0.039360, 5.534639, 0.000423, -0.001944, 0.002146, 24.147175, 9.990651, 0.183624, -0.183624, -0.025839, 5.534639, 
25.430000, 0.999757, -0.022040, -0.000031, 0.000750, 0.000172, -0.241447, 0.039360, -5.427269, -0.000376, 0.002620, 0.000173, -25.057611, 8.108414, -0.184021, 0.184021, -0.044083, -5.427269, 
25.442000, 0.999924, -0.012316, -0.000023, 0.000747, 0.000171, -0.240723, 0.039367, 5.523237, 0.000413, -0.001992, 0.002221, 24.266142, 9.959549, 0.184726, -0.184726, -0.024633, 5.523237, 
25.454000, 0.999766, -0.021605, -0.000031, 0.000754, 0.000172, -0.241412, 0.039365, -5.464580, -0.000375, 0.002618, 0.000239, -25.111771, 8.122420, -0.184132, 0.184132, -0.043213, -5.464580, 
25.466000, 0.999928, -0.011958, -0.000023, 0.000751, 0.000171, -0.240713, 0.039371, 5.523741, 0.000425, -0.002026, 0.002264, 24.353764, 9.945349, 0.185630, -0.185630, -0.023917, 5.523741, 
25.478000, 0.999772, -0.021339, -0.000031, 0.000757, 0.000172, -0.241429, 0.039368, -5.488832, -0.000363, 0.002619, 0.000265, -25.164688, 8.131952, -0.184227, 0.184227, -0.042682, -5.488832, 
25.490000, 0.999931, -0.011721, -0.000023, 0.000755, 0.000171, -0.240753, 0.039374, 5.529568, 0.000439, -0.002047, 0.002272, 24.422952, 9.936993, 0.186419, -0.186419, -0.023443, 5.529568, 
25.502000, 0.999776, -0.021157, -0.000031, 0.000761, 0.000172, -0.241493, 0.039371, -5.506059, -0.000356, 0.002621, 0.000266, -25.214227, 8.137296, -0.184293, 0.184293, -0.042316, -5.506059, 
25.514000, 0.999933, -0.011545, -0.000023, 0.000758, 0.000171, -0.240837, 0.039376, 5.537431, 0.000446, -0.002061, 0.002268, 24.480420, 9.930107, 0.187132, -0.187132, -0.023090, 5.537431, 
25.526000, 0.999779, -0.021014, -0.000031, 0.000764, 0.000172, -0.241601, 0.039373, -5.519165, -0.000354, 0.002624, 0.000263, -25.259282, 8.140120, -0.184322, 0.184322, -0.042031, -5.519165, 
25.538000, 0.999935, -0.011398, -0.000023, 0.000761, 0.000171, -0.240966, 0.039379, 5.545644, 0.000448, -0.002070, 0.002266, 24.529225, 9.923836, 0.187787, -0.187787, -0.022797, 5.545644, 
25.550000, 0.999781, -0.020890, -0.000031, 0.000767, 0.000172, -0.241752, 0.039375, -5.529579, -0.000357, 0.002628, 0.000265, -25.299247, 8.142138, -0.184310, 0.184310, -0.041783, -5.529579, 
25.562000, 0.999936, -0.011266, -0.000023, 0.000765, 0.000171, -0.241138, 0.039381, 5.553412, 0.000448, -0.002078, 0.002269, 24.570955, 9.918139, 0.188393, -0.188393, -0.022533, 5.553412, 
25.574000, 0.999784, -0.020775, -0.000031, 0.000771, 0.000172, -0.241947, 0.039377, -5.538082, -0.000359, 0.002633, 0.000270, -25.334071, 8.144253, -0.184256, 0.184256, -0.041552, -5.538082, 
25.586000, 0.999938, -0.011142, -0.000023, 0.000768, 0.000171, -0.241353, 0.039382, 5.560430, 0.000449, -0.002085, 0.002275, 24.606745, 9.912870, 0.188959, -0.188959, -0.022284, 5.560430, 
25.598000, 0.999786, -0.020662, -0.000031, 0.000774, 0.000173, -0.242185, 0.039378, -5.545151, -0.000360, 0.002638, 0.000277, -25.364100, 8.146712, -0.184164, 0.184164, -0.041328, -5.545151, 
25.610000, 0.999939, -0.011020, -0.000023, 0.000771, 0.000172, -0.241612, 0.039384, 5.566629, 0.000451, -0.002091, 0.002281, 24.637530, 9.907810, 0.189492, -0.189492, -0.022041, 5.566629, 
25.622000, 0.999789, -0.020551, -0.000031, 0.000777, 0.000173, -0.242466, 0.039380, -5.551093, -0.000360, 0.002642, 0.000282, -25.389833, 8.149510, -0.184038, 0.184038, -0.041105, -5.551093, 
25.634000, 0.999940, -0.010901, -0.000023, 0.000774, 0.000172, -0.241915, 0.039385, 5.572035, 0.000453, -0.002095, 0.002286, 24.664066, 9.902805, 0.189997, -0.189997, -0.021802, 5.572035, 
25.646000, 0.999791, -0.020439, -0.000031, 0.000781, 0.000173, -0.242791, 0.039381, -5.556115, -0.000360, 0.002646, 0.000286, -25.411772, 8.152613, -0.183881, 0.183881, -0.040881, -5.556115, 
25.658000, 0.999942, -0.010781, -0.000023, 0.000778, 0.000172, -0.242261, 0.039386, 5.576709, 0.000454, -0.002099, 0.002289, 24.686954, 9.897792, 0.190478, -0.190478, -0.021563, 5.576709, 
25.670000, 0.999793, -0.020326, -0.000031, 0.000784, 0.000174, -0.243160, 0.039382, -5.560363, -0.000360, 0.002649, 0.000289, -25.430372, 8.156006, -0.183697, 0.183697, -0.040655, -5.560363, 
25.682000, 0.999943, -0.010662, -0.000023, 0.000781, 0.000173, -0.242652, 0.039387, 5.580724, 0.000455, -0.002102, 0.002292, 24.706683, 9.892756, 0.190939, -0.190939, -0.021324, 5.580724, 
25.694000, 0.999795, -0.020212, -0.000031, 0.000787, 0.000174, -0.243574, 0.039382, -5.563949, -0.000360, 0.002651, 0.000291, -25.446041, 8.159679, -0.183488, 0.183488, -0.040426, -5.563949, 
25.706000, 0.999944, -0.010542, -0.000023, 0.000784, 0.000173, -0.243088, 0.039388, 5.584153, 0.000456, -0.002105, 0.002295, 24.723667, 9.887694, 0.191383, -0.191383, -0.021084, 5.584153, 
25.718000, 0.999798, -0.020096, -0.000031, 0.000790, 0.000175, -0.244032, 0.039383, -5.566964, -0.000361, 0.002653, 0.000293, -25.459144, 8.163613, -0.183258, 0.183258, -0.040195, -5.566964, 
25.730000, 0.999945, -0.010421, -0.000023, 0.000788, 0.000174, -0.243568, 0.039389, 5.587068, 0.000457, -0.002107, 0.002297, 24.738264, 9.882601, 0.191812, -0.191812, -0.020843, 5.587068, 
25.742000, 0.999800, -0.019979, -0.000031, 0.000794, 0.000176, -0.244536, 0.039384, -5.569485, -0.000361, 0.002654, 0.000294, -25.470005, 8.167784, -0.183008, 0.183008, -0.039961, -5.569485, 
25.754000, 0.999947, -0.010300, -0.000023, 0.000791, 0.000175, -0.244095, 0.039389, 5.589531, 0.000458, -0.002109, 0.002300, 24.750787, 9.877474, 0.192230, -0.192230, -0.020601, 5.589531, 
25.766000, 0.999802, -0.019861, -0.000031, 0.000797, 0.000176, -0.245086, 0.039384, -5.571579, -0.000361, 0.002655, 0.000296, -25.478912, 8.172167, -0.182741, 0.182741, -0.039725, -5.571579, 
25.778000, 0.999948, -0.010178, -0.000022, 0.000794, 0.000176, -0.244667, 0.039390, 5.591601, 0.000458, -0.002111, 0.002302, 24.761510, 9.872310, 0.204407, -0.204407, -0.020357, 5.591601, 
25.790000, 0.999764, -0.021701, -0.000033, 0.000801, 0.000177, -0.245823, 0.039395, -6.079462, -0.000438, 0.002866, 0.000350, -26.619932, 8.119126, -0.179519, 0.179519, -0.043405, -6.079462, 
25.802000, 0.999894, -0.014510, -0.000027, 0.000798, 0.000177, -0.245604, 0.039409, 5.226935, 0.000413, -0.002116, 0.001515, 25.033245, 9.950811, 0.206293, -0.206293, -0.029022, 5.226935, 
25.814000, 0.999615, -0.027732, -0.000039, 0.000806, 0.000179, -0.246897, 0.039414, -6.318121, -0.000410, 0.002942, 0.000335, -26.395219, 7.828843, -0.177661, 0.177661, -0.055471, -6.318121, 
25.826000, 0.999762, -0.021794, -0.000033, 0.000803, 0.000179, -0.246779, 0.039420, 5.034195, 0.000567, -0.002120, 0.002300, 25.033903, 10.241734, 0.206651, -0.206651, -0.043591, 5.034195, 
25.838000, 0.999357, -0.035855, -0.000046, 0.000810, 0.000181, -0.248136, 0.039420, -6.429808, -0.000415, 0.002934, 0.000551, -26.292198, 7.495448, -0.176739, 0.176739, -0.071725, -6.429808, 
25.850000, 0.999532, -0.030571, -0.000040, 0.000808, 0.000181, -0.248063, 0.039417, 4.927039, 0.000585, -0.002123, 0.002259, 24.918945, 10.628916, 0.206166, -0.206166, -0.061152, 4.927039, 
25.862000, 0.998984, -0.045056, -0.000053, 0.000814, 0.000183, -0.249441, 0.039418, -6.481303, -0.000472, 0.002904, 0.000580, -26.246988, 7.117079, -0.176490, 0.176490, -0.090143, -6.481303, 
25.874000, 0.999194, -0.040136, -0.000047, 0.000812, 0.000183, -0.249376, 0.039410, 4.862392, 0.000587, -0.002123, 0.002191, 24.747689, 11.045526, 0.205131, -0.205131, -0.080293, 4.862392, 
25.886000, 0.998495, -0.054831, -0.000061, 0.000818, 0.000185, -0.250743, 0.039415, -6.501153, -0.000532, 0.002885, 0.000636, -26.221061, 6.701439, -0.176638, 0.176638, -0.109716, -6.501153, 
25.898000, 0.998742, -0.050141, -0.000056, 0.000816, 0.000185, -0.250659, 0.039404, 4.814623, 0.000599, -0.002115, 0.002144, 24.530510, 11.468521, 0.191771, -0.191771, -0.100325, 4.814623, 
25.910000, 0.998015, -0.062969, -0.000067, 0.000821, 0.000187, -0.251849, 0.039401, -5.994099, -0.000486, 0.002668, 0.000632, -25.070755, 6.404189, -0.179876, 0.179876, -0.126021, -5.994099, 
25.922000, 0.998433, -0.055961, -0.000060, 0.000818, 0.000187, -0.251549, 0.039377, 5.137367, 0.000631, -0.002141, 0.002064, 24.018227, 11.805289, 0.188154, -0.188154, -0.111981, 5.137367, 
25.934000, 0.997743, -0.067139, -0.000069, 0.000824, 0.000188, -0.252567, 0.039379, -5.745152, -0.000476, 0.002556, 0.002012, -25.267731, 6.234356, -0.181956, 0.181956, -0.134378, -5.745152, 
25.946000, 0.998257, -0.059011, -0.000062, 0.000821, 0.000187, -0.252128, 0.039361, 5.292051, 0.000514, -0.002121, 0.002420, 23.764516, 11.935997, 0.185725, -0.185725, -0.118090, 5.292051, 
25.958000, 0.997591, -0.069367, -0.000069, 0.000825, 0.000188, -0.253027, 0.039374, -5.617574, -0.000423, 0.002449, 0.003629, -25.334103, 6.096301, -0.183319, 0.183319, -0.138846, -5.617574, 
25.970000, 0.998156, -0.060703, -0.000061, 0.000822, 0.000187, -0.252487, 0.039360, 5.361440, 0.000352, -0.002120, 0.002753, 23.613026, 11.972556, 0.183784, -0.183784, -0.121481, 5.361440, 
25.982000, 0.997502, -0.070637, -0.000069, 0.000827, 0.000187, -0.253291, 0.039377, -5.546222, -0.000598, 0.002397, 0.003872, -25.332244, 6.013784, -0.184210, 0.184210, -0.141392, -5.546222, 
25.994000, 0.998093, -0.061728, -0.000062, 0.000824, 0.000185, -0.252668, 0.039363, 5.386203, 0.000219, -0.002127, 0.002968, 23.496252, 11.993008, 0.181998, -0.181998, -0.123534, 5.386203, 
26.006000, 0.997445, -0.071437, -0.000070, 0.000829, 0.000186, -0.253389, 0.039379, -5.501749, -0.000683, 0.002412, 0.004108, -25.293137, 5.979605, -0.197081, 0.197081, -0.142996, -5.501749, 
26.018000, 0.998174, -0.060393, -0.000062, 0.000825, 0.000184, -0.252545, 0.039371, 5.915085, 0.000213, -0.002318, 0.003124, 24.577698, 12.143277, 0.177227, -0.177227, -0.120860, 5.915085, 
26.030000, 0.997726, -0.067394, -0.000068, 0.000829, 0.000184, -0.253006, 0.039397, -5.091153, -0.000683, 0.002380, 0.004307, -25.525743, 6.000024, -0.199204, 0.199204, -0.134891, -5.091153, 
26.042000, 0.998512, -0.054529, -0.000058, 0.000826, 0.000181, -0.251971, 0.039388, 6.159947, 0.000232, -0.002338, 0.003350, 24.314557, 11.818068, 0.174161, -0.174161, -0.109111, 6.159947, 
26.054000, 0.998187, -0.060186, -0.000062, 0.000830, 0.000181, -0.252280, 0.039404, -4.876731, -0.000633, 0.002424, 0.004291, -25.539707, 6.291472, -0.200052, 0.200052, -0.120445, -4.876731, 
26.066000, 0.998923, -0.046399, -0.000051, 0.000827, 0.000179, -0.251130, 0.039391, 6.278893, 0.000250, -0.002292, 0.003452, 24.235243, 11.482720, 0.172466, -0.172466, -0.092830, 6.278893, 
26.078000, 0.998679, -0.051384, -0.000055, 0.000832, 0.000178, -0.251348, 0.039395, -4.767545, -0.000595, 0.002465, 0.004035, -25.498221, 6.706870, -0.200451, 0.200451, -0.102814, -4.767545, 
26.090000, 0.999311, -0.037095, -0.000044, 0.000828, 0.000176, -0.250127, 0.039383, 6.346551, 0.000252, -0.002238, 0.003468, 24.283400, 11.121287, 0.171936, -0.171936, -0.074207, 6.346551, 
26.102000, 0.999128, -0.041745, -0.000051, 0.000834, 0.000176, -0.250294, 0.039385, -4.717202, -0.000676, 0.002621, 0.001035, -25.457829, 7.141684, -0.200711, 0.200711, -0.083514, -4.717202, 
26.114000, 0.999631, -0.027161, -0.000038, 0.000831, 0.000173, -0.249034, 0.039379, 6.392713, 0.000416, -0.002172, 0.002741, 24.414890, 10.712773, 0.172241, -0.172241, -0.054330, 6.392713, 
26.126000, 0.999499, -0.031634, -0.000044, 0.000838, 0.000174, -0.249179, 0.039380, -4.696327, -0.000413, 0.002704, 0.000620, -25.421660, 7.571609, -0.188530, 0.188530, -0.063278, -4.696327, 
26.138000, 0.999821, -0.018909, -0.000032, 0.000836, 0.000172, -0.248051, 0.039371, 5.899502, 0.000554, -0.001914, 0.002548, 23.405614, 10.231777, 0.176051, -0.176051, -0.037820, 5.899502, 
26.150000, 0.999665, -0.025864, -0.000038, 0.000843, 0.000172, -0.248379, 0.039360, -5.066905, -0.000264, 0.002746, 0.000235, -25.095848, 7.948962, -0.186663, 0.186663, -0.051733, -5.066905, 
26.162000, 0.999890, -0.014786, -0.000027, 0.000841, 0.000171, -0.247379, 0.039356, 5.676571, 0.000556, -0.001852, 0.002218, 23.785274, 10.102416, 0.178717, -0.178717, -0.029573, 5.676571, 
26.174000, 0.999736, -0.022970, -0.000034, 0.000848, 0.000171, -0.247808, 0.039351, -5.262817, -0.000284, 0.002685, 0.000034, -25.013820, 8.095054, -0.186020, 0.186020, -0.045945, -5.262817, 
26.186000, 0.999919, -0.012680, -0.000024, 0.000846, 0.000170, -0.246880, 0.039355, 5.579765, 0.000483, -0.001879, 0.002109, 24.027000, 9.999001, 0.180643, -0.180643, -0.025362, 5.579765, 
26.198000, 0.999769, -0.021486, -0.000033, 0.000853, 0.000170, -0.247372, 0.039354, -5.370422, -0.000349, 0.002641, 0.000041, -25.025066, 8.143088, -0.185889, 0.185889, -0.042975, -5.370422, 
26.210000, 0.999933, -0.011573, -0.000023, 0.000850, 0.000169, -0.246490, 0.039362, 5.540871, 0.000429, -0.001932, 0.002162, 24.190374, 9.934646, 0.182062, -0.182062, -0.023147, 5.540871, 
26.222000, 0.999785, -0.020696, -0.000032, 0.000857, 0.000170, -0.247024, 0.039361, -5.431123, -0.000384, 0.002626, 0.000133, -25.066730, 8.164523, -0.185901, 0.185901, -0.041394, -5.431123, 
26.234000, 0.999940, -0.010961, -0.000023, 0.000854, 0.000168, -0.246176, 0.039368, 5.528166, 0.000417, -0.001981, 0.002247, 24.303051, 9.902876, 0.183152, -0.183152, -0.021922, 5.528166, 
26.246000, 0.999795, -0.020248, -0.000032, 0.000861, 0.000169, -0.246743, 0.039366, -5.467027, -0.000383, 0.002624, 0.000208, -25.114772, 8.179616, -0.185933, 0.185933, -0.040499, -5.467027, 
26.258000, 0.999944, -0.010592, -0.000023, 0.000858, 0.000168, -0.245923, 0.039372, 5.527441, 0.000430, -0.002014, 0.002295, 24.384949, 9.888073, 0.184048, -0.184048, -0.021184, 5.527441, 
26.270000, 0.999800, -0.019970, -0.000032, 0.000864, 0.000169, -0.246519, 0.039369, -5.490024, -0.000369, 0.002624, 0.000238, -25.162076, 8.190247, -0.185952, 0.185952, -0.039942, -5.490024, 
26.282000, 0.999946, -0.010344, -0.000023, 0.000862, 0.000167, -0.245724, 0.039375, 5.532144, 0.000445, -0.002035, 0.002303, 24.449003, 9.879123, 0.184834, -0.184834, -0.020688, 5.532144, 
26.294000, 0.999804, -0.019774, -0.000032, 0.000868, 0.000168, -0.246347, 0.039371, -5.506136, -0.000360, 0.002625, 0.000239, -25.206543, 8.196647, -0.185946, 0.185946, -0.039550, -5.506136, 
26.306000, 0.999948, -0.010156, -0.000023, 0.000865, 0.000167, -0.245575, 0.039377, 5.538993, 0.000453, -0.002048, 0.002296, 24.501901, 9.871637, 0.185548, -0.185548, -0.020312, 5.538993, 
26.318000, 0.999807, -0.019618, -0.000032, 0.000872, 0.000168, -0.246224, 0.039373, -5.518251, -0.000358, 0.002627, 0.000234, -25.247046, 8.200474, -0.185907, 0.185907, -0.039238, -5.518251, 
26.330000, 0.999950, -0.009997, -0.000023, 0.000869, 0.000166, -0.245475, 0.039379, 5.546299, 0.000455, -0.002057, 0.002292, 24.546652, 9.864767, 0.186208, -0.186208, -0.019995, 5.546299, 
26.342000, 0.999810, -0.019481, -0.000032, 0.000875, 0.000168, -0.246149, 0.039375, -5.527783, -0.000361, 0.002631, 0.000234, -25.282934, 8.203450, -0.185829, 0.185829, -0.038964, -5.527783, 
26.354000, 0.999951, -0.009853, -0.000023, 0.000872, 0.000166, -0.245423, 0.039381, 5.553259, 0.000455, -0.002064, 0.002294, 24.584789, 9.858476, 0.186823, -0.186823, -0.019707, 5.553259, 
26.366000, 0.999812, -0.019351, -0.000032, 0.000878, 0.000167, -0.246122, 0.039376, -5.535501, -0.000364, 0.002635, 0.000240, -25.314109, 8.206484, -0.185713, 0.185713, -0.038705, -5.535501, 
26.378000, 0.999952, -0.009716, -0.000023, 0.000876, 0.000166, -0.245420, 0.039382, 5.559557, 0.000455, -0.002070, 0.002300, 24.617399, 9.852618, 0.187402, -0.187402, -0.019432, 5.559557, 
26.390000, 0.999815, -0.019226, -0.000032, 0.000882, 0.000167, -0.246143, 0.039378, -5.541871, -0.000365, 0.002639, 0.000247, -25.340871, 8.209829, -0.185561, 0.185561, -0.038454, -5.541871, 
26.402000, 0.999954, -0.009582, -0.000023, 0.000879, 0.000166, -0.245465, 0.039384, 5.565114, 0.000457, -0.002075, 0.002306, 24.645371, 9.846972, 0.187950, -0.187950, -0.019165, 5.565114, 
26.414000, 0.999817, -0.019100, -0.000032, 0.000885, 0.000167, -0.246213, 0.039379, -5.547189, -0.000365, 0.002643, 0.000252, -25.363674, 8.213482, -0.185376, 0.185376, -0.038203, -5.547189, 
26.426000, 0.999955, -0.009449, -0.000023, 0.000882, 0.000166, -0.245558, 0.039385, 5.569948, 0.000458, -0.002080, 0.002310, 24.669416, 9.841381, 0.188473, -0.188473, -0.018899, 5.569948, 
26.438000, 0.999820, -0.018975, -0.000032, 0.000889, 0.000167, -0.246331, 0.039380, -5.551652, -0.000365, 0.002646, 0.000256, -25.382979, 8.217414, -0.185164, 0.185164, -0.037952, -5.551652, 
26.450000, 0.999956, -0.009317, -0.000023, 0.000886, 0.000166, -0.245701, 0.039386, 5.574112, 0.000460, -0.002083, 0.002313, 24.690096, 9.835781, 0.188974, -0.188974, -0.018635, 5.574112, 
26.462000, 0.999822, -0.018848, -0.000032, 0.000892, 0.000168, -0.246499, 0.039381, -5.555397, -0.000365, 0.002649, 0.000258, -25.399205, 8.221613, -0.184925, 0.184925, -0.037698, -5.555397, 
26.474000, 0.999957, -0.009185, -0.000022, 0.000889, 0.000166, -0.245893, 0.039387, 5.577670, 0.000461, -0.002086, 0.002315, 24.707862, 9.830158, 0.189458, -0.189458, -0.018369, 5.577670, 
26.486000, 0.999824, -0.018720, -0.000032, 0.000895, 0.000168, -0.246717, 0.039381, -5.558530, -0.000365, 0.002651, 0.000260, -25.412724, 8.226072, -0.184663, 0.184663, -0.037442, -5.558530, 
26.498000, 0.999959, -0.009051, -0.000022, 0.000892, 0.000167, -0.246135, 0.039387, 5.580689, 0.000462, -0.002089, 0.002318, 24.723097, 9.824507, 0.189926, -0.189926, -0.018103, 5.580689, 
26.510000, 0.999827, -0.018590, -0.000032, 0.000899, 0.000168, -0.246984, 0.039382, -5.561136, -0.000365, 0.002652, 0.000262, -25.423871, 8.230776, -0.184381, 0.184381, -0.037183, -5.561136, 
26.522000, 0.999960, -0.008918, -0.000022, 0.000896, 0.000167, -0.246428, 0.039388, 5.583232, 0.000462, -0.002091, 0.002320, 24.736129, 9.818824, 0.190382, -0.190382, -0.017835, 5.583232, 
26.534000, 0.999829, -0.018459, -0.000032, 0.000902, 0.000169, -0.247303, 0.039383, -5.563284, -0.000365, 0.002653, 0.000264, -25.432944, 8.235704, -0.184080, 0.184080, -0.036921, -5.563284, 
26.546000, 0.999961, -0.008783, -0.000022, 0.000899, 0.000168, -0.246772, 0.039389, 5.585359, 0.000463, -0.002093, 0.002323, 24.747248, 9.813105, 0.202664, -0.202664, -0.017566, 5.585359, 
26.558000, 0.999794, -0.020298, -0.000034, 0.000906, 0.000169, -0.247814, 0.039393, -6.074106, -0.000443, 0.002865, 0.000329, -26.581253, 8.185640, -0.180806, 0.180806, -0.040598, -6.074106, 
26.570000, 0.999913, -0.013128, -0.000028, 0.000903, 0.000169, -0.247486, 0.039409, 5.218606, 0.000384, -0.002142, 0.000696, 25.021353, 9.888927, 0.204595, -0.204595, -0.026256, 5.218606, 
26.582000, 0.999652, -0.026352, -0.000042, 0.000910, 0.000171, -0.248669, 0.039413, -6.314216, -0.000364, 0.002946, 0.000105, -26.355994, 7.892219, -0.178907, 0.178907, -0.052709, -6.314216, 
26.594000, 0.999791, -0.020440, -0.000034, 0.000908, 0.000171, -0.248445, 0.039419, 5.025184, 0.000635, -0.002116, 0.002224, 25.023912, 10.182541, 0.205005, -0.205005, -0.040883, 5.025184, 
26.606000, 0.999404, -0.034510, -0.000048, 0.000915, 0.000173, -0.249696, 0.039418, -6.427225, -0.000372, 0.002929, 0.000452, -26.255819, 7.558492, -0.177969, 0.177969, -0.069034, -6.427225, 
26.618000, 0.999572, -0.029254, -0.000042, 0.000913, 0.000173, -0.249518, 0.039416, 4.918424, 0.000617, -0.002103, 0.002195, 24.913055, 10.572021, 0.204587, -0.204587, -0.058516, 4.918424, 
26.630000, 0.999042, -0.043754, -0.000056, 0.000919, 0.000175, -0.250792, 0.039416, -6.480303, -0.000469, 0.002894, 0.000492, -26.216227, 7.178231, -0.177728, 0.177728, -0.087535, -6.480303, 
26.642000, 0.999244, -0.038859, -0.000050, 0.000917, 0.000175, -0.250625, 0.039409, 4.854947, 0.000585, -0.002104, 0.002157, 24.748136, 10.990380, 0.203634, -0.203634, -0.077737, 4.854947, 
26.654000, 0.998563, -0.053574, -0.000065, 0.000923, 0.000177, -0.251891, 0.039413, -6.502009, -0.000551, 0.002879, 0.000592, -26.198100, 6.759645, -0.177900, 0.177900, -0.107199, -6.502009, 
26.666000, 0.998803, -0.048908, -0.000060, 0.000921, 0.000177, -0.251707, 0.039403, 4.808839, 0.000589, -0.002101, 0.002154, 24.538964, 11.415296, 0.190299, -0.190299, -0.097854, 4.808839, 
26.678000, 0.998091, -0.061748, -0.000073, 0.000926, 0.000179, -0.252797, 0.039400, -5.994092, -0.000505, 0.002669, 0.000610, -25.049843, 6.457453, -0.181190, 0.181190, -0.123575, -5.994092, 
26.690000, 0.998500, -0.054747, -0.000065, 0.000924, 0.000178, -0.252398, 0.039376, 5.135542, 0.000626, -0.002131, 0.002108, 24.033670, 11.753972, 0.186769, -0.186769, -0.109548, 5.135542, 
26.702000, 0.997824, -0.065932, -0.000076, 0.000929, 0.000180, -0.253318, 0.039378, -5.745942, -0.000532, 0.002602, 0.001175, -25.257765, 6.288656, -0.183322, 0.183322, -0.131959, -5.745942, 
26.714000, 0.998328, -0.057799, -0.000068, 0.000926, 0.000179, -0.252782, 0.039361, 5.293389, 0.000568, -0.002097, 0.002265, 23.788894, 11.887460, 0.184438, -0.184438, -0.115663, 5.293389, 
26.726000, 0.997674, -0.068163, -0.000075, 0.000931, 0.000179, -0.253585, 0.039373, -5.619947, -0.000320, 0.002456, 0.003958, -25.334776, 6.150116, -0.184735, 0.184735, -0.136431, -5.619947, 
26.738000, 0.998229, -0.059487, -0.000066, 0.000928, 0.000178, -0.252949, 0.039360, 5.365517, 0.000377, -0.002103, 0.002765, 23.647133, 11.925158, 0.182600, -0.182600, -0.119044, 5.365517, 
26.750000, 0.997586, -0.069429, -0.000074, 0.000932, 0.000178, -0.253659, 0.039377, -5.550421, -0.000563, 0.002349, 0.004244, -25.342804, 6.065566, -0.185670, 0.185670, -0.138970, -5.550421, 
26.762000, 0.998168, -0.060503, -0.000066, 0.000929, 0.000176, -0.252942, 0.039363, 5.392602, 0.000160, -0.002128, 0.003005, 23.539776, 11.945529, 0.180913, -0.180913, -0.121080, 5.392602, 
26.774000, 0.997531, -0.070222, -0.000075, 0.000934, 0.000176, -0.253572, 0.039379, -5.507691, -0.000712, 0.002347, 0.004561, -25.312380, 6.029445, -0.198470, 0.198470, -0.140560, -5.507691, 
26.786000, 0.998247, -0.059174, -0.000066, 0.000930, 0.000174, -0.252637, 0.039372, 5.918943, 0.000120, -0.002330, 0.003255, 24.619362, 12.091948, 0.176261, -0.176261, -0.118418, 5.918943, 
26.798000, 0.997805, -0.066210, -0.000072, 0.000934, 0.000174, -0.253010, 0.039397, -5.101876, -0.000730, 0.002323, 0.004862, -25.549670, 6.048753, -0.200602, 0.200602, -0.132516, -5.101876, 
26.810000, 0.998575, -0.053353, -0.000062, 0.000930, 0.000171, -0.251887, 0.039390, 6.163005, 0.000145, -0.002355, 0.003552, 24.363508, 11.769934, 0.173281, -0.173281, -0.106757, 6.163005, 
26.822000, 0.998254, -0.059056, -0.000067, 0.000935, 0.000170, -0.252111, 0.039405, -4.890022, -0.000670, 0.002378, 0.004887, -25.567304, 6.337714, -0.201448, 0.201448, -0.118181, -4.890022, 
26.834000, 0.998974, -0.045285, -0.000055, 0.000931, 0.000167, -0.250876, 0.039392, 6.281573, 0.000180, -0.002312, 0.003681, 24.287323, 11.437331, 0.171641, -0.171641, -0.090601, 6.281573, 
26.846000, 0.998733, -0.050321, -0.000061, 0.000936, 0.000167, -0.251011, 0.039396, -4.781999, -0.000728, 0.002483, 0.004027, -25.527341, 6.750065, -0.201829, 0.201829, -0.100686, -4.781999, 
26.858000, 0.999349, -0.036053, -0.000048, 0.000933, 0.000164, -0.249707, 0.039385, 6.348740, 0.000233, -0.002258, 0.003672, 24.335181, 11.078218, 0.171140, -0.171140, -0.072122, 6.348740, 
26.870000, 0.999169, -0.040755, -0.000055, 0.000939, 0.000164, -0.249794, 0.039386, -4.731806, -0.000665, 0.002667, 0.001169, -25.486137, 7.181094, -0.202053, 0.202053, -0.081533, -4.731806, 
26.882000, 0.999656, -0.026197, -0.000041, 0.000936, 0.000161, -0.248453, 0.039381, 6.394009, 0.000473, -0.002177, 0.002852, 24.463198, 10.671562, 0.171447, -0.171447, -0.052399, 6.394009, 
26.894000, 0.999528, -0.030721, -0.000047, 0.000942, 0.000161, -0.248518, 0.039382, -4.710344, -0.000370, 0.002735, 0.000624, -25.446891, 7.608398, -0.189926, 0.189926, -0.061451, -4.710344, 
26.906000, 0.999837, -0.018007, -0.000033, 0.000941, 0.000159, -0.247310, 0.039373, 5.904085, 0.000606, -0.001909, 0.002553, 23.458540, 10.195593, 0.175217, -0.175217, -0.036016, 5.904085, 
26.918000, 0.999687, -0.024990, -0.000040, 0.000948, 0.000159, -0.247560, 0.039362, -5.076717, -0.000241, 0.002760, 0.000155, -25.119281, 7.983869, -0.188015, 0.188015, -0.049985, -5.076717, 
26.930000, 0.999903, -0.013912, -0.000027, 0.000946, 0.000157, -0.246479, 0.039358, 5.682020, 0.000579, -0.001842, 0.002194, 23.830361, 10.066463, 0.177849, -0.177849, -0.027824, 5.682020, 
26.942000, 0.999755, -0.022112, -0.000036, 0.000953, 0.000158, -0.246831, 0.039352, -5.269929, -0.000287, 0.002692, -0.000043, -25.033212, 8.129748, -0.187320, 0.187320, -0.044227, -5.269929, 
26.954000, 0.999930, -0.011816, -0.000025, 0.000951, 0.000156, -0.245824, 0.039357, 5.585031, 0.000487, -0.001869, 0.002106, 24.065510, 9.963141, 0.179749, -0.179749, -0.023633, 5.585031, 
26.966000, 0.999787, -0.020630, -0.000034, 0.000958, 0.000157, -0.246238, 0.039355, -5.375611, -0.000364, 0.002649, -0.000005, -25.039776, 8.178115, -0.187132, 0.187132, -0.041264, -5.375611, 
26.978000, 0.999942, -0.010711, -0.000024, 0.000956, 0.000155, -0.245279, 0.039363, 5.545498, 0.000428, -0.001924, 0.002185, 24.223144, 9.898676, 0.181148, -0.181148, -0.021422, 5.545498, 
26.990000, 0.999803, -0.019837, -0.000034, 0.000962, 0.000156, -0.245737, 0.039361, -5.434829, -0.000398, 0.002635, 0.000109, -25.076696, 8.200085, -0.187087, 0.187087, -0.039677, -5.434829, 
27.002000, 0.999949, -0.010095, -0.000023, 0.000960, 0.000154, -0.244813, 0.039369, 5.531983, 0.000421, -0.001973, 0.002281, 24.330758, 9.866670, 0.182222, -0.182222, -0.020191, 5.531983, 
27.014000, 0.999812, -0.019384, -0.000034, 0.000966, 0.000155, -0.245306, 0.039366, -5.469525, -0.000392, 0.002633, 0.000191, -25.120213, 8.215814, -0.187063, 0.187063, -0.038771, -5.469525, 
27.026000, 0.999952, -0.009722, -0.000023, 0.000964, 0.000153, -0.244411, 0.039373, 5.530420, 0.000438, -0.002007, 0.002327, 24.408183, 9.851564, 0.183108, -0.183108, -0.019444, 5.530420, 
27.038000, 0.999817, -0.019099, -0.000034, 0.000970, 0.000154, -0.244934, 0.039369, -5.491506, -0.000375, 0.002634, 0.000217, -25.163340, 8.227121, -0.187030, 0.187030, -0.038199, -5.491506, 
27.050000, 0.999955, -0.009467, -0.000023, 0.000967, 0.000152, -0.244066, 0.039375, 5.534319, 0.000455, -0.002026, 0.002330, 24.468287, 9.842277, 0.183887, -0.183887, -0.018935, 5.534319, 
27.062000, 0.999821, -0.018895, -0.000034, 0.000974, 0.000153, -0.244617, 0.039371, -5.506745, -0.000365, 0.002634, 0.000214, -25.204021, 8.234197, -0.186974, 0.186974, -0.037792, -5.506745, 
27.074000, 0.999957, -0.009272, -0.000023, 0.000971, 0.000151, -0.243774, 0.039377, 5.540427, 0.000463, -0.002038, 0.002320, 24.517695, 9.834437, 0.184597, -0.184597, -0.018545, 5.540427, 
27.086000, 0.999824, -0.018731, -0.000034, 0.000977, 0.000152, -0.244353, 0.039373, -5.518098, -0.000364, 0.002635, 0.000207, -25.241120, 8.238681, -0.186887, 0.186887, -0.037463, -5.518098, 
27.098000, 0.999958, -0.009106, -0.000023, 0.000974, 0.000151, -0.243535, 0.039379, 5.547061, 0.000463, -0.002046, 0.002314, 24.559362, 9.827208, 0.185257, -0.185257, -0.018213, 5.547061, 
27.110000, 0.999827, -0.018585, -0.000033, 0.000981, 0.000152, -0.244139, 0.039375, -5.526960, -0.000368, 0.002637, 0.000207, -25.273959, 8.242289, -0.186765, 0.186765, -0.037172, -5.526960, 
27.122000, 0.999959, -0.008955, -0.000023, 0.000978, 0.000150, -0.243346, 0.039381, 5.553417, 0.000463, -0.002053, 0.002317, 24.594774, 9.820555, 0.185874, -0.185874, -0.017910, 5.553417, 
27.134000, 0.999829, -0.018447, -0.000033, 0.000984, 0.000151, -0.243977, 0.039376, -5.534085, -0.000371, 0.002641, 0.000214, -25.302407, 8.245931, -0.186606, 0.186606, -0.036896, -5.534085, 
27.146000, 0.999961, -0.008810, -0.000023, 0.000981, 0.000150, -0.243209, 0.039382, 5.559176, 0.000463, -0.002059, 0.002323, 24.624976, 9.814335, 0.186458, -0.186458, -0.017620, 5.559176, 
27.158000, 0.999832, -0.018313, -0.000033, 0.000988, 0.000151, -0.243867, 0.039377, -5.539928, -0.000372, 0.002645, 0.000221, -25.326730, 8.249860, -0.186413, 0.186413, -0.036627, -5.539928, 
27.170000, 0.999962, -0.008668, -0.000023, 0.000985, 0.000150, -0.243123, 0.039384, 5.564253, 0.000464, -0.002064, 0.002328, 24.650819, 9.808326, 0.187013, -0.187013, -0.017336, 5.564253, 
27.182000, 0.999834, -0.018179, -0.000033, 0.000991, 0.000151, -0.243807, 0.039378, -5.544778, -0.000372, 0.002648, 0.000227, -25.347350, 8.254076, -0.186190, 0.186190, -0.036359, -5.544778, 
27.194000, 0.999963, -0.008527, -0.000023, 0.000988, 0.000149, -0.243090, 0.039385, 5.568660, 0.000466, -0.002068, 0.002332, 24.672981, 9.802370, 0.187545, -0.187545, -0.017055, 5.568660, 
27.206000, 0.999837, -0.018044, -0.000033, 0.000995, 0.000151, -0.243800, 0.039379, -5.548823, -0.000371, 0.002651, 0.000230, -25.364697, 8.258551, -0.185939, 0.185939, -0.036091, -5.548823, 
27.218000, 0.999964, -0.008387, -0.000023, 0.000992, 0.000149, -0.243109, 0.039386, 5.572442, 0.000467, -0.002071, 0.002335, 24.691991, 9.796406, 0.188058, -0.188058, -0.016774, 5.572442, 
27.230000, 0.999839, -0.017909, -0.000033, 0.000998, 0.000151, -0.243846, 0.039380, -5.552195, -0.000371, 0.002653, 0.000233, -25.379162, 8.263278, -0.185664, 0.185664, -0.035819, -5.552195, 
27.242000, 0.999966, -0.008246, -0.000022, 0.000995, 0.000149, -0.243180, 0.039386, 5.575658, 0.000468, -0.002074, 0.002337, 24.708275, 9.790416, 0.188554, -0.188554, -0.016492, 5.575658, 
27.254000, 0.999842, -0.017772, -0.000033, 0.001002, 0.000151, -0.243944, 0.039381, -5.554992, -0.000371, 0.002655, 0.000235, -25.391090, 8.268250, -0.185367, 0.185367, -0.035546, -5.554992, 
27.266000, 0.999967, -0.008104, -0.000022, 0.000999, 0.000149, -0.243305, 0.039387, 5.578370, 0.000469, -0.002077, 0.002339, 24.722188, 9.784397, 0.189036, -0.189036, -0.016209, 5.578370, 
27.278000, 0.999844, -0.017633, -0.000033, 0.001005, 0.000151, -0.244096, 0.039381, -5.557293, -0.000371, 0.002656, 0.000236, -25.400794, 8.273455, -0.185050, 0.185050, -0.035269, -5.557293, 
27.290000, 0.999968, -0.007962, -0.000022, 0.001002, 0.000150, -0.243484, 0.039388, 5.580637, 0.000470, -0.002079, 0.002342, 24.734040, 9.778345, 0.201284, -0.201284, -0.015924, 5.580637, 
27.302000, 0.999810, -0.019454, -0.000035, 0.001009, 0.000151, -0.244443, 0.039392, -6.065656, -0.000450, 0.002868, 0.000311, -26.544246, 8.225570, -0.181774, 0.181774, -0.038911, -6.065656, 
27.314000, 0.999924, -0.012277, -0.000029, 0.001007, 0.000151, -0.244035, 0.039408, 5.215873, 0.000367, -0.002154, 0.000316, 25.007791, 9.851986, 0.203233, -0.203233, -0.024554, 5.215873, 
27.326000, 0.999675, -0.025469, -0.000044, 0.001014, 0.000153, -0.245136, 0.039412, -6.304729, -0.000347, 0.002952, 0.000004, -26.321199, 7.932943, -0.179868, 0.179868, -0.050944, -6.304729, 
27.338000, 0.999809, -0.019543, -0.000036, 0.001011, 0.000153, -0.244832, 0.039418, 5.023820, 0.000676, -0.002112, 0.002206, 25.012107, 10.144575, 0.203677, -0.203677, -0.039088, 5.023820, 
27.350000, 0.999436, -0.033579, -0.000051, 0.001018, 0.000155, -0.246002, 0.039417, -6.417710, -0.000352, 0.002931, 0.000403, -26.224261, 7.601874, -0.178930, 0.178930, -0.067171, -6.417710, 
27.362000, 0.999599, -0.028302, -0.000044, 0.001016, 0.000155, -0.245745, 0.039415, 4.918353, 0.000641, -0.002090, 0.002173, 24.905375, 10.531979, 0.203312, -0.203312, -0.056612, 4.918353, 
27.374000, 0.999084, -0.042768, -0.000059, 0.001022, 0.000157, -0.246941, 0.039415, -6.471447, -0.000469, 0.002893, 0.000440, -26.189195, 7.223737, -0.178698, 0.178698, -0.085563, -6.471447, 
27.386000, 0.999283, -0.037849, -0.000053, 0.001020, 0.000157, -0.246696, 0.039408, 4.856304, 0.000590, -0.002089, 0.002146, 24.746597, 10.947735, 0.202425, -0.202425, -0.075716, 4.856304, 
27.398000, 0.998619, -0.052532, -0.000069, 0.001027, 0.000159, -0.247885, 0.039412, -6.494305, -0.000563, 0.002879, 0.000559, -26.177006, 6.806941, -0.178889, 0.178889, -0.105112, -6.494305, 
27.410000, 0.998855, -0.047837, -0.000064, 0.001024, 0.000158, -0.247625, 0.039403, 4.811853, 0.000588, -0.002089, 0.002166, 24.545329, 11.370177, 0.189231, -0.189231, -0.095711, 4.811853, 
27.422000, 0.998158, -0.060658, -0.000078, 0.001030, 0.000161, -0.248641, 0.039399, -5.990495, -0.000518, 0.002674, 0.000585, -25.041035, 6.503620, -0.182189, 0.182189, -0.121390, -5.990495, 
27.434000, 0.998560, -0.053637, -0.000069, 0.001027, 0.000159, -0.248169, 0.039376, 5.138499, 0.000625, -0.002123, 0.002143, 24.050148, 11.707203, 0.185797, -0.185797, -0.107325, 5.138499, 
27.446000, 0.997897, -0.064814, -0.000082, 0.001032, 0.000161, -0.249018, 0.039378, -5.745291, -0.000551, 0.002629, 0.000617, -25.255327, 6.336794, -0.184343, 0.184343, -0.129718, -5.745291, 
27.458000, 0.998393, -0.056664, -0.000073, 0.001030, 0.000160, -0.248410, 0.039361, 5.297271, 0.000604, -0.002080, 0.002135, 23.814529, 11.841371, 0.183561, -0.183561, -0.113388, 5.297271, 
27.470000, 0.997751, -0.067027, -0.000081, 0.001035, 0.000161, -0.249144, 0.039373, -5.621720, -0.000303, 0.002472, 0.003990, -25.339865, 6.199510, -0.185785, 0.185785, -0.134154, -5.621720, 
27.482000, 0.998297, -0.058333, -0.000071, 0.001032, 0.000159, -0.248439, 0.039360, 5.370847, 0.000392, -0.002091, 0.002787, 23.681658, 11.879936, 0.181817, -0.181817, -0.116732, 5.370847, 
27.494000, 0.997666, -0.068279, -0.000079, 0.001036, 0.000159, -0.249083, 0.039377, -5.554304, -0.000517, 0.002327, 0.004653, -25.355654, 6.114422, -0.186751, 0.186751, -0.136665, -5.554304, 
27.506000, 0.998238, -0.059334, -0.000070, 0.001033, 0.000157, -0.248298, 0.039363, 5.399524, 0.000133, -0.002128, 0.003077, 23.582785, 11.900305, 0.180221, -0.180221, -0.118737, 5.399524, 
27.518000, 0.997612, -0.069061, -0.000080, 0.001037, 0.000157, -0.248864, 0.039379, -5.513392, -0.000714, 0.002297, 0.005007, -25.332512, 6.077049, -0.199510, 0.199510, -0.138232, -5.513392, 
27.530000, 0.998316, -0.058002, -0.000070, 0.001033, 0.000154, -0.247864, 0.039373, 5.924559, 0.000051, -0.002339, 0.003362, 24.663483, 12.043276, 0.175671, -0.175671, -0.116070, 5.924559, 
27.542000, 0.997881, -0.065062, -0.000077, 0.001037, 0.000154, -0.248177, 0.039398, -5.111139, -0.000762, 0.002268, 0.005380, -25.574428, 6.095542, -0.201650, 0.201650, -0.130216, -5.111139, 
27.554000, 0.998636, -0.052203, -0.000065, 0.001033, 0.000150, -0.246992, 0.039391, 6.168352, 0.000063, -0.002371, 0.003720, 24.413783, 11.723112, 0.172767, -0.172767, -0.104454, 6.168352, 
27.566000, 0.998320, -0.057938, -0.000071, 0.001038, 0.000149, -0.247157, 0.039406, -4.901189, -0.000708, 0.002328, 0.005452, -25.595269, 6.383015, -0.202490, 0.202490, -0.115941, -4.901189, 
27.578000, 0.999024, -0.044170, -0.000058, 0.001034, 0.000146, -0.245862, 0.039394, 6.286771, 0.000106, -0.002332, 0.003890, 24.340207, 11.392004, 0.171177, -0.171177, -0.088368, 6.286771, 
27.590000, 0.998786, -0.049241, -0.000065, 0.001039, 0.000145, -0.245942, 0.039397, -4.793953, -0.000842, 0.002494, 0.003879, -25.556285, 6.793606, -0.202850, 0.202850, -0.098523, -4.793953, 
27.602000, 0.999388, -0.034979, -0.000051, 0.001035, 0.000142, -0.244580, 0.039387, 6.353545, 0.000216, -0.002275, 0.003788, 24.387601, 11.033932, 0.170702, -0.170702, -0.069972, 6.353545, 
27.614000, 0.999210, -0.039717, -0.000059, 0.001042, 0.000142, -0.244613, 0.039387, -4.743699, -0.000660, 0.002703, 0.001254, -25.513752, 7.222387, -0.203035, 0.203035, -0.079454, -4.743699, 
27.626000, 0.999683, -0.025167, -0.000043, 0.001039, 0.000139, -0.243216, 0.039383, 6.397971, 0.000517, -0.002185, 0.002935, 24.512201, 10.627881, 0.171013, -0.171013, -0.050340, 6.397971, 
27.638000, 0.999558, -0.029726, -0.000049, 0.001045, 0.000139, -0.243229, 0.039383, -4.721513, -0.000339, 0.002761, 0.000622, -25.470899, 7.648525, -0.190918, 0.190918, -0.059461, -4.721513, 
27.650000, 0.999855, -0.017014, -0.000034, 0.001044, 0.000136, -0.241967, 0.039374, 5.909688, 0.000647, -0.001907, 0.002564, 23.508602, 10.155571, 0.174753, -0.174753, -0.034030, 5.909688, 
27.662000, 0.999711, -0.024016, -0.000041, 0.001051, 0.000137, -0.242164, 0.039363, -5.084756, -0.000225, 0.002773, 0.000090, -25.140000, 8.023339, -0.188953, 0.188953, -0.048037, -5.084756, 
27.674000, 0.999916, -0.012932, -0.000028, 0.001049, 0.000134, -0.241031, 0.039359, 5.687691, 0.000599, -0.001836, 0.002183, 23.873359, 10.026215, 0.177359, -0.177359, -0.025866, 5.687691, 
27.686000, 0.999776, -0.021143, -0.000037, 0.001056, 0.000135, -0.241331, 0.039353, -5.275787, -0.000291, 0.002700, -0.000107, -25.049172, 8.169500, -0.188197, 0.188197, -0.042289, -5.275787, 
27.698000, 0.999941, -0.010840, -0.000025, 0.001054, 0.000133, -0.240273, 0.039358, 5.590113, 0.000492, -0.001862, 0.002111, 24.102252, 9.922603, 0.179238, -0.179238, -0.021681, 5.590113, 
27.710000, 0.999806, -0.019659, -0.000035, 0.001061, 0.000133, -0.240637, 0.039356, -5.379791, -0.000377, 0.002657, -0.000046, -25.050646, 8.218395, -0.187946, 0.187946, -0.039321, -5.379791, 
27.722000, 0.999952, -0.009732, -0.000024, 0.001059, 0.000131, -0.239628, 0.039364, 5.549723, 0.000430, -0.001918, 0.002208, 24.254241, 9.857791, 0.180619, -0.180619, -0.019464, 5.549723, 
27.734000, 0.999822, -0.018860, -0.000035, 0.001066, 0.000132, -0.240039, 0.039362, -5.437627, -0.000410, 0.002644, 0.000085, -25.082535, 8.241024, -0.187840, 0.187840, -0.037723, -5.437627, 
27.746000, 0.999958, -0.009111, -0.000023, 0.001063, 0.000130, -0.239067, 0.039370, 5.535274, 0.000425, -0.001968, 0.002313, 24.356764, 9.825424, 0.181681, -0.181681, -0.018222, 5.535274, 
27.758000, 0.999830, -0.018399, -0.000035, 0.001070, 0.000131, -0.239513, 0.039367, -5.471149, -0.000400, 0.002643, 0.000171, -25.121296, 8.257495, -0.187756, 0.187756, -0.036800, -5.471149, 
27.770000, 0.999961, -0.008730, -0.000023, 0.001067, 0.000129, -0.238572, 0.039374, 5.532793, 0.000445, -0.002001, 0.002358, 24.429635, 9.809943, 0.182558, -0.182558, -0.017461, 5.532793, 
27.782000, 0.999836, -0.018104, -0.000035, 0.001074, 0.000130, -0.239051, 0.039369, -5.492114, -0.000381, 0.002642, 0.000196, -25.160057, 8.269567, -0.187665, 0.187665, -0.036211, -5.492114, 
27.794000, 0.999964, -0.008468, -0.000023, 0.001071, 0.000128, -0.238138, 0.039376, 5.535836, 0.000463, -0.002019, 0.002357, 24.485689, 9.800264, 0.183332, -0.183332, -0.016937, 5.535836, 
27.806000, 0.999839, -0.017891, -0.000035, 0.001077, 0.000129, -0.238646, 0.039371, -5.506465, -0.000370, 0.002641, 0.000189, -25.196788, 8.277392, -0.187555, 0.187555, -0.035785, -5.506465, 
27.818000, 0.999965, -0.008265, -0.000023, 0.001075, 0.000127, -0.237761, 0.039378, 5.541164, 0.000471, -0.002030, 0.002344, 24.531508, 9.792020, 0.184041, -0.184041, -0.016530, 5.541164, 
27.830000, 0.999842, -0.017718, -0.000034, 0.001081, 0.000128, -0.238297, 0.039373, -5.517036, -0.000370, 0.002642, 0.000180, -25.230339, 8.282596, -0.187417, 0.187417, -0.035437, -5.517036, 
27.842000, 0.999967, -0.008091, -0.000023, 0.001078, 0.000126, -0.237438, 0.039379, 5.547095, 0.000471, -0.002038, 0.002337, 24.569994, 9.784382, 0.184703, -0.184703, -0.016182, 5.547095, 
27.854000, 0.999845, -0.017562, -0.000034, 0.001085, 0.000127, -0.238003, 0.039374, -5.525205, -0.000374, 0.002643, 0.000181, -25.259998, 8.286895, -0.187245, 0.187245, -0.035126, -5.525205, 
27.866000, 0.999968, -0.007930, -0.000023, 0.001082, 0.000125, -0.237171, 0.039381, 5.552822, 0.000470, -0.002044, 0.002340, 24.602588, 9.777320, 0.185325, -0.185325, -0.015861, 5.552822, 
27.878000, 0.999848, -0.017415, -0.000034, 0.001088, 0.000126, -0.237764, 0.039376, -5.531715, -0.000377, 0.002647, 0.000188, -25.285597, 8.291203, -0.187040, 0.187040, -0.034831, -5.531715, 
27.890000, 0.999969, -0.007777, -0.000023, 0.001086, 0.000124, -0.236959, 0.039382, 5.558019, 0.000469, -0.002050, 0.002346, 24.630294, 9.770692, 0.185916, -0.185916, -0.015553, 5.558019, 
27.902000, 0.999850, -0.017270, -0.000034, 0.001092, 0.000126, -0.237580, 0.039377, -5.537010, -0.000378, 0.002650, 0.000196, -25.307365, 8.295773, -0.186802, 0.186802, -0.034542, -5.537010, 
27.914000, 0.999970, -0.007626, -0.000022, 0.001089, 0.000124, -0.236802, 0.039384, 5.562595, 0.000471, -0.002055, 0.002352, 24.653925, 9.764272, 0.186481, -0.186481, -0.015252, 5.562595, 
27.926000, 0.999853, -0.017126, -0.000034, 0.001095, 0.000125, -0.237451, 0.039378, -5.541370, -0.000377, 0.002653, 0.000201, -25.325691, 8.300608, -0.186536, 0.186536, -0.034255, -5.541370, 
27.938000, 0.999971, -0.007476, -0.000022, 0.001093, 0.000124, -0.236700, 0.039384, 5.566552, 0.000473, -0.002058, 0.002355, 24.674122, 9.757906, 0.187025, -0.187025, -0.014952, 5.566552, 
27.950000, 0.999855, -0.016982, -0.000034, 0.001099, 0.000125, -0.237378, 0.039379, -5.544976, -0.000377, 0.002656, 0.000205, -25.340972, 8.305683, -0.186243, 0.186243, -0.033966, -5.544976, 
27.962000, 0.999973, -0.007326, -0.000022, 0.001096, 0.000123, -0.236655, 0.039385, 5.569932, 0.000474, -0.002061, 0.002358, 24.691384, 9.751529, 0.187552, -0.187552, -0.014652, 5.569932, 
27.974000, 0.999858, -0.016836, -0.000034, 0.001103, 0.000125, -0.237361, 0.039379, -5.547952, -0.000377, 0.002657, 0.000207, -25.353568, 8.310993, -0.185928, 0.185928, -0.033675, -5.547952, 
27.986000, 0.999974, -0.007176, -0.000022, 0.001100, 0.000123, -0.236666, 0.039386, 5.572787, 0.000475, -0.002064, 0.002360, 24.706108, 9.745126, 0.188063, -0.188063, -0.014351, 5.572787, 
27.998000, 0.999860, -0.016689, -0.000034, 0.001106, 0.000125, -0.237401, 0.039380, -5.550391, -0.000377, 0.002659, 0.000208, -25.363800, 8.316535, -0.185591, 0.185591, -0.033380, -5.550391, 
28.010000, 0.999975, -0.007024, -0.000022, 0.001104, 0.000123, -0.236734, 0.039387, 5.575173, 0.000476, -0.002066, 0.002362, 24.718625, 9.738692, 0.188562, -0.188562, -0.014049, 5.575173, 
28.022000, 0.999863, -0.016541, -0.000034, 0.001110, 0.000125, -0.237498, 0.039380, -5.552368, -0.000377, 0.002659, 0.000210, -25.371957, 8.322298, -0.185236, 0.185236, -0.033083, -5.552368, 
28.034000, 0.999976, -0.006872, -0.000022, 0.001107, 0.000123, -0.236860, 0.039387, 5.577144, 0.000476, -0.002068, 0.002364, 24.729220, 9.732222, 0.201036, -0.201036, -0.013745, 5.577144, 
28.046000, 0.999830, -0.018386, -0.000036, 0.001114, 0.000125, -0.237796, 0.039391, -6.069359, -0.000457, 0.002874, 0.000296, -26.534547, 8.276213, -0.181870, 0.181870, -0.036774, -6.069359, 
28.058000, 0.999936, -0.011256, -0.000030, 0.001111, 0.000125, -0.237368, 0.039408, 5.205580, 0.000307, -0.002198, -0.000247, 25.006766, 9.804356, 0.203026, -0.203026, -0.022512, 5.205580, 
28.070000, 0.999699, -0.024500, -0.000047, 0.001118, 0.000128, -0.238449, 0.039411, -6.312334, -0.000321, 0.002970, -0.000075, -26.306393, 7.976882, -0.179900, 0.179900, -0.049005, -6.312334, 
28.082000, 0.999826, -0.018642, -0.000038, 0.001116, 0.000127, -0.238128, 0.039418, 5.010102, 0.000747, -0.002128, 0.002224, 25.010915, 10.103336, 0.203500, -0.203500, -0.037287, 5.010102, 
28.094000, 0.999463, -0.032745, -0.000054, 0.001123, 0.000130, -0.239282, 0.039417, -6.427474, -0.000301, 0.002942, 0.000371, -26.208706, 7.641456, -0.178930, 0.178930, -0.065503, -6.427474, 
28.106000, 0.999620, -0.027548, -0.000046, 0.001120, 0.000129, -0.239011, 0.039415, 4.903201, 0.000694, -0.002082, 0.002139, 24.904248, 10.497908, 0.203165, -0.203165, -0.055103, 4.903201, 
28.118000, 0.999113, -0.042090, -0.000063, 0.001127, 0.000132, -0.240192, 0.039414, -6.482790, -0.000453, 0.002893, 0.000367, -26.175785, 7.256985, -0.178694, 0.178694, -0.084205, -6.482790, 
28.130000, 0.999305, -0.037254, -0.000056, 0.001125, 0.000131, -0.239934, 0.039408, 4.840858, 0.000606, -0.002076, 0.002104, 24.746380, 10.920569, 0.202312, -0.202312, -0.074526, 4.840858, 
28.142000, 0.998645, -0.052019, -0.000074, 0.001131, 0.000134, -0.241110, 0.039412, -6.506961, -0.000576, 0.002878, 0.000510, -26.167409, 6.832508, -0.178897, 0.178897, -0.104084, -6.506961, 
28.154000, 0.998875, -0.047409, -0.000068, 0.001129, 0.000133, -0.240838, 0.039402, 4.796618, 0.000585, -0.002079, 0.002158, 24.546236, 11.349968, 0.188941, -0.188941, -0.094855, 4.796618, 
28.166000, 0.998181, -0.060281, -0.000084, 0.001134, 0.000135, -0.241840, 0.039399, -5.995290, -0.000538, 0.002674, 0.000559, -25.015736, 6.522607, -0.182268, 0.182268, -0.120636, -5.995290, 
28.178000, 0.998578, -0.053303, -0.000075, 0.001131, 0.000134, -0.241353, 0.039376, 5.130035, 0.000622, -0.002118, 0.002174, 24.047093, 11.692665, 0.185503, -0.185503, -0.106656, 5.130035, 
28.190000, 0.997917, -0.064503, -0.000089, 0.001137, 0.000136, -0.242186, 0.039377, -5.746746, -0.000541, 0.002629, 0.000464, -25.238185, 6.353016, -0.184470, 0.184470, -0.129096, -5.746746, 
28.202000, 0.998409, -0.056374, -0.000078, 0.001134, 0.000135, -0.241563, 0.039360, 5.292556, 0.000615, -0.002071, 0.002078, 23.811790, 11.829284, 0.183281, -0.183281, -0.112809, 5.292556, 
28.214000, 0.997769, -0.066748, -0.000087, 0.001139, 0.000135, -0.242280, 0.039372, -5.621960, -0.000360, 0.002485, 0.003846, -25.328508, 6.214101, -0.185948, 0.185948, -0.133596, -5.621960, 
28.226000, 0.998312, -0.058064, -0.000077, 0.001136, 0.000133, -0.241560, 0.039360, 5.368400, 0.000394, -0.002086, 0.002835, 23.681001, 11.869147, 0.181562, -0.181562, -0.116194, 5.368400, 
28.238000, 0.997684, -0.068016, -0.000085, 0.001141, 0.000134, -0.242187, 0.039376, -5.554310, -0.000466, 0.002319, 0.005119, -25.348791, 6.127558, -0.186940, 0.186940, -0.136137, -5.554310, 
28.250000, 0.998253, -0.059074, -0.000076, 0.001138, 0.000131, -0.241387, 0.039363, 5.398540, 0.000131, -0.002126, 0.003184, 23.584764, 11.889942, 0.179993, -0.179993, -0.118217, 5.398540, 
28.262000, 0.997630, -0.068804, -0.000086, 0.001142, 0.000131, -0.241937, 0.039378, -5.513569, -0.000696, 0.002253, 0.005466, -25.329179, 6.088984, -0.199656, 0.199656, -0.137717, -5.513569, 
28.274000, 0.998330, -0.057756, -0.000075, 0.001138, 0.000128, -0.240923, 0.039372, 5.921888, 0.000003, -0.002343, 0.003453, 24.661977, 12.031828, 0.175484, -0.175484, -0.115576, 5.921888, 
28.286000, 0.997896, -0.064831, -0.000082, 0.001141, 0.000127, -0.241221, 0.039398, -5.113576, -0.000783, 0.002209, 0.005878, -25.572414, 6.106644, -0.201803, 0.201803, -0.129752, -5.113576, 
28.298000, 0.998647, -0.051989, -0.000069, 0.001137, 0.000124, -0.240022, 0.039391, 6.165059, -0.000012, -0.002382, 0.003854, 24.415218, 11.713676, 0.172608, -0.172608, -0.104026, 6.165059, 
28.310000, 0.998331, -0.057746, -0.000075, 0.001141, 0.000123, -0.240174, 0.039405, -4.904888, -0.000746, 0.002271, 0.005996, -25.594812, 6.392300, -0.202649, 0.202649, -0.115556, -4.904888, 
28.322000, 0.999031, -0.043998, -0.000061, 0.001137, 0.000119, -0.238866, 0.039393, 6.283247, 0.000030, -0.002347, 0.004073, 24.343142, 11.384484, 0.171036, -0.171036, -0.088025, 6.283247, 
28.334000, 0.998793, -0.049095, -0.000070, 0.001142, 0.000118, -0.238932, 0.039397, -4.798317, -0.000931, 0.002479, 0.003940, -25.556965, 6.800371, -0.203012, 0.203012, -0.098229, -4.798317, 
28.346000, 0.999392, -0.034856, -0.000055, 0.001139, 0.000115, -0.237558, 0.039387, 6.349860, 0.000181, -0.002289, 0.003912, 24.390861, 11.028134, 0.170569, -0.170569, -0.069725, 6.349860, 
28.358000, 0.999214, -0.039619, -0.000064, 0.001145, 0.000115, -0.237578, 0.039387, -4.748357, -0.000686, 0.002718, 0.001336, -25.515050, 7.226799, -0.203196, 0.203196, -0.079259, -4.748357, 
28.370000, 0.999684, -0.025094, -0.000046, 0.001142, 0.000111, -0.236168, 0.039383, 6.394112, 0.000534, -0.002190, 0.003024, 24.514960, 10.624129, 0.170881, -0.170881, -0.050194, 6.394112, 
28.382000, 0.999559, -0.029680, -0.000052, 0.001149, 0.000111, -0.236169, 0.039383, -4.726266, -0.000332, 0.002779, 0.000645, -25.472473, 7.650809, -0.191141, 0.191141, -0.059368, -4.726266, 
28.394000, 0.999855, -0.016983, -0.000036, 0.001147, 0.000108, -0.234894, 0.039374, 5.908349, 0.000677, -0.001905, 0.002599, 23.516495, 10.154356, 0.174602, -0.174602, -0.033968, 5.908349, 
28.406000, 0.999711, -0.023999, -0.000044, 0.001155, 0.000109, -0.235078, 0.039363, -5.087600, -0.000216, 0.002786, 0.000054, -25.143218, 8.023794, -0.189184, 0.189184, -0.048002, -5.087600, 
28.418000, 0.999916, -0.012922, -0.000029, 0.001153, 0.000106, -0.233931, 0.039359, 5.687485, 0.000621, -0.001829, 0.002185, 23.879270, 10.025620, 0.177196, -0.177196, -0.025845, 5.687485, 
28.430000, 0.999776, -0.021140, -0.000039, 0.001160, 0.000107, -0.234217, 0.039353, -5.277622, -0.000294, 0.002710, -0.000156, -25.052778, 8.169260, -0.188429, 0.188429, -0.042284, -5.277622, 
28.442000, 0.999941, -0.010840, -0.000026, 0.001158, 0.000104, -0.233145, 0.039358, 5.590399, 0.000503, -0.001854, 0.002113, 24.106908, 9.922503, 0.179066, -0.179066, -0.021680, 5.590399, 
28.454000, 0.999806, -0.019664, -0.000037, 0.001165, 0.000105, -0.233496, 0.039356, -5.381069, -0.000389, 0.002666, -0.000085, -25.054167, 8.217931, -0.188177, 0.188177, -0.039330, -5.381069, 
28.466000, 0.999952, -0.009737, -0.000024, 0.001163, 0.000103, -0.232473, 0.039364, 5.550204, 0.000436, -0.001910, 0.002222, 24.258044, 9.857985, 0.180441, -0.180441, -0.019475, 5.550204, 
28.478000, 0.999821, -0.018868, -0.000037, 0.001170, 0.000103, -0.232869, 0.039362, -5.438587, -0.000424, 0.002654, 0.000060, -25.085809, 8.240469, -0.188069, 0.188069, -0.037738, -5.438587, 
28.490000, 0.999958, -0.009119, -0.000024, 0.001167, 0.000101, -0.231883, 0.039370, 5.535812, 0.000431, -0.001961, 0.002334, 24.359964, 9.825755, 0.181498, -0.181498, -0.018238, 5.535812, 
28.502000, 0.999830, -0.018409, -0.000037, 0.001174, 0.000102, -0.232315, 0.039367, -5.471915, -0.000413, 0.002654, 0.000153, -25.124283, 8.256887, -0.187984, 0.187984, -0.036819, -5.471915, 
28.514000, 0.999961, -0.008739, -0.000024, 0.001172, 0.000100, -0.231360, 0.039374, 5.533327, 0.000454, -0.001994, 0.002382, 24.432383, 9.810330, 0.182372, -0.182372, -0.017479, 5.533327, 
28.526000, 0.999835, -0.018115, -0.000037, 0.001178, 0.000101, -0.231824, 0.039369, -5.492753, -0.000391, 0.002654, 0.000178, -25.162757, 8.268932, -0.187891, 0.187891, -0.036232, -5.492753, 
28.538000, 0.999963, -0.008478, -0.000024, 0.001175, 0.000098, -0.230897, 0.039376, 5.536338, 0.000474, -0.002013, 0.002380, 24.488076, 9.800677, 0.183143, -0.183143, -0.016957, 5.536338, 
28.550000, 0.999839, -0.017902, -0.000036, 0.001182, 0.000100, -0.231391, 0.039371, -5.507013, -0.000380, 0.002653, 0.000170, -25.199217, 8.276750, -0.187779, 0.187779, -0.035807, -5.507013, 
28.562000, 0.999965, -0.008275, -0.000024, 0.001179, 0.000097, -0.230491, 0.039378, 5.541622, 0.000482, -0.002023, 0.002364, 24.533593, 9.792451, 0.183850, -0.183850, -0.016551, 5.541622, 
28.574000, 0.999842, -0.017729, -0.000036, 0.001186, 0.000098, -0.231014, 0.039373, -5.517513, -0.000380, 0.002653, 0.000161, -25.232519, 8.281960, -0.187640, 0.187640, -0.035459, -5.517513, 
28.586000, 0.999966, -0.008101, -0.000024, 0.001183, 0.000096, -0.230141, 0.039380, 5.547509, 0.000482, -0.002030, 0.002356, 24.571821, 9.784826, 0.184509, -0.184509, -0.016203, 5.547509, 
28.598000, 0.999845, -0.017573, -0.000036, 0.001189, 0.000098, -0.230691, 0.039374, -5.525626, -0.000384, 0.002655, 0.000161, -25.261954, 8.286269, -0.187467, 0.187467, -0.035149, -5.525626, 
28.610000, 0.999968, -0.007941, -0.000023, 0.001187, 0.000095, -0.229845, 0.039381, 5.553193, 0.000480, -0.002037, 0.002358, 24.604194, 9.777775, 0.185130, -0.185130, -0.015882, 5.553193, 
28.622000, 0.999847, -0.017426, -0.000036, 0.001193, 0.000097, -0.230423, 0.039376, -5.532088, -0.000388, 0.002658, 0.000169, -25.287355, 8.290586, -0.187260, 0.187260, -0.034854, -5.532088, 
28.634000, 0.999969, -0.007788, -0.000023, 0.001190, 0.000095, -0.229604, 0.039382, 5.558351, 0.000480, -0.002042, 0.002364, 24.631708, 9.771154, 0.185719, -0.185719, -0.015575, 5.558351, 
28.646000, 0.999850, -0.017282, -0.000036, 0.001197, 0.000096, -0.230210, 0.039377, -5.537344, -0.000389, 0.002662, 0.000178, -25.308950, 8.295164, -0.187021, 0.187021, -0.034565, -5.537344, 
28.658000, 0.999970, -0.007637, -0.000023, 0.001194, 0.000094, -0.229418, 0.039384, 5.562891, 0.000481, -0.002047, 0.002370, 24.655172, 9.764741, 0.186283, -0.186283, -0.015274, 5.562891, 
28.670000, 0.999852, -0.017138, -0.000036, 0.001201, 0.000096, -0.230053, 0.039378, -5.541669, -0.000388, 0.002665, 0.000184, -25.327124, 8.300006, -0.186754, 0.186754, -0.034278, -5.541669, 
28.682000, 0.999971, -0.007487, -0.000023, 0.001198, 0.000094, -0.229288, 0.039385, 5.566818, 0.000483, -0.002051, 0.002374, 24.675225, 9.758381, 0.186826, -0.186826, -0.014974, 5.566818, 
28.694000, 0.999855, -0.016994, -0.000036, 0.001204, 0.000095, -0.229951, 0.039379, -5.545246, -0.000388, 0.002667, 0.000187, -25.342274, 8.305087, -0.186461, 0.186461, -0.033989, -5.545246, 
28.706000, 0.999972, -0.007337, -0.000023, 0.001202, 0.000093, -0.229214, 0.039385, 5.570172, 0.000485, -0.002054, 0.002376, 24.692362, 9.752010, 0.187351, -0.187351, -0.014675, 5.570172, 
28.718000, 0.999857, -0.016848, -0.000036, 0.001208, 0.000095, -0.229905, 0.039379, -5.548197, -0.000388, 0.002669, 0.000189, -25.354756, 8.310401, -0.186145, 0.186145, -0.033698, -5.548197, 
28.730000, 0.999973, -0.007187, -0.000023, 0.001205, 0.000093, -0.229196, 0.039386, 5.573003, 0.000486, -0.002056, 0.002377, 24.706977, 9.745612, 0.187861, -0.187861, -0.014374, 5.573003, 
28.742000, 0.999860, -0.016701, -0.000036, 0.001212, 0.000095, -0.229916, 0.039380, -5.550614, -0.000388, 0.002670, 0.000191, -25.364889, 8.315947, -0.185808, 0.185808, -0.033404, -5.550614, 
28.754000, 0.999975, -0.007036, -0.000023, 0.001209, 0.000093, -0.229235, 0.039387, 5.575369, 0.000486, -0.002058, 0.002379, 24.719400, 9.739184, 0.188359, -0.188359, -0.014072, 5.575369, 
28.766000, 0.999862, -0.016553, -0.000036, 0.001215, 0.000095, -0.229984, 0.039380, -5.552572, -0.000388, 0.002671, 0.000193, -25.372961, 8.321712, -0.185452, 0.185452, -0.033107, -5.552572, 
28.778000, 0.999976, -0.006884, -0.000023, 0.001213, 0.000093, -0.229332, 0.039387, 5.577323, 0.000487, -0.002060, 0.002382, 24.729914, 9.732719, 0.200778, -0.200778, -0.013769, 5.577323, 
28.790000, 0.999830, -0.018389, -0.000038, 0.001220, 0.000095, -0.230253, 0.039391, -6.067221, -0.000469, 0.002886, 0.000289, -26.530255, 8.275842, -0.182099, 0.182099, -0.036780, -6.067221, 
28.802000, 0.999936, -0.011247, -0.000031, 0.001217, 0.000095, -0.229809, 0.039408, 5.207419, 0.000330, -0.002187, -0.000360, 25.006170, 9.804379, 0.202761, -0.202761, -0.022495, 5.207419, 
28.814000, 0.999700, -0.024475, -0.000049, 0.001224, 0.000098, -0.230875, 0.039411, -6.309079, -0.000325, 0.002980, -0.000140, -26.303050, 7.977842, -0.180136, 0.180136, -0.048955, -6.309079, 
28.826000, 0.999826, -0.018600, -0.000039, 0.001222, 0.000097, -0.230539, 0.039418, 5.012813, 0.000760, -0.002116, 0.002199, 25.010248, 10.102089, 0.203233, -0.203233, -0.037202, 5.012813, 
28.838000, 0.999465, -0.032683, -0.000057, 0.001228, 0.000100, -0.231676, 0.039417, -6.423698, -0.000316, 0.002950, 0.000343, -26.205831, 7.644068, -0.179169, 0.179169, -0.065377, -6.423698, 
28.850000, 0.999622, -0.027465, -0.000048, 0.001226, 0.000099, -0.231390, 0.039415, 4.906409, 0.000699, -0.002071, 0.002143, 24.904147, 10.494907, 0.202902, -0.202902, -0.054936, 4.906409, 
28.862000, 0.999118, -0.041984, -0.000067, 0.001233, 0.000102, -0.232555, 0.039414, -6.478799, -0.000472, 0.002902, 0.000359, -26.173238, 7.261382, -0.178934, 0.178934, -0.083994, -6.478799, 
28.874000, 0.999310, -0.037126, -0.000060, 0.001231, 0.000101, -0.232281, 0.039408, 4.844403, 0.000611, -0.002067, 0.002125, 24.747279, 10.915642, 0.202056, -0.202056, -0.074270, 4.844403, 
28.886000, 0.998653, -0.051868, -0.000080, 0.001237, 0.000104, -0.233441, 0.039412, -6.502941, -0.000593, 0.002889, 0.000511, -26.165295, 6.838802, -0.179137, 0.179137, -0.103782, -6.502941, 
28.898000, 0.998883, -0.047235, -0.000073, 0.001235, 0.000103, -0.233154, 0.039402, 4.800470, 0.000593, -0.002071, 0.002184, 24.548585, 11.343102, 0.188752, -0.188752, -0.094506, 4.800470, 
28.910000, 0.998192, -0.060093, -0.000090, 0.001240, 0.000106, -0.234141, 0.039399, -5.993711, -0.000550, 0.002687, 0.000548, -25.019357, 6.529883, -0.182495, 0.182495, -0.120258, -5.993711, 
28.922000, 0.998588, -0.053101, -0.000080, 0.001238, 0.000104, -0.233639, 0.039376, 5.132539, 0.000631, -0.002110, 0.002206, 24.052434, 11.684311, 0.185336, -0.185336, -0.106252, 5.132539, 
28.934000, 0.997930, -0.064295, -0.000095, 0.001243, 0.000107, -0.234458, 0.039377, -5.746456, -0.000552, 0.002641, 0.000446, -25.241530, 6.361018, -0.184692, 0.184692, -0.128680, -5.746456, 
28.946000, 0.998421, -0.056158, -0.000084, 0.001241, 0.000105, -0.233822, 0.039360, 5.294502, 0.000625, -0.002064, 0.002105, 23.819007, 11.820408, 0.183132, -0.183132, -0.112376, 5.294502, 
28.958000, 0.997784, -0.066530, -0.000094, 0.001246, 0.000106, -0.234526, 0.039372, -5.622418, -0.000389, 0.002501, 0.003897, -25.332274, 6.222781, -0.186167, 0.186167, -0.133158, -5.622418, 
28.970000, 0.998325, -0.057840, -0.000083, 0.001243, 0.000104, -0.233792, 0.039360, 5.370193, 0.000399, -0.002082, 0.002917, 23.689663, 11.860258, 0.181428, -0.181428, -0.115744, 5.370193, 
28.982000, 0.997699, -0.067792, -0.000092, 0.001247, 0.000104, -0.234407, 0.039376, -5.555271, -0.000420, 0.002308, 0.005603, -25.353351, 6.136708, -0.187160, 0.187160, -0.135688, -5.555271, 
28.994000, 0.998266, -0.058844, -0.000081, 0.001244, 0.000101, -0.233594, 0.039363, 5.400400, 0.000120, -0.002126, 0.003292, 23.594763, 11.881149, 0.179875, -0.179875, -0.117756, 5.400400, 
29.006000, 0.997645, -0.068576, -0.000092, 0.001248, 0.000101, -0.234132, 0.039378, -5.514910, -0.000685, 0.002208, 0.005942, -25.334695, 6.098162, -0.199896, 0.199896, -0.137259, -5.514910, 
29.018000, 0.998344, -0.057519, -0.000080, 0.001244, 0.000098, -0.233105, 0.039373, 5.924687, -0.000051, -0.002350, 0.003553, 24.674945, 12.022650, 0.175376, -0.175376, -0.115102, 5.924687, 
29.030000, 0.997911, -0.064592, -0.000088, 0.001247, 0.000097, -0.233391, 0.039398, -5.114646, -0.000807, 0.002152, 0.006399, -25.579241, 6.115820, -0.202046, 0.202046, -0.129275, -5.114646, 
29.042000, 0.998660, -0.051740, -0.000074, 0.001243, 0.000093, -0.232180, 0.039391, 6.168353, -0.000088, -0.002395, 0.003999, 24.428729, 11.703872, 0.172511, -0.172511, -0.103527, 6.168353, 
29.054000, 0.998345, -0.057493, -0.000080, 0.001247, 0.000092, -0.232320, 0.039406, -4.905812, -0.000784, 0.002215, 0.006560, -25.602167, 6.401974, -0.202889, 0.202889, -0.115050, -4.905812, 
29.066000, 0.999042, -0.043734, -0.000065, 0.001243, 0.000088, -0.231000, 0.039394, 6.286760, -0.000045, -0.002364, 0.004265, 24.356891, 11.373991, 0.170946, -0.170946, -0.087496, 6.286760, 
29.078000, 0.998807, -0.048826, -0.000075, 0.001248, 0.000087, -0.231055, 0.039398, -4.799098, -0.001019, 0.002465, 0.004036, -25.564185, 6.810647, -0.203244, 0.203244, -0.097691, -4.799098, 
29.090000, 0.999401, -0.034575, -0.000058, 0.001244, 0.000083, -0.229669, 0.039387, 6.353393, 0.000146, -0.002305, 0.004047, 24.404392, 11.016711, 0.170484, -0.170484, -0.069163, 6.353393, 
29.102000, 0.999225, -0.039333, -0.000068, 0.001250, 0.000083, -0.229678, 0.039388, -4.748940, -0.000714, 0.002733, 0.001422, -25.521571, 7.237976, -0.203417, 0.203417, -0.078686, -4.748940, 
29.114000, 0.999692, -0.024796, -0.000049, 0.001248, 0.000079, -0.228257, 0.039384, 6.397511, 0.000551, -0.002198, 0.003118, 24.527784, 10.611810, 0.170797, -0.170797, -0.049598, 6.397511, 
29.126000, 0.999568, -0.029375, -0.000056, 0.001255, 0.000079, -0.228248, 0.039384, -4.726569, -0.000325, 0.002799, 0.000670, -25.477746, 7.663030, -0.191327, 0.191327, -0.058759, -4.726569, 
29.138000, 0.999860, -0.016670, -0.000037, 0.001253, 0.000076, -0.226962, 0.039375, 5.910715, 0.000708, -0.001904, 0.002639, 23.526510, 10.141714, 0.174521, -0.174521, -0.033342, 5.910715, 
29.150000, 0.999719, -0.023683, -0.000046, 0.001260, 0.000076, -0.227137, 0.039363, -5.088116, -0.000205, 0.002800, 0.000017, -25.146482, 8.036938, -0.189348, 0.189348, -0.047370, -5.088116, 
29.162000, 0.999920, -0.012600, -0.000030, 0.001259, 0.000073, -0.225980, 0.039360, 5.689182, 0.000644, -0.001822, 0.002190, 23.888348, 10.012498, 0.177115, -0.177115, -0.025201, 5.689182, 
29.174000, 0.999783, -0.020817, -0.000041, 0.001266, 0.000074, -0.226258, 0.039354, -5.278087, -0.000295, 0.002719, -0.000208, -25.054343, 8.182895, -0.188573, 0.188573, -0.041636, -5.278087, 
29.186000, 0.999944, -0.010513, -0.000026, 0.001264, 0.000071, -0.225176, 0.039359, 5.591614, 0.000514, -0.001845, 0.002117, 24.114837, 9.908956, 0.178985, -0.178985, -0.021026, 5.591614, 
29.198000, 0.999812, -0.019335, -0.000039, 0.001271, 0.000072, -0.225519, 0.039356, -5.381357, -0.000399, 0.002674, -0.000126, -25.054209, 8.231861, -0.188302, 0.188302, -0.038672, -5.381357, 
29.210000, 0.999955, -0.009406, -0.000025, 0.001269, 0.000069, -0.224488, 0.039365, 5.551033, 0.000441, -0.001902, 0.002237, 24.264750, 9.844137, 0.180359, -0.180359, -0.018812, 5.551033, 
29.222000, 0.999827, -0.018535, -0.000038, 0.001276, 0.000070, -0.224876, 0.039362, -5.438642, -0.000437, 0.002664, 0.000032, -25.084438, 8.254666, -0.188175, 0.188175, -0.037072, -5.438642, 
29.234000, 0.999961, -0.008784, -0.000025, 0.001273, 0.000068, -0.223882, 0.039370, 5.536314, 0.000437, -0.001953, 0.002358, 24.365459, 9.811704, 0.181416, -0.181416, -0.017568, 5.536314, 
29.246000, 0.999836, -0.018072, -0.000038, 0.001280, 0.000069, -0.224307, 0.039367, -5.471722, -0.000424, 0.002664, 0.000133, -25.121605, 8.271358, -0.188071, 0.188071, -0.036145, -5.471722, 
29.258000, 0.999964, -0.008401, -0.000025, 0.001278, 0.000066, -0.223345, 0.039374, 5.533546, 0.000462, -0.001987, 0.002408, 24.436741, 9.796122, 0.182289, -0.182289, -0.016803, 5.533546, 
29.270000, 0.999841, -0.017774, -0.000038, 0.001284, 0.000067, -0.223803, 0.039369, -5.492322, -0.000401, 0.002664, 0.000159, -25.158893, 8.283667, -0.187961, 0.187961, -0.035551, -5.492322, 
29.282000, 0.999966, -0.008137, -0.000024, 0.001282, 0.000065, -0.222870, 0.039376, 5.536311, 0.000483, -0.002005, 0.002404, 24.491398, 9.786324, 0.183061, -0.183061, -0.016274, 5.536311, 
29.294000, 0.999845, -0.017558, -0.000038, 0.001288, 0.000066, -0.223357, 0.039371, -5.506361, -0.000389, 0.002663, 0.000149, -25.194286, 8.291731, -0.187833, 0.187833, -0.035119, -5.506361, 
29.306000, 0.999968, -0.007931, -0.000024, 0.001286, 0.000064, -0.222452, 0.039378, 5.541379, 0.000491, -0.002015, 0.002386, 24.535983, 9.777951, 0.183770, -0.183770, -0.015862, 5.541379, 
29.318000, 0.999848, -0.017382, -0.000038, 0.001292, 0.000065, -0.222969, 0.039373, -5.516661, -0.000389, 0.002663, 0.000139, -25.226631, 8.297170, -0.187678, 0.187678, -0.034765, -5.516661, 
29.330000, 0.999969, -0.007754, -0.000024, 0.001289, 0.000062, -0.222090, 0.039380, 5.547073, 0.000491, -0.002022, 0.002377, 24.573379, 9.770182, 0.184432, -0.184432, -0.015508, 5.547073, 
29.342000, 0.999851, -0.017223, -0.000038, 0.001296, 0.000064, -0.222636, 0.039374, -5.524592, -0.000393, 0.002665, 0.000139, -25.255207, 8.301698, -0.187490, 0.187490, -0.034447, -5.524592, 
29.354000, 0.999970, -0.007591, -0.000024, 0.001293, 0.000062, -0.221785, 0.039381, 5.552587, 0.000489, -0.002028, 0.002379, 24.605010, 9.762989, 0.185056, -0.185056, -0.015181, 5.552587, 
29.366000, 0.999853, -0.017072, -0.000037, 0.001300, 0.000063, -0.222359, 0.039376, -5.530891, -0.000397, 0.002668, 0.000148, -25.279835, 8.306225, -0.187268, 0.187268, -0.034146, -5.530891, 
29.378000, 0.999972, -0.007434, -0.000024, 0.001297, 0.000061, -0.221536, 0.039382, 5.557593, 0.000489, -0.002034, 0.002385, 24.631862, 9.756227, 0.185649, -0.185649, -0.014868, 5.557593, 
29.390000, 0.999856, -0.016925, -0.000037, 0.001304, 0.000062, -0.222139, 0.039377, -5.535999, -0.000398, 0.002671, 0.000156, -25.300733, 8.311008, -0.187016, 0.187016, -0.033851, -5.535999, 
29.402000, 0.999973, -0.007280, -0.000024, 0.001301, 0.000060, -0.221344, 0.039383, 5.561997, 0.000490, -0.002038, 0.002391, 24.654736, 9.749674, 0.186218, -0.186218, -0.014560, 5.561997, 
29.414000, 0.999858, -0.016777, -0.000037, 0.001307, 0.000062, -0.221975, 0.039378, -5.540191, -0.000398, 0.002674, 0.000163, -25.318276, 8.316048, -0.186735, 0.186735, -0.033557, -5.540191, 
29.426000, 0.999974, -0.007127, -0.000023, 0.001305, 0.000060, -0.221208, 0.039384, 5.565802, 0.000492, -0.002042, 0.002394, 24.674261, 9.743173, 0.186765, -0.186765, -0.014254, 5.565802, 
29.438000, 0.999861, -0.016630, -0.000037, 0.001311, 0.000061, -0.221868, 0.039378, -5.543647, -0.000397, 0.002676, 0.000166, -25.332851, 8.321323, -0.186428, 0.186428, -0.033261, -5.543647, 
29.450000, 0.999975, -0.006974, -0.000023, 0.001309, 0.000059, -0.221129, 0.039385, 5.569045, 0.000494, -0.002045, 0.002396, 24.690925, 9.736661, 0.187296, -0.187296, -0.013948, 5.569045, 
29.462000, 0.999863, -0.016481, -0.000037, 0.001315, 0.000061, -0.221819, 0.039379, -5.546487, -0.000397, 0.002678, 0.000168, -25.344809, 8.326826, -0.186099, 0.186099, -0.032963, -5.546487, 
29.474000, 0.999976, -0.006821, -0.000023, 0.001312, 0.000059, -0.221108, 0.039386, 5.571776, 0.000495, -0.002047, 0.002398, 24.705113, 9.730122, 0.187812, -0.187812, -0.013642, 5.571776, 
29.486000, 0.999866, -0.016330, -0.000037, 0.001319, 0.000061, -0.221827, 0.039380, -5.548804, -0.000397, 0.002679, 0.000170, -25.354462, 8.332557, -0.185749, 0.185749, -0.032662, -5.548804, 
29.498000, 0.999977, -0.006666, -0.000023, 0.001316, 0.000059, -0.221146, 0.039386, 5.574050, 0.000495, -0.002049, 0.002400, 24.717150, 9.723551, 0.188317, -0.188317, -0.013333, 5.574050, 
29.510000, 0.999868, -0.016179, -0.000037, 0.001323, 0.000061, -0.221894, 0.039380, -5.550670, -0.000397, 0.002680, 0.000172, -25.362089, 8.338505, -0.185381, 0.185381, -0.032359, -5.550670, 
29.522000, 0.999978, -0.006511, -0.000023, 0.001320, 0.000059, -0.221242, 0.039387, 5.575920, 0.000496, -0.002051, 0.002402, 24.727314, 9.716944, 0.200709, -0.200709, -0.013022, 5.575920, 
29.534000, 0.999837, -0.018006, -0.000040, 0.001327, 0.000061, -0.222163, 0.039390, -6.063802, -0.000480, 0.002894, 0.000279, -26.515951, 8.293709, -0.182024, 0.182024, -0.036013, -6.063802, 
29.546000, 0.999940, -0.010858, -0.000032, 0.001324, 0.000061, -0.221719, 0.039407, 5.206956, 0.000329, -0.002191, -0.000604, 25.002616, 9.787388, 0.202694, -0.202694, -0.021717, 5.206956, 
29.558000, 0.999709, -0.024071, -0.000051, 0.001331, 0.000064, -0.222785, 0.039411, -6.304919, -0.000319, 0.002989, -0.000211, -26.289188, 7.996124, -0.180054, 0.180054, -0.048146, -6.304919, 
29.570000, 0.999834, -0.018186, -0.000041, 0.001329, 0.000063, -0.222449, 0.039418, 5.012910, 0.000790, -0.002114, 0.002059, 25.006842, 10.084301, 0.203176, -0.203176, -0.036375, 5.012910, 
29.582000, 0.999479, -0.032252, -0.000060, 0.001336, 0.000066, -0.223588, 0.039416, -6.419304, -0.000304, 0.002957, 0.000268, -26.192757, 7.663689, -0.179081, 0.179081, -0.064515, -6.419304, 
29.594000, 0.999634, -0.027022, -0.000051, 0.001334, 0.000065, -0.223302, 0.039414, 4.907012, 0.000724, -0.002061, 0.002113, 24.902007, 10.476317, 0.202865, -0.202865, -0.054051, 4.907012, 
29.606000, 0.999137, -0.041524, -0.000071, 0.001340, 0.000069, -0.224468, 0.039414, -6.474564, -0.000477, 0.002906, 0.000313, -26.161735, 7.282466, -0.178846, 0.178846, -0.083073, -6.474564, 
29.618000, 0.999327, -0.036653, -0.000063, 0.001338, 0.000068, -0.224197, 0.039408, 4.845600, 0.000619, -0.002056, 0.002116, 24.747579, 10.895792, 0.202047, -0.202047, -0.073322, 4.845600, 
29.630000, 0.998678, -0.051377, -0.000084, 0.001345, 0.000071, -0.225359, 0.039411, -6.499153, -0.000609, 0.002894, 0.000486, -26.156184, 6.860987, -0.179055, 0.179055, -0.102799, -6.499153, 
29.642000, 0.998907, -0.046729, -0.000077, 0.001342, 0.000070, -0.225074, 0.039402, 4.802395, 0.000595, -0.002063, 0.002198, 24.552338, 11.321892, 0.188812, -0.188812, -0.093492, 4.802395, 
29.654000, 0.998223, -0.059576, -0.000096, 0.001348, 0.000073, -0.226065, 0.039398, -5.992006, -0.000566, 0.002695, 0.000530, -25.016210, 6.551650, -0.182416, 0.182416, -0.119223, -5.992006, 
29.666000, 0.998616, -0.052574, -0.000085, 0.001345, 0.000071, -0.225567, 0.039376, 5.134246, 0.000634, -0.002103, 0.002241, 24.060908, 11.662136, 0.185441, -0.185441, -0.105196, 5.134246, 
29.678000, 0.997964, -0.063763, -0.000101, 0.001351, 0.000074, -0.226391, 0.039377, -5.746149, -0.000563, 0.002652, 0.000424, -25.240893, 6.383150, -0.184618, 0.184618, -0.127613, -5.746149, 
29.690000, 0.998451, -0.055618, -0.000089, 0.001348, 0.000072, -0.225759, 0.039360, 5.296467, 0.000632, -0.002058, 0.002135, 23.831450, 11.798002, 0.183279, -0.183279, -0.111293, 5.296467, 
29.702000, 0.997819, -0.065988, -0.000101, 0.001353, 0.000073, -0.226470, 0.039372, -5.623207, -0.000445, 0.002529, 0.003808, -25.334732, 6.245974, -0.186104, 0.186104, -0.132073, -5.623207, 
29.714000, 0.998357, -0.057290, -0.000089, 0.001351, 0.000071, -0.225742, 0.039360, 5.372713, 0.000413, -0.002077, 0.003003, 23.705913, 11.838505, 0.181617, -0.181617, -0.114642, 5.372713, 
29.726000, 0.997736, -0.067243, -0.000099, 0.001355, 0.000071, -0.226364, 0.039376, -5.557011, -0.000431, 0.002344, 0.005705, -25.359135, 6.159979, -0.187108, 0.187108, -0.134588, -5.557011, 
29.738000, 0.998299, -0.058287, -0.000087, 0.001352, 0.000068, -0.225558, 0.039363, 5.403599, 0.000154, -0.002118, 0.003405, 23.614749, 11.859488, 0.180105, -0.180105, -0.116639, 5.403599, 
29.750000, 0.997683, -0.068022, -0.000098, 0.001356, 0.000068, -0.226104, 0.039379, -5.517488, -0.000623, 0.002211, 0.006372, -25.343746, 6.121090, -0.199881, 0.199881, -0.136149, -5.517488, 
29.762000, 0.998376, -0.056951, -0.000085, 0.001352, 0.000065, -0.225085, 0.039373, 5.929714, -0.000040, -0.002345, 0.003633, 24.700900, 11.999994, 0.175640, -0.175640, -0.113963, 5.929714, 
29.774000, 0.997948, -0.064023, -0.000093, 0.001355, 0.000064, -0.225379, 0.039398, -5.117116, -0.000780, 0.002109, 0.006868, -25.591763, 6.138555, -0.202041, 0.202041, -0.128133, -5.117116, 
29.786000, 0.998690, -0.051152, -0.000077, 0.001351, 0.000060, -0.224176, 0.039392, 6.174417, -0.000135, -0.002398, 0.004073, 24.456695, 11.680387, 0.172803, -0.172803, -0.102349, 6.174417, 
29.798000, 0.998379, -0.056902, -0.000084, 0.001355, 0.000058, -0.224326, 0.039406, -4.908259, -0.000808, 0.002154, 0.007060, -25.616418, 6.425375, -0.202883, 0.202883, -0.113865, -4.908259, 
29.810000, 0.999069, -0.043122, -0.000068, 0.001351, 0.000054, -0.223015, 0.039395, 6.293323, -0.000127, -0.002376, 0.004401, 24.385908, 11.349455, 0.171260, -0.171260, -0.086270, 6.293323, 
29.822000, 0.998836, -0.048209, -0.000079, 0.001355, 0.000053, -0.223081, 0.039398, -4.801420, -0.001125, 0.002449, 0.003956, -25.578653, 6.835060, -0.203225, 0.203225, -0.096455, -4.801420, 
29.834000, 0.999423, -0.033936, -0.000061, 0.001352, 0.000049, -0.221705, 0.039388, 6.360049, 0.000102, -0.002319, 0.004135, 24.433304, 10.990712, 0.170812, -0.170812, -0.067885, 6.360049, 
29.846000, 0.999250, -0.038688, -0.000072, 0.001358, 0.000049, -0.221726, 0.039389, -4.750941, -0.000744, 0.002750, 0.001497, -25.534896, 7.263515, -0.203373, 0.203373, -0.077396, -4.750941, 
29.858000, 0.999708, -0.024130, -0.000051, 0.001355, 0.000045, -0.220317, 0.039385, 6.403886, 0.000564, -0.002207, 0.003212, 24.555248, 10.584078, 0.171130, -0.171130, -0.048265, 6.403886, 
29.870000, 0.999587, -0.028701, -0.000058, 0.001362, 0.000045, -0.220320, 0.039385, -4.728002, -0.000317, 0.002819, 0.000699, -25.488547, 7.690243, -0.191221, 0.191221, -0.057411, -4.728002, 
29.882000, 0.999871, -0.015981, -0.000038, 0.001361, 0.000041, -0.219047, 0.039376, 5.915381, 0.000738, -0.001904, 0.002684, 23.549016, 10.113793, 0.174857, -0.174857, -0.031963, 5.915381, 
29.894000, 0.999735, -0.022989, -0.000048, 0.001368, 0.000042, -0.219236, 0.039364, -5.089619, -0.000193, 0.002814, -0.000017, -25.153286, 8.065772, -0.189195, 0.189195, -0.045983, -5.089619, 
29.906000, 0.999928, -0.011897, -0.000030, 0.001367, 0.000039, -0.218094, 0.039361, 5.692631, 0.000667, -0.001816, 0.002200, 23.908427, 9.983698, 0.177450, -0.177450, -0.023794, 5.692631, 
29.918000, 0.999797, -0.020110, -0.000042, 0.001374, 0.000040, -0.218387, 0.039354, -5.279273, -0.000294, 0.002728, -0.000260, -25.057548, 8.212680, -0.188376, 0.188376, -0.040223, -5.279273, 
29.930000, 0.999951, -0.009799, -0.000026, 0.001372, 0.000036, -0.217321, 0.039359, 5.594117, 0.000525, -0.001837, 0.002124, 24.132154, 9.879366, 0.179316, -0.179316, -0.019598, 5.594117, 
29.942000, 0.999826, -0.018618, -0.000040, 0.001379, 0.000038, -0.217681, 0.039357, -5.382046, -0.000408, 0.002682, -0.000169, -25.054099, 8.262249, -0.188063, 0.188063, -0.037238, -5.382046, 
29.954000, 0.999961, -0.008684, -0.000025, 0.001377, 0.000035, -0.216666, 0.039365, 5.552740, 0.000447, -0.001894, 0.002255, 24.279243, 9.813958, 0.180688, -0.180688, -0.017367, 5.552740, 
29.966000, 0.999840, -0.017809, -0.000039, 0.001384, 0.000036, -0.217073, 0.039362, -5.438762, -0.000448, 0.002671, 0.000004, -25.081217, 8.285612, -0.187895, 0.187895, -0.035621, -5.438762, 
29.978000, 0.999967, -0.008054, -0.000025, 0.001382, 0.000033, -0.216098, 0.039371, 5.537326, 0.000442, -0.001946, 0.002385, 24.377217, 9.781115, 0.181742, -0.181742, -0.016109, 5.537326, 
29.990000, 0.999849, -0.017338, -0.000039, 0.001388, 0.000034, -0.216542, 0.039367, -5.471271, -0.000434, 0.002672, 0.000112, -25.115500, 8.302878, -0.187751, 0.187751, -0.034679, -5.471271, 
30.002000, 0.999970, -0.007665, -0.000025, 0.001386, 0.000031, -0.215600, 0.039374, 5.533946, 0.000469, -0.001979, 0.002438, 24.445950, 9.765204, 0.182615, -0.182615, -0.015331, 5.533946, 
30.014000, 0.999854, -0.017034, -0.000039, 0.001392, 0.000033, -0.216078, 0.039369, -5.491330, -0.000409, 0.002672, 0.000139, -25.150160, 8.315751, -0.187603, 0.187603, -0.034069, -5.491330, 
30.026000, 0.999972, -0.007394, -0.000024, 0.001390, 0.000030, -0.215166, 0.039376, 5.536171, 0.000492, -0.001997, 0.002432, 24.498293, 9.755095, 0.183389, -0.183389, -0.014789, 5.536171, 
30.038000, 0.999858, -0.016810, -0.000039, 0.001396, 0.000031, -0.215675, 0.039371, -5.504873, -0.000395, 0.002670, 0.000127, -25.183188, 8.324345, -0.187439, 0.187439, -0.033622, -5.504873, 
30.050000, 0.999973, -0.007182, -0.000024, 0.001394, 0.000029, -0.214793, 0.039378, 5.540761, 0.000500, -0.002007, 0.002412, 24.540803, 9.746413, 0.184101, -0.184101, -0.014364, 5.540761, 
30.062000, 0.999861, -0.016626, -0.000039, 0.001400, 0.000030, -0.215333, 0.039372, -5.514724, -0.000395, 0.002669, 0.000115, -25.213410, 8.330281, -0.187249, 0.187249, -0.033254, -5.514724, 
30.074000, 0.999975, -0.006998, -0.000024, 0.001398, 0.000028, -0.214479, 0.039379, 5.546032, 0.000500, -0.002013, 0.002401, 24.576346, 9.738335, 0.184768, -0.184768, -0.013996, 5.546032, 
30.086000, 0.999864, -0.016460, -0.000038, 0.001404, 0.000029, -0.215048, 0.039374, -5.522250, -0.000400, 0.002670, 0.000115, -25.240079, 8.335282, -0.187028, 0.187028, -0.032922, -5.522250, 
30.098000, 0.999976, -0.006828, -0.000024, 0.001402, 0.000027, -0.214223, 0.039381, 5.551167, 0.000497, -0.002019, 0.002403, 24.606323, 9.730836, 0.185399, -0.185399, -0.013657, 5.551167, 
30.110000, 0.999866, -0.016302, -0.000038, 0.001408, 0.000028, -0.214823, 0.039375, -5.528183, -0.000404, 0.002673, 0.000124, -25.262989, 8.340268, -0.186775, 0.186775, -0.032606, -5.528183, 
30.122000, 0.999977, -0.006665, -0.000023, 0.001406, 0.000026, -0.214027, 0.039382, 5.555835, 0.000497, -0.002024, 0.002409, 24.631701, 9.723771, 0.186001, -0.186001, -0.013330, 5.555835, 
30.134000, 0.999869, -0.016147, -0.000038, 0.001412, 0.000028, -0.214656, 0.039376, -5.532962, -0.000405, 0.002676, 0.000133, -25.282335, 8.345494, -0.186491, 0.186491, -0.032296, -5.532962, 
30.146000, 0.999978, -0.006504, -0.000023, 0.001410, 0.000025, -0.213889, 0.039383, 5.559937, 0.000498, -0.002029, 0.002415, 24.653258, 9.716915, 0.186579, -0.186579, -0.013008, 5.559937, 
30.158000, 0.999871, -0.015993, -0.000038, 0.001416, 0.000027, -0.214549, 0.039377, -5.536857, -0.000405, 0.002679, 0.000139, -25.298474, 8.350966, -0.186181, 0.186181, -0.031987, -5.536857, 
30.170000, 0.999979, -0.006344, -0.000023, 0.001414, 0.000025, -0.213811, 0.039384, 5.563469, 0.000500, -0.002032, 0.002418, 24.671606, 9.710112, 0.187138, -0.187138, -0.012689, 5.563469, 
30.182000, 0.999874, -0.015838, -0.000038, 0.001420, 0.000027, -0.214501, 0.039378, -5.540043, -0.000404, 0.002681, 0.000143, -25.311772, 8.356660, -0.185845, 0.185845, -0.031677, -5.540043, 
30.194000, 0.999980, -0.006184, -0.000023, 0.001418, 0.000025, -0.213793, 0.039385, 5.566465, 0.000502, -0.002035, 0.002420, 24.687212, 9.703295, 0.187680, -0.187680, -0.012369, 5.566465, 
30.206000, 0.999876, -0.015681, -0.000038, 0.001424, 0.000027, -0.214514, 0.039378, -5.542639, -0.000404, 0.002682, 0.000145, -25.322562, 8.362576, -0.185488, 0.185488, -0.031364, -5.542639, 
30.218000, 0.999981, -0.006024, -0.000023, 0.001422, 0.000025, -0.213836, 0.039385, 5.568972, 0.000503, -0.002037, 0.002421, 24.700447, 9.696451, 0.188210, -0.188210, -0.012048, 5.568972, 
30.230000, 0.999878, -0.015524, -0.000038, 0.001428, 0.000027, -0.214587, 0.039379, -5.544731, -0.000404, 0.002683, 0.000147, -25.331142, 8.368710, -0.185110, 0.185110, -0.031048, -5.544731, 
30.242000, 0.999982, -0.005862, -0.000022, 0.001425, 0.000025, -0.213939, 0.039386, 5.571042, 0.000503, -0.002039, 0.002423, 24.711621, 9.689573, 0.200535, -0.200535, -0.011725, 5.571042, 
30.254000, 0.999849, -0.017330, -0.000041, 0.001433, 0.000028, -0.214863, 0.039389, -6.054205, -0.000487, 0.002896, 0.000263, -26.477516, 8.325773, -0.181765, 0.181765, -0.034661, -6.054205, 
30.266000, 0.999947, -0.010169, -0.000033, 0.001430, 0.000027, -0.214424, 0.039406, 5.205051, 0.000322, -0.002196, -0.000863, 24.986079, 9.758126, 0.202532, -0.202532, -0.020339, 5.205051, 
30.278000, 0.999726, -0.023342, -0.000053, 0.001437, 0.000030, -0.215493, 0.039410, -6.293762, -0.000310, 0.002992, -0.000288, -26.253806, 8.030009, -0.179798, 0.179798, -0.046689, -6.293762, 
30.290000, 0.999847, -0.017435, -0.000042, 0.001434, 0.000030, -0.215162, 0.039417, 5.012818, 0.000807, -0.002127, 0.001709, 24.992108, 10.052055, 0.203043, -0.203043, -0.034871, 5.012818, 
30.302000, 0.999504, -0.031456, -0.000063, 0.001441, 0.000033, -0.216304, 0.039415, -6.407708, -0.000273, 0.002960, 0.000141, -26.160271, 7.700256, -0.178828, 0.178828, -0.062922, -6.407708, 
30.314000, 0.999656, -0.026196, -0.000052, 0.001439, 0.000032, -0.216024, 0.039413, 4.908335, 0.000767, -0.002055, 0.002067, 24.890920, 10.441634, 0.202776, -0.202776, -0.052397, 4.908335, 
30.326000, 0.999172, -0.040652, -0.000074, 0.001446, 0.000036, -0.217196, 0.039412, -6.463334, -0.000461, 0.002903, 0.000240, -26.133231, 7.322761, -0.178601, 0.178601, -0.081326, -6.463334, 
30.338000, 0.999360, -0.035745, -0.000065, 0.001443, 0.000035, -0.216931, 0.039407, 4.848352, 0.000634, -0.002043, 0.002085, 24.742223, 10.857839, 0.202019, -0.202019, -0.071506, 4.848352, 
30.350000, 0.998727, -0.050424, -0.000088, 0.001450, 0.000038, -0.218101, 0.039410, -6.488869, -0.000617, 0.002890, 0.000434, -26.132968, 6.904398, -0.178826, 0.178826, -0.100892, -6.488869, 
30.362000, 0.998952, -0.045737, -0.000080, 0.001448, 0.000037, -0.217824, 0.039401, 4.806766, 0.000593, -0.002052, 0.002195, 24.554624, 11.280409, 0.188948, -0.188948, -0.091506, 4.806766, 
30.374000, 0.998283, -0.058556, -0.000100, 0.001453, 0.000040, -0.218825, 0.039397, -5.986938, -0.000583, 0.002697, 0.000496, -25.007479, 6.594933, -0.182187, 0.182187, -0.117179, -5.986938, 
30.386000, 0.998670, -0.051529, -0.000089, 0.001451, 0.000039, -0.218338, 0.039376, 5.137590, 0.000630, -0.002096, 0.002273, 24.073820, 11.618015, 0.185674, -0.185674, -0.103104, 5.137590, 
30.398000, 0.998031, -0.062706, -0.000107, 0.001456, 0.000041, -0.219175, 0.039377, -5.744396, -0.000577, 0.002659, 0.000408, -25.236952, 6.427405, -0.184401, 0.184401, -0.125494, -5.744396, 
30.410000, 0.998510, -0.054541, -0.000093, 0.001454, 0.000039, -0.218557, 0.039361, 5.300042, 0.000633, -0.002053, 0.002177, 23.852893, 11.753110, 0.183598, -0.183598, -0.109137, 5.300042, 
30.422000, 0.997890, -0.064908, -0.000108, 0.001459, 0.000041, -0.219283, 0.039372, -5.623912, -0.000504, 0.002570, 0.003294, -25.336930, 6.292652, -0.185906, 0.185906, -0.129907, -5.623912, 
30.434000, 0.998419, -0.056192, -0.000094, 0.001457, 0.000038, -0.218570, 0.039360, 5.377277, 0.000452, -0.002064, 0.002962, 23.735326, 11.794889, 0.182022, -0.182022, -0.112444, 5.377277, 
30.446000, 0.997809, -0.066148, -0.000106, 0.001461, 0.000039, -0.219210, 0.039376, -5.559774, -0.000477, 0.002418, 0.005386, -25.368073, 6.207015, -0.186934, 0.186934, -0.132392, -5.559774, 
30.458000, 0.998363, -0.057173, -0.000093, 0.001459, 0.000036, -0.218421, 0.039364, 5.409491, 0.000224, -0.002101, 0.003458, 23.651924, 11.816057, 0.180595, -0.180595, -0.114408, 5.409491, 
30.470000, 0.997758, -0.066914, -0.000105, 0.001463, 0.000037, -0.218987, 0.039379, -5.522018, -0.000628, 0.002297, 0.006163, -25.359308, 6.167210, -0.199609, 0.199609, -0.133928, -5.522018, 
30.482000, 0.998439, -0.055843, -0.000090, 0.001459, 0.000033, -0.217988, 0.039374, 5.931827, 0.000050, -0.002324, 0.003673, 24.733504, 11.952672, 0.176242, -0.176242, -0.111744, 5.931827, 
30.494000, 0.998016, -0.062949, -0.000098, 0.001462, 0.000032, -0.218307, 0.039398, -5.126860, -0.000656, 0.002132, 0.007299, -25.610372, 6.184002, -0.201770, 0.201770, -0.125981, -5.126860, 
30.506000, 0.998743, -0.050095, -0.000081, 0.001458, 0.000028, -0.217128, 0.039393, 6.175103, -0.000089, -0.002378, 0.004091, 24.496121, 11.636571, 0.173485, -0.173485, -0.100231, 6.175103, 
30.518000, 0.998436, -0.055892, -0.000087, 0.001462, 0.000026, -0.217304, 0.039407, -4.920787, -0.000765, 0.002107, 0.007444, -25.637922, 6.467963, -0.202607, 0.202607, -0.111842, -4.920787, 
30.530000, 0.999111, -0.042137, -0.000070, 0.001458, 0.000022, -0.216019, 0.039396, 6.293325, -0.000178, -0.002369, 0.004415, 24.428199, 11.308739, 0.171992, -0.171992, -0.084299, 6.293325, 
30.542000, 0.998881, -0.047278, -0.000082, 0.001462, 0.000021, -0.216114, 0.039399, -4.815210, -0.001234, 0.002435, 0.003572, -25.601361, 6.873699, -0.202932, 0.202932, -0.094591, -4.815210, 
30.554000, 0.999453, -0.033036, -0.000064, 0.001459, 0.000016, -0.214766, 0.039389, 6.359393, 0.000056, -0.002322, 0.004097, 24.475085, 10.952720, 0.171568, -0.171568, -0.066083, 6.359393, 
30.566000, 0.999283, -0.037843, -0.000075, 0.001465, 0.000016, -0.214818, 0.039390, -4.764949, -0.000781, 0.002765, 0.001516, -25.556795, 7.297790, -0.203047, 0.203047, -0.075705, -4.764949, 
30.578000, 0.999727, -0.023321, -0.000053, 0.001462, 0.000012, -0.213438, 0.039386, 6.402289, 0.000567, -0.002212, 0.003279, 24.593541, 10.548818, 0.171886, -0.171886, -0.046646, 6.402289, 
30.590000, 0.999608, -0.027948, -0.000061, 0.001469, 0.000012, -0.213473, 0.039386, -4.741529, -0.000321, 0.002837, 0.000724, -25.507735, 7.721191, -0.190971, 0.190971, -0.055903, -4.741529, 
30.602000, 0.999883, -0.015246, -0.000039, 0.001468, 0.000008, -0.212231, 0.039377, 5.917801, 0.000759, -0.001906, 0.002733, 23.593699, 10.084040, 0.175568, -0.175568, -0.030493, 5.917801, 
30.614000, 0.999751, -0.022284, -0.000050, 0.001475, 0.000009, -0.212451, 0.039365, -5.098613, -0.000187, 0.002828, -0.000034, -25.171670, 8.094139, -0.188913, 0.188913, -0.044572, -5.098613, 
30.626000, 0.999936, -0.011196, -0.000031, 0.001474, 0.000006, -0.211339, 0.039362, 5.696352, 0.000688, -0.001814, 0.002221, 23.945454, 9.954563, 0.178125, -0.178125, -0.022392, 5.696352, 
30.638000, 0.999810, -0.019425, -0.000043, 0.001481, 0.000007, -0.211664, 0.039355, -5.285477, -0.000294, 0.002738, -0.000296, -25.072716, 8.240457, -0.188051, 0.188051, -0.038853, -5.285477, 
30.650000, 0.999957, -0.009112, -0.000026, 0.001479, 0.000004, -0.210630, 0.039360, 5.597935, 0.000538, -0.001832, 0.002138, 24.162998, 9.850643, 0.179964, -0.179964, -0.018224, 5.597935, 
30.662000, 0.999838, -0.017940, -0.000041, 0.001486, 0.000005, -0.211022, 0.039357, -5.386361, -0.000415, 0.002691, -0.000203, -25.065320, 8.290148, -0.187691, 0.187691, -0.035881, -5.386361, 
30.674000, 0.999967, -0.008001, -0.000025, 0.001484, 0.000002, -0.210040, 0.039366, 5.556127, 0.000455, -0.001887, 0.002274, 24.304864, 9.785361, 0.181315, -0.181315, -0.016002, 5.556127, 
30.686000, 0.999852, -0.017131, -0.000040, 0.001491, 0.000003, -0.210479, 0.039363, -5.441685, -0.000458, 0.002680, -0.000022, -25.088381, 8.313867, -0.187475, 0.187475, -0.034264, -5.441685, 
30.698000, 0.999972, -0.007371, -0.000024, 0.001489, 0.000000, -0.209538, 0.039372, 5.540077, 0.000449, -0.001939, 0.002410, 24.398345, 9.752445, 0.182353, -0.182353, -0.014743, 5.540077, 
30.710000, 0.999860, -0.016656, -0.000040, 0.001496, 0.000002, -0.210016, 0.039367, -5.473100, -0.000444, 0.002681, 0.000092, -25.118784, 8.331589, -0.187286, 0.187286, -0.033314, -5.473100, 
30.722000, 0.999975, -0.006979, -0.000024, 0.001493, -0.000001, -0.209109, 0.039375, 5.536008, 0.000477, -0.001973, 0.002466, 24.463175, 9.736356, 0.183215, -0.183215, -0.013958, 5.536008, 
30.734000, 0.999865, -0.016346, -0.000040, 0.001500, 0.000000, -0.209622, 0.039369, -5.492260, -0.000417, 0.002680, 0.000121, -25.149866, 8.344963, -0.187094, 0.187094, -0.032694, -5.492260, 
30.746000, 0.999976, -0.006704, -0.000024, 0.001498, -0.000002, -0.208746, 0.039377, 5.537559, 0.000501, -0.001991, 0.002459, 24.512098, 9.726021, 0.183980, -0.183980, -0.013408, 5.537559, 
30.758000, 0.999869, -0.016117, -0.000040, 0.001504, -0.000001, -0.209292, 0.039371, -5.505040, -0.000403, 0.002678, 0.000108, -25.179650, 8.354072, -0.186889, 0.186889, -0.032236, -5.505040, 
30.770000, 0.999978, -0.006486, -0.000024, 0.001502, -0.000004, -0.208446, 0.039378, 5.541522, 0.000510, -0.001999, 0.002437, 24.551597, 9.717091, 0.184688, -0.184688, -0.012972, 5.541522, 
30.782000, 0.999872, -0.015926, -0.000039, 0.001508, -0.000002, -0.209024, 0.039372, -5.514231, -0.000403, 0.002676, 0.000094, -25.206955, 8.360516, -0.186660, 0.186660, -0.031854, -5.514231, 
30.794000, 0.999979, -0.006297, -0.000023, 0.001506, -0.000004, -0.208208, 0.039380, 5.546220, 0.000509, -0.002005, 0.002426, 24.584482, 9.708756, 0.185353, -0.185353, -0.012593, 5.546220, 
30.806000, 0.999875, -0.015754, -0.000039, 0.001512, -0.000003, -0.208817, 0.039374, -5.521178, -0.000408, 0.002677, 0.000094, -25.231007, 8.366011, -0.186403, 0.186403, -0.031509, -5.521178, 
30.818000, 0.999980, -0.006121, -0.000023, 0.001510, -0.000005, -0.208031, 0.039381, 5.550839, 0.000506, -0.002011, 0.002427, 24.612111, 9.700994, 0.185985, -0.185985, -0.012242, 5.550839, 
30.830000, 0.999877, -0.015589, -0.000039, 0.001516, -0.000003, -0.208671, 0.039375, -5.526601, -0.000412, 0.002679, 0.000102, -25.251575, 8.371472, -0.186114, 0.186114, -0.031180, -5.526601, 
30.842000, 0.999981, -0.005951, -0.000023, 0.001514, -0.000006, -0.207915, 0.039382, 5.555045, 0.000505, -0.002016, 0.002434, 24.635411, 9.693663, 0.186589, -0.186589, -0.011903, 5.555045, 
30.854000, 0.999880, -0.015427, -0.000039, 0.001520, -0.000004, -0.208586, 0.039376, -5.530926, -0.000413, 0.002681, 0.000112, -25.268824, 8.377156, -0.185798, 0.185798, -0.030856, -5.530926, 
30.866000, 0.999982, -0.005784, -0.000023, 0.001518, -0.000006, -0.207861, 0.039383, 5.558733, 0.000506, -0.002020, 0.002439, 24.655127, 9.686538, 0.187171, -0.187171, -0.011569, 5.558733, 
30.878000, 0.999882, -0.015266, -0.000039, 0.001524, -0.000004, -0.208563, 0.039377, -5.534417, -0.000412, 0.002684, 0.000118, -25.283080, 8.383068, -0.185455, 0.185455, -0.030533, -5.534417, 
30.890000, 0.999983, -0.005618, -0.000023, 0.001522, -0.000006, -0.207869, 0.039384, 5.561895, 0.000508, -0.002023, 0.002443, 24.671839, 9.679463, 0.187736, -0.187736, -0.011237, 5.561895, 
30.902000, 0.999885, -0.015104, -0.000039, 0.001528, -0.000004, -0.208603, 0.039377, -5.537242, -0.000412, 0.002685, 0.000121, -25.294685, 8.389188, -0.185089, 0.185089, -0.030209, -5.537242, 
30.914000, 0.999984, -0.005452, -0.000022, 0.001526, -0.000006, -0.207939, 0.039384, 5.564559, 0.000510, -0.002025, 0.002444, 24.685990, 9.672373, 0.188286, -0.188286, -0.010904, 5.564559, 
30.926000, 0.999887, -0.014941, -0.000038, 0.001532, -0.000004, -0.208705, 0.039378, -5.539512, -0.000411, 0.002686, 0.000123, -25.303947, 8.395516, -0.184701, 0.184701, -0.029883, -5.539512, 
30.938000, 0.999985, -0.005285, -0.000022, 0.001530, -0.000006, -0.208073, 0.039385, 5.566769, 0.000511, -0.002028, 0.002446, 24.697926, 9.665252, 0.200652, -0.200652, -0.010570, 5.566769, 
30.950000, 0.999859, -0.016745, -0.000042, 0.001537, -0.000003, -0.209012, 0.039388, -6.049979, -0.000495, 0.002900, 0.000250, -26.453102, 8.353825, -0.181341, 0.181341, -0.033492, -6.049979, 
30.962000, 0.999953, -0.009594, -0.000033, 0.001534, -0.000004, -0.208590, 0.039406, 5.200288, 0.000313, -0.002202, -0.001134, 24.973707, 9.732679, 0.202670, -0.202670, -0.019188, 5.200288, 
30.974000, 0.999740, -0.022763, -0.000055, 0.001541, 0.000000, -0.209676, 0.039409, -6.290110, -0.000300, 0.002997, -0.000360, -26.229939, 8.057048, -0.179363, 0.179363, -0.045530, -6.290110, 
30.986000, 0.999857, -0.016866, -0.000044, 0.001539, -0.000001, -0.209363, 0.039416, 5.007975, 0.000826, -0.002140, 0.001373, 24.981047, 10.026465, 0.203204, -0.203204, -0.033733, 5.007975, 
30.998000, 0.999522, -0.030885, -0.000065, 0.001545, 0.000003, -0.210523, 0.039414, -6.404539, -0.000242, 0.002964, 0.000021, -26.137756, 7.726829, -0.178387, 0.178387, -0.061780, -6.404539, 
31.010000, 0.999670, -0.025636, -0.000054, 0.001543, 0.000002, -0.210263, 0.039413, 4.903767, 0.000812, -0.002049, 0.002023, 24.881712, 10.417296, 0.202967, -0.202967, -0.051277, 4.903767, 
31.022000, 0.999195, -0.040092, -0.000077, 0.001550, 0.000006, -0.211453, 0.039411, -6.460833, -0.000447, 0.002902, 0.000171, -26.113389, 7.349496, -0.178165, 0.178165, -0.080206, -6.460833, 
31.034000, 0.999379, -0.035195, -0.000068, 0.001548, 0.000005, -0.211209, 0.039406, 4.844388, 0.000650, -0.002030, 0.002053, 24.736032, 10.834172, 0.202248, -0.202248, -0.070405, 4.844388, 
31.046000, 0.998754, -0.049877, -0.000092, 0.001554, 0.000009, -0.212398, 0.039409, -6.487225, -0.000627, 0.002887, 0.000386, -26.116834, 6.930419, -0.178403, 0.178403, -0.099795, -6.487225, 
31.058000, 0.998977, -0.045197, -0.000084, 0.001552, 0.000008, -0.212143, 0.039401, 4.803639, 0.000592, -0.002041, 0.002191, 24.552383, 11.257139, 0.189201, -0.189201, -0.090426, 4.803639, 
31.070000, 0.998314, -0.058017, -0.000106, 0.001558, 0.000011, -0.213164, 0.039397, -5.985411, -0.000601, 0.002698, 0.000467, -24.993523, 6.619038, -0.181787, 0.181787, -0.116100, -5.985411, 
31.082000, 0.998698, -0.050993, -0.000093, 0.001555, 0.000010, -0.212699, 0.039375, 5.135989, 0.000627, -0.002089, 0.002303, 24.075356, 11.595108, 0.185970, -0.185970, -0.102031, 5.135989, 
31.094000, 0.998064, -0.062170, -0.000112, 0.001561, 0.000013, -0.213558, 0.039376, -5.743413, -0.000593, 0.002664, 0.000393, -25.227604, 6.451037, -0.184021, 0.184021, -0.124420, -5.743413, 
31.106000, 0.998539, -0.054004, -0.000098, 0.001559, 0.000011, -0.212962, 0.039361, 5.299636, 0.000636, -0.002047, 0.002215, 23.858407, 11.730473, 0.183936, -0.183936, -0.108061, 5.299636, 
31.118000, 0.997925, -0.064371, -0.000114, 0.001564, 0.000013, -0.213710, 0.039371, -5.623683, -0.000533, 0.002594, 0.002950, -25.332018, 6.316832, -0.185546, 0.185546, -0.128832, -5.623683, 
31.130000, 0.998449, -0.055652, -0.000099, 0.001562, 0.000010, -0.213021, 0.039360, 5.377962, 0.000480, -0.002052, 0.002917, 23.745000, 11.773146, 0.182405, -0.182405, -0.111361, 5.377962, 
31.142000, 0.997844, -0.065608, -0.000113, 0.001566, 0.000011, -0.213685, 0.039375, -5.560395, -0.000511, 0.002458, 0.005229, -25.367464, 6.230986, -0.186593, 0.186593, -0.131311, -5.560395, 
31.154000, 0.998394, -0.056628, -0.000099, 0.001564, 0.000008, -0.212920, 0.039364, 5.411185, 0.000259, -0.002088, 0.003508, 23.665801, 11.794543, 0.181023, -0.181023, -0.113317, 5.411185, 
31.166000, 0.997794, -0.066371, -0.000112, 0.001568, 0.000009, -0.213511, 0.039378, -5.523476, -0.000647, 0.002347, 0.006080, -25.362669, 6.190459, -0.199195, 0.199195, -0.132840, -5.523476, 
31.178000, 0.998468, -0.055307, -0.000096, 0.001565, 0.000005, -0.212537, 0.039374, 5.930594, 0.000100, -0.002310, 0.003733, 24.742640, 11.929031, 0.176735, -0.176735, -0.110671, 5.930594, 
31.190000, 0.998048, -0.062435, -0.000103, 0.001568, 0.000004, -0.212883, 0.039398, -5.131851, -0.000569, 0.002138, 0.007759, -25.615119, 6.206764, -0.201357, 0.201357, -0.124952, -5.131851, 
31.202000, 0.998768, -0.049601, -0.000085, 0.001564, -0.000001, -0.211731, 0.039393, 6.172720, -0.000067, -0.002364, 0.004149, 24.509509, 11.615676, 0.174024, -0.174024, -0.099242, 6.172720, 
31.214000, 0.998461, -0.055430, -0.000091, 0.001567, -0.000002, -0.211937, 0.039407, -4.927699, -0.000737, 0.002059, 0.007869, -25.644476, 6.488464, -0.202196, 0.202196, -0.110916, -4.927699, 
31.226000, 0.999129, -0.041700, -0.000072, 0.001563, -0.000007, -0.210680, 0.039396, 6.290440, -0.000228, -0.002363, 0.004466, 24.443550, 11.290330, 0.172561, -0.172561, -0.083425, 6.290440, 
31.238000, 0.998899, -0.046877, -0.000086, 0.001567, -0.000007, -0.210805, 0.039399, -4.823066, -0.001327, 0.002413, 0.003419, -25.609026, 6.890925, -0.202516, 0.202516, -0.093789, -4.823066, 
31.250000, 0.999465, -0.032664, -0.000066, 0.001564, -0.000012, -0.209487, 0.039390, 6.356120, 0.000008, -0.002326, 0.004122, 24.490457, 10.936556, 0.172149, -0.172149, -0.065341, 6.356120, 
31.262000, 0.999295, -0.037511, -0.000078, 0.001570, -0.000012, -0.209569, 0.039390, -4.773113, -0.000824, 0.002772, 0.001557, -25.564616, 7.311686, -0.202621, 0.202621, -0.075039, -4.773113, 
31.274000, 0.999734, -0.023020, -0.000055, 0.001568, -0.000017, -0.208220, 0.039387, 6.398554, 0.000566, -0.002216, 0.003356, 24.607369, 10.535178, 0.172467, -0.172467, -0.046044, 6.398554, 
31.286000, 0.999615, -0.027686, -0.000063, 0.001575, -0.000016, -0.208287, 0.039386, -4.749623, -0.000328, 0.002853, 0.000758, -25.514899, 7.732272, -0.190619, 0.190619, -0.055379, -4.749623, 
31.298000, 0.999886, -0.015003, -0.000041, 0.001573, -0.000020, -0.207074, 0.039378, 5.917393, 0.000780, -0.001907, 0.002785, 23.613759, 10.074177, 0.176119, -0.176119, -0.030007, 5.917393, 
31.310000, 0.999755, -0.022061, -0.000052, 0.001581, -0.000019, -0.207325, 0.039366, -5.103720, -0.000182, 0.002840, -0.000048, -25.179934, 8.102896, -0.188558, 0.188558, -0.044127, -5.103720, 
31.322000, 0.999938, -0.010980, -0.000032, 0.001579, -0.000023, -0.206242, 0.039363, 5.697289, 0.000710, -0.001810, 0.002241, 23.961502, 9.945432, 0.178654, -0.178654, -0.021961, 5.697289, 
31.334000, 0.999814, -0.019221, -0.000045, 0.001587, -0.000022, -0.206597, 0.039355, -5.288885, -0.000294, 0.002748, -0.000331, -25.080321, 8.248454, -0.187684, 0.187684, -0.038444, -5.288885, 
31.346000, 0.999959, -0.008909, -0.000027, 0.001585, -0.000025, -0.205593, 0.039361, 5.599312, 0.000553, -0.001825, 0.002147, 24.176102, 9.842065, 0.180478, -0.180478, -0.017819, 5.599312, 
31.358000, 0.999841, -0.017743, -0.000042, 0.001592, -0.000023, -0.206015, 0.039358, -5.388729, -0.000423, 0.002699, -0.000237, -25.071660, 8.297993, -0.187309, 0.187309, -0.035488, -5.388729, 
31.370000, 0.999968, -0.007804, -0.000025, 0.001590, -0.000027, -0.205063, 0.039367, 5.557537, 0.000463, -0.001880, 0.002288, 24.315669, 9.777078, 0.181817, -0.181817, -0.015609, 5.557537, 
31.382000, 0.999855, -0.016938, -0.000042, 0.001597, -0.000025, -0.205533, 0.039363, -5.443367, -0.000470, 0.002688, -0.000047, -25.093290, 8.321739, -0.187078, 0.187078, -0.033877, -5.443367, 
31.394000, 0.999973, -0.007177, -0.000025, 0.001595, -0.000028, -0.204621, 0.039372, 5.541344, 0.000456, -0.001932, 0.002432, 24.407291, 9.744259, 0.182847, -0.182847, -0.014353, 5.541344, 
31.406000, 0.999863, -0.016463, -0.000042, 0.001602, -0.000027, -0.205130, 0.039367, -5.474291, -0.000456, 0.002689, 0.000074, -25.122285, 8.339549, -0.186874, 0.186874, -0.032928, -5.474291, 
31.418000, 0.999976, -0.006784, -0.000025, 0.001599, -0.000030, -0.204253, 0.039375, 5.537065, 0.000485, -0.001966, 0.002490, 24.470569, 9.728168, 0.183702, -0.183702, -0.013569, 5.537065, 
31.430000, 0.999868, -0.016153, -0.000041, 0.001606, -0.000028, -0.204797, 0.039370, -5.493074, -0.000427, 0.002689, 0.000105, -25.152053, 8.353047, -0.186668, 0.186668, -0.032307, -5.493074, 
31.442000, 0.999978, -0.006508, -0.000024, 0.001604, -0.000031, -0.203952, 0.039377, 5.538388, 0.000510, -0.001983, 0.002484, 24.518165, 9.717791, 0.184463, -0.184463, -0.013017, 5.538388, 
31.454000, 0.999872, -0.015922, -0.000041, 0.001610, -0.000029, -0.204529, 0.039371, -5.505549, -0.000412, 0.002687, 0.000091, -25.180639, 8.362300, -0.186449, 0.186449, -0.031845, -5.505549, 
31.466000, 0.999979, -0.006290, -0.000024, 0.001608, -0.000032, -0.203714, 0.039378, 5.542127, 0.000520, -0.001992, 0.002460, 24.556510, 9.708805, 0.185167, -0.185167, -0.012579, 5.542127, 
31.478000, 0.999875, -0.015730, -0.000041, 0.001614, -0.000030, -0.204323, 0.039372, -5.514482, -0.000412, 0.002685, 0.000077, -25.206862, 8.368899, -0.186207, 0.186207, -0.031461, -5.514482, 
31.490000, 0.999980, -0.006099, -0.000024, 0.001612, -0.000032, -0.203539, 0.039380, 5.546616, 0.000519, -0.001997, 0.002447, 24.588384, 9.700408, 0.185830, -0.185830, -0.012198, 5.546616, 
31.502000, 0.999878, -0.015555, -0.000041, 0.001619, -0.000030, -0.204179, 0.039374, -5.521209, -0.000417, 0.002685, 0.000075, -25.229945, 8.374546, -0.185937, 0.185937, -0.031112, -5.521209, 
31.514000, 0.999981, -0.005921, -0.000023, 0.001616, -0.000033, -0.203425, 0.039381, 5.551046, 0.000516, -0.002002, 0.002448, 24.615125, 9.692579, 0.186460, -0.186460, -0.011843, 5.551046, 
31.526000, 0.999880, -0.015389, -0.000040, 0.001623, -0.000031, -0.204097, 0.039375, -5.526440, -0.000421, 0.002687, 0.000084, -25.249647, 8.380154, -0.185637, 0.185637, -0.030779, -5.526440, 
31.538000, 0.999982, -0.005750, -0.000023, 0.001620, -0.000033, -0.203374, 0.039382, 5.555081, 0.000515, -0.002007, 0.002455, 24.637643, 9.685178, 0.187063, -0.187063, -0.011501, 5.555081, 
31.550000, 0.999883, -0.015225, -0.000040, 0.001627, -0.000031, -0.204077, 0.039376, -5.530596, -0.000423, 0.002689, 0.000094, -25.266124, 8.385979, -0.185310, 0.185310, -0.030451, -5.530596, 
31.562000, 0.999983, -0.005582, -0.000023, 0.001624, -0.000033, -0.203385, 0.039383, 5.558616, 0.000516, -0.002011, 0.002461, 24.656670, 9.677980, 0.187646, -0.187646, -0.011164, 5.558616, 
31.574000, 0.999885, -0.015062, -0.000040, 0.001631, -0.000031, -0.204120, 0.039376, -5.533938, -0.000422, 0.002691, 0.000100, -25.279691, 8.392026, -0.184957, 0.184957, -0.030125, -5.533938, 
31.586000, 0.999984, -0.005414, -0.000023, 0.001629, -0.000033, -0.203458, 0.039384, 5.561642, 0.000518, -0.002014, 0.002464, 24.672773, 9.670830, 0.188211, -0.188211, -0.010828, 5.561642, 
31.598000, 0.999888, -0.014898, -0.000040, 0.001635, -0.000031, -0.204225, 0.039377, -5.536630, -0.000422, 0.002693, 0.000104, -25.290680, 8.398276, -0.184581, 0.184581, -0.029797, -5.536630, 
31.610000, 0.999985, -0.005246, -0.000023, 0.001633, -0.000033, -0.203595, 0.039384, 5.564185, 0.000520, -0.002017, 0.002465, 24.686384, 9.663665, 0.188763, -0.188763, -0.010491, 5.564185, 
31.622000, 0.999890, -0.014732, -0.000040, 0.001639, -0.000031, -0.204394, 0.039378, -5.538782, -0.000421, 0.002694, 0.000106, -25.299390, 8.404729, -0.184185, 0.184185, -0.029466, -5.538782, 
31.634000, 0.999986, -0.005077, -0.000022, 0.001637, -0.000033, -0.203796, 0.039385, 5.566286, 0.000521, -0.002019, 0.002467, 24.697840, 9.656469, 0.201247, -0.201247, -0.010154, 5.566286, 
31.646000, 0.999862, -0.016554, -0.000043, 0.001644, -0.000029, -0.204770, 0.039388, -6.054173, -0.000507, 0.002909, 0.000244, -26.459440, 8.363099, -0.180786, 0.180786, -0.033110, -6.054173, 
31.658000, 0.999954, -0.009428, -0.000034, 0.001641, -0.000030, -0.204384, 0.039406, 5.196034, 0.000313, -0.002206, -0.001370, 24.975821, 9.723903, 0.203281, -0.203281, -0.018857, 5.196034, 
31.670000, 0.999743, -0.022631, -0.000057, 0.001648, -0.000026, -0.205506, 0.039409, -6.296538, -0.000298, 0.003009, -0.000424, -26.233457, 8.062899, -0.178784, 0.178784, -0.045267, -6.296538, 
31.682000, 0.999858, -0.016772, -0.000046, 0.001646, -0.000027, -0.205230, 0.039417, 5.001688, 0.000848, -0.002147, 0.001138, 24.982719, 10.020389, 0.203816, -0.203816, -0.033546, 5.001688, 
31.694000, 0.999523, -0.030833, -0.000069, 0.001652, -0.000022, -0.206428, 0.039414, -6.411968, -0.000227, 0.002974, -0.000061, -26.139803, 7.729372, -0.177793, 0.177793, -0.061677, -6.411968, 
31.706000, 0.999670, -0.025629, -0.000057, 0.001650, -0.000023, -0.206205, 0.039413, 4.896380, 0.000848, -0.002042, 0.001992, 24.881968, 10.415738, 0.203575, -0.203575, -0.051263, 4.896380, 
31.718000, 0.999193, -0.040131, -0.000082, 0.001657, -0.000019, -0.207433, 0.039412, -6.468790, -0.000445, 0.002907, 0.000128, -26.115020, 7.348793, -0.177567, 0.177567, -0.080284, -6.468790, 
31.730000, 0.999376, -0.035282, -0.000072, 0.001655, -0.000020, -0.207226, 0.039406, 4.836415, 0.000666, -0.002019, 0.002035, 24.734738, 10.836945, 0.202850, -0.202850, -0.070579, 4.836415, 
31.742000, 0.998747, -0.050012, -0.000098, 0.001661, -0.000015, -0.208454, 0.039409, -6.495454, -0.000642, 0.002891, 0.000361, -26.118436, 6.925609, -0.177807, 0.177807, -0.100067, -6.495454, 
31.754000, 0.998968, -0.045383, -0.000089, 0.001659, -0.000016, -0.208236, 0.039401, 4.795260, 0.000597, -0.002030, 0.002195, 24.549166, 11.263986, 0.189675, -0.189675, -0.090797, 4.795260, 
31.766000, 0.998302, -0.058233, -0.000112, 0.001665, -0.000013, -0.209294, 0.039397, -5.988648, -0.000619, 0.002701, 0.000449, -24.983891, 6.611468, -0.181222, 0.181222, -0.116532, -5.988648, 
31.778000, 0.998685, -0.051236, -0.000099, 0.001662, -0.000014, -0.208864, 0.039375, 5.130830, 0.000630, -0.002081, 0.002332, 24.067104, 11.605093, 0.186410, -0.186410, -0.102517, 5.130830, 
31.790000, 0.998048, -0.062426, -0.000119, 0.001668, -0.000011, -0.209757, 0.039376, -5.744162, -0.000609, 0.002670, 0.000382, -25.219897, 6.441796, -0.183475, 0.183475, -0.124933, -5.744162, 
31.802000, 0.998525, -0.054277, -0.000104, 0.001666, -0.000013, -0.209196, 0.039360, 5.295980, 0.000643, -0.002039, 0.002247, 23.847498, 11.741630, 0.184354, -0.184354, -0.108607, 5.295980, 
31.814000, 0.997907, -0.064649, -0.000121, 0.001671, -0.000011, -0.209978, 0.039371, -5.623094, -0.000538, 0.002594, 0.003109, -25.324676, 6.305911, -0.185008, 0.185008, -0.129388, -5.623094, 
31.826000, 0.998433, -0.055940, -0.000106, 0.001669, -0.000014, -0.209322, 0.039360, 5.374905, 0.000479, -0.002046, 0.002988, 23.732230, 11.784316, 0.182802, -0.182802, -0.111939, 5.374905, 
31.838000, 0.997825, -0.065898, -0.000120, 0.001673, -0.000012, -0.210019, 0.039375, -5.558996, -0.000527, 0.002452, 0.005439, -25.359656, 6.219322, -0.186058, 0.186058, -0.131891, -5.558996, 
31.850000, 0.998377, -0.056926, -0.000105, 0.001671, -0.000016, -0.209287, 0.039363, 5.408264, 0.000249, -0.002086, 0.003606, 23.651411, 11.805841, 0.181401, -0.181401, -0.113913, 5.408264, 
31.862000, 0.997774, -0.066667, -0.000120, 0.001675, -0.000015, -0.209910, 0.039378, -5.521532, -0.000670, 0.002342, 0.006310, -25.354010, 6.178668, -0.198640, 0.198640, -0.133434, -5.521532, 
31.874000, 0.998451, -0.055615, -0.000102, 0.001672, -0.000019, -0.208969, 0.039373, 5.926696, 0.000091, -0.002308, 0.003841, 24.724808, 11.940962, 0.177100, -0.177100, -0.111287, 5.926696, 
31.886000, 0.998028, -0.062745, -0.000110, 0.001675, -0.000019, -0.209347, 0.039398, -5.130198, -0.000540, 0.002111, 0.008282, -25.605166, 6.195001, -0.200801, 0.200801, -0.125572, -5.130198, 
31.898000, 0.998752, -0.049924, -0.000090, 0.001671, -0.000024, -0.208227, 0.039392, 6.168336, -0.000090, -0.002362, 0.004266, 24.491197, 11.628486, 0.174378, -0.174378, -0.099889, 6.168336, 
31.910000, 0.998443, -0.055756, -0.000097, 0.001674, -0.000025, -0.208464, 0.039406, -4.926234, -0.000773, 0.002025, 0.008186, -25.634152, 6.475942, -0.201645, 0.201645, -0.111570, -4.926234, 
31.922000, 0.999114, -0.042042, -0.000077, 0.001670, -0.000031, -0.207239, 0.039395, 6.285875, -0.000273, -0.002367, 0.004583, 24.425182, 11.303923, 0.172907, -0.172907, -0.084108, 6.285875, 
31.934000, 0.998883, -0.047224, -0.000091, 0.001674, -0.000031, -0.207395, 0.039399, -4.821782, -0.001378, 0.002395, 0.003667, -25.599023, 6.877175, -0.201976, 0.201976, -0.094482, -4.821782, 
31.946000, 0.999453, -0.033026, -0.000071, 0.001671, -0.000036, -0.206108, 0.039389, 6.351553, -0.000019, -0.002330, 0.004259, 24.472432, 10.950996, 0.172489, -0.172489, -0.066064, 6.351553, 
31.958000, 0.999281, -0.037878, -0.000083, 0.001677, -0.000036, -0.206220, 0.039389, -4.772081, -0.000859, 0.002777, 0.001622, -25.555577, 7.297234, -0.202097, 0.202097, -0.075774, -4.772081, 
31.970000, 0.999725, -0.023402, -0.000058, 0.001675, -0.000041, -0.204902, 0.039386, 6.394196, 0.000571, -0.002216, 0.003434, 24.590364, 10.551033, 0.172806, -0.172806, -0.046808, 6.394196, 
31.982000, 0.999604, -0.028075, -0.000067, 0.001682, -0.000040, -0.204998, 0.039386, -4.748980, -0.000335, 0.002865, 0.000780, -25.507607, 7.716723, -0.190139, 0.190139, -0.056157, -4.748980, 
31.994000, 0.999880, -0.015402, -0.000043, 0.001680, -0.000044, -0.203815, 0.039377, 5.914326, 0.000802, -0.001901, 0.002828, 23.600360, 10.090446, 0.176456, -0.176456, -0.030806, 5.914326, 
32.004000, 0.999848, -0.017362, -0.000046, 0.001685, -0.000044, -0.203763, 0.039373, -3.793364, -0.000189, 0.002382, 0.000258, -28.573685, 8.262691, -0.134744, 0.134744, -0.034727, -3.793364, 
32.014000, 0.999900, -0.014066, -0.000039, 0.001687, -0.000046, -0.203318, 0.039335, 3.069300, 0.000704, -0.000643, 0.003721, 19.741122, 9.628506, 0.089748, -0.089748, -0.028133, 3.069300, 
32.024000, 0.999885, -0.015063, -0.000037, 0.001690, -0.000046, -0.203205, 0.039241, -1.963962, 0.000694, 0.001150, 0.000944, -15.008109, 9.241320, -0.071518, 0.071518, -0.030127, -1.963962, 
32.034000, 0.999911, -0.013208, -0.000030, 0.001691, -0.000047, -0.202881, 0.039141, 1.634227, 0.000788, -0.000211, 0.000015, 10.145740, 10.381404, 0.046482, -0.046482, -0.026416, 1.634227, 
32.044000, 0.999905, -0.013688, -0.000028, 0.001693, -0.000047, -0.202743, 0.039064, -1.029027, 0.000457, 0.000547, -0.000986, -8.109969, 9.861458, -0.038717, 0.038717, -0.027377, -1.029027, 
32.054000, 0.999919, -0.012653, -0.000024, 0.001693, -0.000048, -0.202498, 0.039014, 0.875630, 0.000283, -0.000147, -0.000619, 5.214702, 10.180736, 0.023880, -0.023880, -0.025308, 0.875630, 
32.064000, 0.999916, -0.012870, -0.000024, 0.001694, -0.000048, -0.202357, 0.038983, -0.538086, 0.000073, 0.000244, -0.000610, -4.455295, 9.826165, -0.021240, 0.021240, -0.025740, -0.538086, 
32.074000, 0.999923, -0.012283, -0.000023, 0.001694, -0.000049, -0.202164, 0.038964, 0.472277, 0.000012, -0.000120, -0.000211, 2.617126, 9.973704, 0.012066, -0.012066, -0.024567, 0.472277, 
32.084000, 0.999922, -0.012364, -0.000023, 0.001694, -0.000049, -0.202031, 0.038954, -0.278516, -0.000058, 0.000088, -0.000171, -2.514585, 9.796826, -0.011803, 0.011803, -0.024728, -0.278516, 
32.094000, 0.999926, -0.012019, -0.000023, 0.001693, -0.000050, -0.201875, 0.038948, 0.257675, -0.000059, -0.000104, 0.000028, 1.240475, 9.878885, 0.005965, -0.005965, -0.024039, 0.257675, 
32.104000, 0.999926, -0.012029, -0.000023, 0.001693, -0.000050, -0.201756, 0.038945, -0.141126, -0.000072, 0.000007, 0.000029, -1.483679, 9.791378, -0.006624, 0.006624, -0.024059, -0.141126, 
32.114000, 0.999929, -0.011815, -0.000023, 0.001693, -0.000051, -0.201628, 0.038943, 0.143451, -0.000055, -0.000094, 0.000114, 0.510556, 9.837344, 0.002893, -0.002893, -0.023630, 0.143451, 
32.124000, 0.999929, -0.011789, -0.000023, 0.001693, -0.000051, -0.201525, 0.038942, -0.068387, -0.000051, -0.000035, 0.000096, -0.935445, 9.793863, -0.003708, 0.003708, -0.023579, -0.068387, 
32.134000, 0.999931, -0.011644, -0.000023, 0.001692, -0.000051, -0.201423, 0.038942, 0.082653, -0.000035, -0.000089, 0.000128, 0.123890, 9.819458, 0.001430, -0.001430, -0.023289, 0.082653, 
32.144000, 0.999931, -0.011600, -0.000024, 0.001692, -0.000052, -0.201338, 0.038942, -0.029865, -0.000028, -0.000057, 0.000108, -0.643438, 9.797686, -0.001991, 0.001991, -0.023201, -0.029865, 
32.154000, 0.999933, -0.011493, -0.000023, 0.001692, -0.000052, -0.201258, 0.038942, 0.050305, -0.000017, -0.000086, 0.000117, -0.080522, 9.811783, 0.000821, -0.000821, -0.022986, 0.050305, 
32.164000, 0.999933, -0.011439, -0.000023, 0.001691, -0.000052, -0.201192, 0.038942, -0.009450, -0.000012, -0.000069, 0.000102, -0.487487, 9.800777, -0.000911, 0.000911, -0.022879, -0.009450, 
32.174000, 0.999934, -0.011352, -0.000023, 0.001691, -0.000052, -0.201133, 0.038942, 0.033111, -0.000006, -0.000085, 0.000104, -0.188163, 9.808452, 0.000666, -0.000666, -0.022704, 0.033111, 
32.184000, 0.999935, -0.011293, -0.000023, 0.001691, -0.000052, -0.201087, 0.038943, 0.001388, -0.000003, -0.000076, 0.000093, -0.403789, 9.802836, -0.000169, 0.000169, -0.022587, 0.001388, 
32.194000, 0.999936, -0.011217, -0.000023, 0.001690, -0.000053, -0.201049, 0.038943, 0.023992, -0.000000, -0.000084, 0.000093, -0.244426, 9.806976, 0.000754, -0.000754, -0.022434, 0.023992, 
32.204000, 0.999936, -0.011155, -0.000023, 0.001690, -0.000053, -0.201022, 0.038943, 0.007162, 0.000001, -0.000080, 0.000087, -0.358463, 9.804089, 0.000396, -0.000396, -0.022310, 0.007162, 
32.214000, 0.999937, -0.011084, -0.000023, 0.001689, -0.000053, -0.201005, 0.038943, 0.019178, 0.000002, -0.000085, 0.000087, -0.273414, 9.806308, 0.000971, -0.000971, -0.022168, 0.019178, 
32.224000, 0.999938, -0.011021, -0.000023, 0.001689, -0.000053, -0.200999, 0.038943, 0.010260, 0.000002, -0.000082, 0.000084, -0.333514, 9.804819, 0.000867, -0.000867, -0.022042, 0.010260, 
32.234000, 0.999939, -0.010952, -0.000023, 0.001688, -0.000053, -0.201002, 0.038943, 0.016658, 0.000003, -0.000085, 0.000084, -0.287920, 9.806007, 0.001259, -0.001259, -0.021905, 0.016658, 
32.244000, 0.999939, -0.010888, -0.000023, 0.001688, -0.000053, -0.201016, 0.038943, 0.011944, 0.000002, -0.000084, 0.000083, -0.319385, 9.805242, 0.001291, -0.001291, -0.021777, 0.011944, 
32.254000, 0.999940, -0.010821, -0.000022, 0.001688, -0.000053, -0.201040, 0.038943, 0.015361, 0.000002, -0.000086, 0.000083, -0.294737, 9.805882, 0.001585, -0.001585, -0.021643, 0.015361, 
32.264000, 0.999941, -0.010756, -0.000022, 0.001687, -0.000053, -0.201075, 0.038943, 0.012881, 0.000002, -0.000085, 0.000082, -0.310998, 9.805495, 0.001689, -0.001689, -0.021513, 0.012881, 
32.274000, 0.999941, -0.010690, -0.000022, 0.001687, -0.000052, -0.201120, 0.038943, 0.014718, 0.000002, -0.000086, 0.000082, -0.297469, 9.805846, 0.001933, -0.001933, -0.021380, 0.014718, 
32.284000, 0.999942, -0.010624, -0.000022, 0.001686, -0.000052, -0.201175, 0.038943, 0.013425, 0.000002, -0.000086, 0.000082, -0.305654, 9.805656, 0.002076, -0.002076, -0.021249, 0.013425, 
32.294000, 0.999943, -0.010558, -0.000022, 0.001686, -0.000052, -0.201240, 0.038943, 0.014424, 0.000002, -0.000087, 0.000082, -0.298025, 9.805856, 0.002294, -0.002294, -0.021116, 0.014424, 
32.304000, 0.999944, -0.010492, -0.000022, 0.001686, -0.000052, -0.201316, 0.038943, 0.013761, 0.000002, -0.000087, 0.000082, -0.301922, 9.805771, 0.002459, -0.002459, -0.020984, 0.013761, 
32.314000, 0.999944, -0.010425, -0.000022, 0.001685, -0.000051, -0.201403, 0.038943, 0.014316, 0.000002, -0.000088, 0.000082, -0.297423, 9.805891, 0.002663, -0.002663, -0.020851, 0.014316, 
32.324000, 0.999945, -0.010359, -0.000022, 0.001685, -0.000051, -0.201500, 0.038943, 0.013989, 0.000002, -0.000088, 0.000082, -0.299040, 9.805861, 0.002840, -0.002840, -0.020717, 0.013989, 
32.334000, 0.999946, -0.010291, -0.000022, 0.001684, -0.000051, -0.201608, 0.038943, 0.014308, 0.000002, -0.000089, 0.000082, -0.296198, 9.805939, 0.003038, -0.003038, -0.020583, 0.014308, 
32.344000, 0.999946, -0.010224, -0.000021, 0.001684, -0.000050, -0.201726, 0.038943, 0.014159, 0.000002, -0.000089, 0.000082, -0.296601, 9.805939, 0.003221, -0.003221, -0.020449, 0.014159, 
32.354000, 0.999947, -0.010157, -0.000021, 0.001683, -0.000050, -0.201855, 0.038943, 0.014353, 0.000002, -0.000090, 0.000082, -0.294637, 9.805995, 0.003417, -0.003417, -0.020314, 0.014353, 
32.364000, 0.999948, -0.010089, -0.000021, 0.001683, -0.000049, -0.201995, 0.038943, 0.014300, 0.000002, -0.000090, 0.000082, -0.294393, 9.806010, 0.003604, -0.003604, -0.020179, 0.014300, 
32.374000, 0.999948, -0.010021, -0.000021, 0.001682, -0.000049, -0.202145, 0.038943, 0.014428, 0.000002, -0.000091, 0.000082, -0.292890, 9.806055, 0.003799, -0.003799, -0.020043, 0.014428, 
32.384000, 0.999949, -0.009953, -0.000021, 0.001682, -0.000048, -0.202307, 0.038943, 0.014425, 0.000002, -0.000091, 0.000081, -0.292299, 9.806078, 0.003990, -0.003990, -0.019907, 0.014425, 
32.394000, 0.999950, -0.009885, -0.000021, 0.001681, -0.000048, -0.202479, 0.038943, 0.014519, 0.000002, -0.000092, 0.000081, -0.291038, 9.806117, 0.004185, -0.004185, -0.019770, 0.014519, 
32.404000, 0.999950, -0.009816, -0.000021, 0.001681, -0.000047, -0.202661, 0.038943, 0.014542, 0.000002, -0.000092, 0.000081, -0.290260, 9.806145, 0.004378, -0.004378, -0.019633, 0.014542, 
32.414000, 0.999951, -0.009747, -0.000021, 0.001681, -0.000047, -0.202855, 0.038943, 0.014618, 0.000002, -0.000093, 0.000081, -0.289124, 9.806181, 0.004574, -0.004574, -0.019495, 0.014618, 
32.424000, 0.999952, -0.009678, -0.000020, 0.001680, -0.000046, -0.203060, 0.038943, 0.014656, 0.000002, -0.000093, 0.000081, -0.288242, 9.806211, 0.004769, -0.004769, -0.019357, 0.014656, 
32.434000, 0.999952, -0.009609, -0.000020, 0.001680, -0.000045, -0.203276, 0.038943, 0.014722, 0.000002, -0.000094, 0.000081, -0.287169, 9.806245, 0.004966, -0.004966, -0.019218, 0.014722, 
32.444000, 0.999953, -0.009539, -0.000020, 0.001679, -0.000044, -0.203502, 0.038943, 0.014769, 0.000002, -0.000094, 0.000081, -0.286230, 9.806276, 0.005163, -0.005163, -0.019079, 0.014769, 
32.454000, 0.999954, -0.009469, -0.000020, 0.001679, -0.000044, -0.203740, 0.038943, 0.014830, 0.000002, -0.000095, 0.000081, -0.285186, 9.806310, 0.005361, -0.005361, -0.018939, 0.014830, 
32.464000, 0.999954, -0.009399, -0.000020, 0.001678, -0.000043, -0.203989, 0.038943, 0.014881, 0.000002, -0.000095, 0.000081, -0.284212, 9.806342, 0.005559, -0.005559, -0.018798, 0.014881, 
32.474000, 0.999955, -0.009329, -0.000020, 0.001678, -0.000042, -0.204249, 0.038943, 0.014940, 0.000002, -0.000096, 0.000080, -0.283181, 9.806375, 0.005759, -0.005759, -0.018658, 0.014940, 
32.484000, 0.999956, -0.009258, -0.000020, 0.001677, -0.000041, -0.204520, 0.038943, 0.014993, 0.000002, -0.000096, 0.000080, -0.282185, 9.806407, 0.005959, -0.005959, -0.018516, 0.014993, 
32.494000, 0.999956, -0.009187, -0.000020, 0.001677, -0.000040, -0.204803, 0.038943, 0.015051, 0.000002, -0.000097, 0.000080, -0.281157, 9.806440, 0.006160, -0.006160, -0.018374, 0.015051, 
32.504000, 0.999957, -0.009116, -0.000019, 0.001676, -0.000039, -0.205097, 0.038943, 0.015106, 0.000002, -0.000097, 0.000080, -0.280146, 9.806472, 0.006361, -0.006361, -0.018232, 0.015106, 
32.514000, 0.999958, -0.009044, -0.000019, 0.001676, -0.000038, -0.205402, 0.038943, 0.015163, 0.000002, -0.000098, 0.000080, -0.279116, 9.806505, 0.006564, -0.006564, -0.018089, 0.015163, 
32.524000, 0.999958, -0.008972, -0.000019, 0.001675, -0.000037, -0.205718, 0.038943, 0.015219, 0.000002, -0.000098, 0.000080, -0.278093, 9.806538, 0.006767, -0.006767, -0.017945, 0.015219, 
32.534000, 0.999959, -0.008900, -0.000019, 0.001675, -0.000036, -0.206046, 0.038943, 0.015277, 0.000002, -0.000099, 0.000080, -0.277059, 9.806571, 0.006971, -0.006971, -0.017801, 0.015277, 
32.544000, 0.999960, -0.008828, -0.000019, 0.001674, -0.000035, -0.206385, 0.038943, 0.015333, 0.000002, -0.000099, 0.000080, -0.276026, 9.806604, 0.007175, -0.007175, -0.017656, 0.015333, 
32.554000, 0.999960, -0.008755, -0.000019, 0.001674, -0.000034, -0.206736, 0.038943, 0.015391, 0.000002, -0.000100, 0.000079, -0.274985, 9.806636, 0.007381, -0.007381, -0.017511, 0.015391, 
32.564000, 0.999961, -0.008683, -0.000019, 0.001673, -0.000032, -0.207098, 0.038943, 0.015448, 0.000002, -0.000100, 0.000079, -0.273943, 9.806669, 0.007587, -0.007587, -0.017366, 0.015448, 
32.574000, 0.999962, -0.008610, -0.000019, 0.001673, -0.000031, -0.207472, 0.038943, 0.015506, 0.000002, -0.000101, 0.000079, -0.272896, 9.806702, 0.007794, -0.007794, -0.017219, 0.015506, 
32.584000, 0.999962, -0.008536, -0.000018, 0.001672, -0.000030, -0.207857, 0.038943, 0.015564, 0.000002, -0.000101, 0.000079, -0.271845, 9.806735, 0.008001, -0.008001, -0.017073, 0.015564, 
32.594000, 0.999963, -0.008462, -0.000018, 0.001672, -0.000028, -0.208254, 0.038943, 0.015622, 0.000002, -0.000102, 0.000079, -0.270790, 9.806768, 0.008210, -0.008210, -0.016925, 0.015622, 
32.604000, 0.999963, -0.008389, -0.000018, 0.001671, -0.000027, -0.208663, 0.038943, 0.015681, 0.000002, -0.000103, 0.000079, -0.269732, 9.806801, 0.008419, -0.008419, -0.016777, 0.015681, 
32.614000, 0.999964, -0.008314, -0.000018, 0.001671, -0.000026, -0.209084, 0.038943, 0.015739, 0.000002, -0.000103, 0.000079, -0.268669, 9.806834, 0.008629, -0.008629, -0.016629, 0.015739, 
32.624000, 0.999965, -0.008240, -0.000018, 0.001670, -0.000024, -0.209516, 0.038943, 0.015798, 0.000002, -0.000104, 0.000078, -0.267603, 9.806867, 0.008840, -0.008840, -0.016480, 0.015798, 
32.634000, 0.999965, -0.008165, -0.000018, 0.001670, -0.000023, -0.209960, 0.038943, 0.015857, 0.000002, -0.000104, 0.000078, -0.266532, 9.806900, 0.009052, -0.009052, -0.016330, 0.015857, 
32.644000, 0.999966, -0.008090, -0.000018, 0.001669, -0.000021, -0.210416, 0.038943, 0.015916, 0.000002, -0.000105, 0.000078, -0.265458, 9.806933, 0.009264, -0.009264, -0.016180, 0.015916, 
32.654000, 0.999966, -0.008015, -0.000018, 0.001669, -0.000020, -0.210884, 0.038943, 0.015976, 0.000002, -0.000105, 0.000078, -0.264379, 9.806966, 0.009477, -0.009477, -0.016029, 0.015976, 
32.664000, 0.999967, -0.007939, -0.000017, 0.001668, -0.000018, -0.211364, 0.038943, 0.016036, 0.000002, -0.000106, 0.000078, -0.263296, 9.806999, 0.009691, -0.009691, -0.015878, 0.016036, 
32.674000, 0.999968, -0.007863, -0.000017, 0.001668, -0.000016, -0.211856, 0.038943, 0.016096, 0.000002, -0.000107, 0.000078, -0.262210, 9.807032, 0.009906, -0.009906, -0.015726, 0.016096, 
32.684000, 0.999968, -0.007787, -0.000017, 0.001667, -0.000015, -0.212360, 0.038943, 0.016156, 0.000002, -0.000107, 0.000078, -0.261119, 9.807065, 0.010122, -0.010122, -0.015574, 0.016156, 
32.694000, 0.999969, -0.007710, -0.000017, 0.001667, -0.000013, -0.212876, 0.038943, 0.016216, 0.000002, -0.000108, 0.000077, -0.260024, 9.807099, 0.010338, -0.010338, -0.015421, 0.016216, 
32.704000, 0.999969, -0.007634, -0.000017, 0.001666, -0.000011, -0.213404, 0.038943, 0.016277, 0.000002, -0.000108, 0.000077, -0.258925, 9.807132, 0.010555, -0.010555, -0.015268, 0.016277, 
32.714000, 0.999970, -0.007557, -0.000017, 0.001666, -0.000009, -0.213945, 0.038943, 0.016338, 0.000002, -0.000109, 0.000077, -0.257822, 9.807165, 0.010774, -0.010774, -0.015113, 0.016338, 
32.724000, 0.999971, -0.007479, -0.000017, 0.001665, -0.000008, -0.214498, 0.038943, 0.016399, 0.000002, -0.000110, 0.000077, -0.256715, 9.807198, 0.010992, -0.010992, -0.014959, 0.016399, 
32.734000, 0.999971, -0.007402, -0.000016, 0.001664, -0.000006, -0.215062, 0.038943, 0.016460, 0.000002, -0.000110, 0.000077, -0.255604, 9.807231, 0.011212, -0.011212, -0.014804, 0.016460, 
32.744000, 0.999972, -0.007324, -0.000016, 0.001664, -0.000004, -0.215640, 0.038943, 0.016522, 0.000002, -0.000111, 0.000077, -0.254488, 9.807265, 0.011433, -0.011433, -0.014648, 0.016522, 
32.754000, 0.999972, -0.007246, -0.000016, 0.001663, -0.000002, -0.216229, 0.038943, 0.016583, 0.000002, -0.000112, 0.000076, -0.253368, 9.807298, 0.011654, -0.011654, -0.014491, 0.016583, 
32.764000, 0.999973, -0.007167, -0.000016, 0.001663, 0.000000, -0.216831, 0.038943, 0.016645, 0.000002, -0.000112, 0.000076, -0.252245, 9.807331, 0.011876, -0.011876, -0.014334, 0.016645, 
32.774000, 0.999973, -0.007088, -0.000016, 0.001662, 0.000002, -0.217446, 0.038943, 0.016708, 0.000002, -0.000113, 0.000076, -0.251117, 9.807364, 0.012099, -0.012099, -0.014177, 0.016708, 
32.784000, 0.999974, -0.007009, -0.000016, 0.001662, 0.000004, -0.218073, 0.038943, 0.016770, 0.000002, -0.000113, 0.000076, -0.249984, 9.807398, 0.022151, -0.022151, -0.014019, 0.016770, 
32.794000, 0.999965, -0.008169, -0.000018, 0.001661, 0.000007, -0.218803, 0.038943, -0.364133, -0.000006, -0.000012, 0.000068, -1.359080, 9.787335, 0.017258, -0.017258, -0.016338, -0.364133, 
32.804000, 0.999949, -0.010000, -0.000021, 0.001661, 0.000009, -0.219592, 0.038942, -0.365774, -0.000002, -0.000037, 0.000103, -0.278849, 9.808155, 0.022758, -0.022758, -0.020001, -0.365774, 
32.814000, 0.999920, -0.012504, -0.000025, 0.001661, 0.000012, -0.220440, 0.038942, -0.572259, -0.000004, 0.000001, 0.000090, -0.915210, 9.790834, 0.020210, -0.020210, -0.025008, -0.572259, 
32.824000, 0.999880, -0.015385, -0.000030, 0.001661, 0.000015, -0.221323, 0.038943, -0.577780, 0.000000, -0.000021, 0.000101, -0.375106, 9.804149, 0.023116, -0.023116, -0.030771, -0.577780, 
32.834000, 0.999825, -0.018644, -0.000035, 0.001661, 0.000018, -0.222240, 0.038943, -0.691657, -0.000000, -0.000004, 0.000090, -0.741133, 9.789816, 0.021708, -0.021708, -0.037289, -0.691657, 
32.844000, 0.999754, -0.022122, -0.000041, 0.001661, 0.000021, -0.223179, 0.038943, -0.698258, 0.000002, -0.000016, 0.000093, -0.481414, 9.798538, 0.023167, -0.023167, -0.044247, -0.698258, 
32.854000, 0.999665, -0.025816, -0.000047, 0.001660, 0.000024, -0.224136, 0.038943, -0.761974, 0.000002, -0.000005, 0.000086, -0.702823, 9.787041, 0.022307, -0.022307, -0.051639, -0.761974, 
32.864000, 0.999559, -0.029642, -0.000053, 0.001660, 0.000028, -0.225104, 0.038943, -0.768279, 0.000003, -0.000007, 0.000086, -0.592130, 9.791945, 0.022946, -0.022946, -0.059292, -0.768279, 
32.874000, 0.999434, -0.033594, -0.000060, 0.001660, 0.000031, -0.226080, 0.038944, -0.804664, 0.000002, 0.000005, 0.000083, -0.737405, 9.782596, 0.022329, -0.022329, -0.067201, -0.804664, 
32.884000, 0.999290, -0.037627, -0.000067, 0.001660, 0.000034, -0.227059, 0.038944, -0.810297, 0.000001, 0.000011, 0.000084, -0.706550, 9.784270, 0.022486, -0.022486, -0.075273, -0.810297, 
32.894000, 0.999127, -0.041738, -0.000074, 0.001660, 0.000037, -0.228037, 0.038944, -0.831760, -0.000000, 0.000025, 0.000082, -0.811963, 9.776263, 0.021951, -0.021951, -0.083501, -0.831760, 
32.904000, 0.998945, -0.045901, -0.000080, 0.001659, 0.000041, -0.229012, 0.038944, -0.836751, -0.000002, 0.000036, 0.000083, -0.824070, 9.775310, 0.011979, -0.011979, -0.091835, -0.836751, 
32.914000, 0.998803, -0.048877, -0.000085, 0.001659, 0.000044, -0.229889, 0.038944, -0.469081, 0.000011, -0.000056, 0.000082, 0.196455, 9.870654, 0.016563, -0.016563, -0.097792, -0.469081, 
32.924000, 0.998686, -0.051217, -0.000089, 0.001659, 0.000046, -0.230709, 0.038944, -0.471939, 0.000004, -0.000016, 0.000062, -0.913713, 9.768487, 0.010936, -0.010936, -0.102479, -0.471939, 
32.934000, 0.998597, -0.052922, -0.000092, 0.001658, 0.000049, -0.231470, 0.038943, -0.274252, 0.000007, -0.000040, 0.000069, -0.353238, 9.825447, 0.013131, -0.013131, -0.105894, -0.274252, 
32.944000, 0.998525, -0.054277, -0.000094, 0.001658, 0.000051, -0.232192, 0.038943, -0.272725, 0.000000, -0.000000, 0.000065, -0.937336, 9.766934, 0.009953, -0.009953, -0.108607, -0.272725, 
32.954000, 0.998469, -0.055281, -0.000096, 0.001658, 0.000053, -0.232873, 0.038943, -0.165330, 0.000000, 0.000001, 0.000073, -0.641156, 9.798246, 0.010938, -0.010938, -0.110619, -0.165330, 
32.964000, 0.998424, -0.056089, -0.000097, 0.001658, 0.000056, -0.233526, 0.038943, -0.162394, -0.000005, 0.000032, 0.000073, -0.952522, 9.765453, 0.009086, -0.009086, -0.112237, -0.162394, 
32.974000, 0.998390, -0.056702, -0.000098, 0.001658, 0.000058, -0.234147, 0.038943, -0.103898, -0.000006, 0.000040, 0.000078, -0.797970, 9.782122, 0.009445, -0.009445, -0.113465, -0.103898, 
32.984000, 0.998361, -0.057204, -0.000099, 0.001658, 0.000060, -0.234745, 0.038943, -0.101105, -0.000009, 0.000062, 0.000079, -0.964810, 9.764025, 0.008304, -0.008304, -0.114470, -0.101105, 
32.994000, 0.998338, -0.057598, -0.000100, 0.001659, 0.000062, -0.235317, 0.038943, -0.069225, -0.000010, 0.000070, 0.000082, -0.884830, 9.772765, 0.008335, -0.008335, -0.115259, -0.069225, 
33.004000, 0.998319, -0.057929, -0.000100, 0.001659, 0.000063, -0.235868, 0.038943, -0.067059, -0.000011, 0.000084, 0.000083, -0.974666, 9.762859, 0.007574, -0.007574, -0.115923, -0.067059, 
33.014000, 0.998304, -0.058200, -0.000101, 0.001659, 0.000065, -0.236397, 0.038943, -0.049689, -0.000012, 0.000091, 0.000084, -0.933740, 9.767388, 0.007434, -0.007434, -0.116467, -0.049689, 
33.024000, 0.998290, -0.058436, -0.000101, 0.001660, 0.000067, -0.236905, 0.038943, -0.048174, -0.000013, 0.000100, 0.000085, -0.982491, 9.761973, 0.006875, -0.006875, -0.116940, -0.048174, 
33.034000, 0.998278, -0.058639, -0.000102, 0.001660, 0.000068, -0.237393, 0.038943, -0.038721, -0.000013, 0.000105, 0.000086, -0.961969, 9.764280, 0.006645, -0.006645, -0.117346, -0.038721, 
33.044000, 0.998267, -0.058822, -0.000102, 0.001661, 0.000070, -0.237862, 0.038943, -0.037732, -0.000014, 0.000111, 0.000086, -0.988790, 9.761298, 0.006193, -0.006193, -0.117713, -0.037732, 
33.054000, 0.998257, -0.058987, -0.000102, 0.001661, 0.000072, -0.238312, 0.038943, -0.032603, -0.000014, 0.000114, 0.000086, -0.978916, 9.762435, 0.005916, -0.005916, -0.118043, -0.032603, 
33.064000, 0.998248, -0.059141, -0.000103, 0.001662, 0.000073, -0.238742, 0.038943, -0.031993, -0.000015, 0.000118, 0.000086, -0.994029, 9.760763, 0.005520, -0.005520, -0.118352, -0.031993, 
33.074000, 0.998240, -0.059285, -0.000103, 0.001663, 0.000074, -0.239154, 0.038943, -0.029226, -0.000015, 0.000120, 0.000086, -0.989706, 9.761283, 0.005217, -0.005217, -0.118640, -0.029226, 
33.084000, 0.998232, -0.059423, -0.000103, 0.001663, 0.000076, -0.239547, 0.038943, -0.028875, -0.000015, 0.000123, 0.000086, -0.998568, 9.760313, 0.004850, -0.004850, -0.118916, -0.028875, 
33.094000, 0.998224, -0.059555, -0.000103, 0.001664, 0.000077, -0.239920, 0.038943, -0.027401, -0.000015, 0.000125, 0.000086, -0.997137, 9.760508, 0.004532, -0.004532, -0.119181, -0.027401, 
33.104000, 0.998216, -0.059684, -0.000104, 0.001664, 0.000078, -0.240275, 0.038943, -0.027218, -0.000015, 0.000126, 0.000085, -1.002664, 9.759912, 0.004180, -0.004180, -0.119440, -0.027218, 
33.114000, 0.998208, -0.059811, -0.000104, 0.001665, 0.000079, -0.240611, 0.038943, -0.026453, -0.000015, 0.000128, 0.000085, -1.002741, 9.759935, 0.003853, -0.003853, -0.119693, -0.026453, 
33.124000, 0.998201, -0.059936, -0.000104, 0.001666, 0.000080, -0.240929, 0.038943, -0.026377, -0.000016, 0.000129, 0.000085, -1.006491, 9.759539, 0.003508, -0.003508, -0.119943, -0.026377, 
33.134000, 0.998193, -0.060059, -0.000104, 0.001666, 0.000081, -0.241227, 0.038943, -0.026000, -0.000016, 0.000130, 0.000085, -1.007356, 9.759471, 0.003175, -0.003175, -0.120191, -0.026000, 
33.144000, 0.998186, -0.060182, -0.000105, 0.001667, 0.000082, -0.241506, 0.038943, -0.025992, -0.000016, 0.000131, 0.000085, -1.010159, 9.759181, 0.002832, -0.002832, -0.120437, -0.025992, 
33.154000, 0.998179, -0.060304, -0.000105, 0.001668, 0.000083, -0.241767, 0.038943, -0.025827, -0.000016, 0.000132, 0.000084, -1.011438, 9.759065, 0.002496, -0.002496, -0.120682, -0.025827, 
33.164000, 0.998171, -0.060426, -0.000105, 0.001668, 0.000084, -0.242008, 0.038943, -0.025861, -0.000016, 0.000133, 0.000084, -1.013742, 9.758830, 0.002153, -0.002153, -0.120926, -0.025861, 
33.174000, 0.998164, -0.060548, -0.000105, 0.001669, 0.000085, -0.242231, 0.038943, -0.025814, -0.000016, 0.000134, 0.000084, -1.015241, 9.758688, 0.001813, -0.001813, -0.121170, -0.025814, 
33.184000, 0.998156, -0.060670, -0.000106, 0.001670, 0.000085, -0.242434, 0.038943, -0.025873, -0.000016, 0.000135, 0.000084, -1.017283, 9.758483, 0.001469, -0.001469, -0.121414, -0.025873, 
33.194000, 0.998149, -0.060792, -0.000106, 0.001670, 0.000086, -0.242618, 0.038943, -0.025891, -0.000017, 0.000136, 0.000083, -1.018901, 9.758326, 0.001126, -0.001126, -0.121659, -0.025891, 
33.204000, 0.998142, -0.060914, -0.000106, 0.001671, 0.000086, -0.242782, 0.038943, -0.025965, -0.000017, 0.000137, 0.000083, -1.020808, 9.758135, 0.000780, -0.000780, -0.121904, -0.025965, 
33.214000, 0.998134, -0.061037, -0.000106, 0.001672, 0.000087, -0.242927, 0.038943, -0.026019, -0.000017, 0.000137, 0.000083, -1.022495, 9.757970, 0.000434, -0.000434, -0.122150, -0.026019, 
33.224000, 0.998127, -0.061160, -0.000107, 0.001672, 0.000087, -0.243053, 0.038943, -0.026103, -0.000017, 0.000138, 0.000083, -1.024336, 9.757787, 0.000086, -0.000086, -0.122396, -0.026103, 
33.234000, 0.998119, -0.061283, -0.000107, 0.001673, 0.000088, -0.243160, 0.038943, -0.026177, -0.000017, 0.000139, 0.000082, -1.026063, 9.757617, -0.000263, 0.000263, -0.122643, -0.026177, 
33.244000, 0.998111, -0.061407, -0.000107, 0.001674, 0.000088, -0.243246, 0.038943, -0.026267, -0.000017, 0.000140, 0.000082, -1.027876, 9.757436, -0.000613, 0.000613, -0.122891, -0.026267, 
33.254000, 0.998104, -0.061531, -0.000107, 0.001674, 0.000088, -0.243313, 0.038943, -0.026352, -0.000017, 0.000141, 0.000082, -1.029631, 9.757262, -0.000964, 0.000964, -0.123139, -0.026352, 
33.264000, 0.998096, -0.061655, -0.000108, 0.001675, 0.000088, -0.243361, 0.038943, -0.026446, -0.000017, 0.000141, 0.000081, -1.031433, 9.757082, -0.001317, 0.001317, -0.123389, -0.026446, 
33.274000, 0.998088, -0.061780, -0.000108, 0.001676, 0.000088, -0.243388, 0.038943, -0.026537, -0.000018, 0.000142, 0.000081, -1.033209, 9.756905, -0.001671, 0.001671, -0.123639, -0.026537, 
33.284000, 0.998081, -0.061905, -0.000108, 0.001676, 0.000089, -0.243396, 0.038943, -0.026634, -0.000018, 0.000143, 0.000081, -1.035012, 9.756725, -0.002027, 0.002027, -0.123890, -0.026634, 
33.294000, 0.998073, -0.062031, -0.000108, 0.001677, 0.000088, -0.243384, 0.038943, -0.026730, -0.000018, 0.000144, 0.000081, -1.036805, 9.756546, -0.002383, 0.002383, -0.124142, -0.026730, 
33.304000, 0.998065, -0.062158, -0.000109, 0.001678, 0.000088, -0.243352, 0.038943, -0.026828, -0.000018, 0.000144, 0.000080, -1.038615, 9.756364, -0.002741, 0.002741, -0.124395, -0.026828, 
33.314000, 0.998057, -0.062284, -0.000109, 0.001679, 0.000088, -0.243299, 0.038943, -0.026926, -0.000018, 0.000145, 0.000080, -1.040423, 9.756183, -0.003101, 0.003101, -0.124649, -0.026926, 
33.324000, 0.998049, -0.062412, -0.000109, 0.001679, 0.000088, -0.243227, 0.038943, -0.027026, -0.000018, 0.000146, 0.000080, -1.042243, 9.756000, -0.003461, 0.003461, -0.124904, -0.027026, 
33.334000, 0.998041, -0.062539, -0.000109, 0.001680, 0.000088, -0.243134, 0.038943, -0.027126, -0.000018, 0.000147, 0.000079, -1.044066, 9.755817, -0.003823, 0.003823, -0.125160, -0.027126, 
33.344000, 0.998033, -0.062667, -0.000110, 0.001681, 0.000087, -0.243021, 0.038943, -0.027226, -0.000019, 0.000148, 0.000079, -1.045898, 9.755632, -0.004187, 0.004187, -0.125417, -0.027226, 
33.354000, 0.998025, -0.062796, -0.000110, 0.001681, 0.000087, -0.242888, 0.038943, -0.027328, -0.000019, 0.000148, 0.000079, -1.047734, 9.755447, -0.004551, 0.004551, -0.125675, -0.027328, 
33.364000, 0.998017, -0.062925, -0.000110, 0.001682, 0.000086, -0.242734, 0.038943, -0.027429, -0.000019, 0.000149, 0.000078, -1.049579, 9.755260, -0.004917, 0.004917, -0.125934, -0.027429, 
33.374000, 0.998009, -0.063055, -0.000111, 0.001683, 0.000086, -0.242559, 0.038943, -0.027532, -0.000019, 0.000150, 0.000078, -1.051429, 9.755072, -0.005285, 0.005285, -0.126193, -0.027532, 
33.384000, 0.998000, -0.063185, -0.000111, 0.001684, 0.000085, -0.242364, 0.038943, -0.027634, -0.000019, 0.000151, 0.000078, -1.053287, 9.754884, -0.005654, 0.005654, -0.126454, -0.027634, 
33.394000, 0.997992, -0.063315, -0.000111, 0.001684, 0.000084, -0.242148, 0.038943, -0.027737, -0.000019, 0.000152, 0.000077, -1.055151, 9.754694, -0.006024, 0.006024, -0.126716, -0.027737, 
33.404000, 0.997984, -0.063446, -0.000111, 0.001685, 0.000084, -0.241912, 0.038943, -0.027841, -0.000019, 0.000152, 0.000077, -1.057022, 9.754504, -0.006395, 0.006395, -0.126978, -0.027841, 
33.414000, 0.997975, -0.063578, -0.000112, 0.001686, 0.000083, -0.241654, 0.038943, -0.027945, -0.000020, 0.000153, 0.000077, -1.058900, 9.754312, -0.006768, 0.006768, -0.127242, -0.027945, 
33.424000, 0.997967, -0.063710, -0.000112, 0.001687, 0.000082, -0.241376, 0.038943, -0.028049, -0.000020, 0.000154, 0.000076, -1.060786, 9.754119, -0.007143, 0.007143, -0.127506, -0.028049, 
33.434000, 0.997959, -0.063842, -0.000112, 0.001687, 0.000081, -0.241077, 0.038943, -0.028154, -0.000020, 0.000155, 0.000076, -1.062678, 9.753926, -0.007519, 0.007519, -0.127772, -0.028154, 
33.444000, 0.997950, -0.063975, -0.000112, 0.001688, 0.000080, -0.240756, 0.038943, -0.028259, -0.000020, 0.000156, 0.000076, -1.064577, 9.753731, -0.007896, 0.007896, -0.128038, -0.028259, 
33.454000, 0.997941, -0.064109, -0.000113, 0.001689, 0.000078, -0.240415, 0.038943, -0.028365, -0.000020, 0.000157, 0.000075, -1.066483, 9.753535, -0.008274, 0.008274, -0.128306, -0.028365, 
33.464000, 0.997933, -0.064243, -0.000113, 0.001690, 0.000077, -0.240052, 0.038943, -0.028471, -0.000020, 0.000157, 0.000075, -1.068396, 9.753339, -0.008654, 0.008654, -0.128575, -0.028471, 
33.474000, 0.997924, -0.064377, -0.000113, 0.001691, 0.000076, -0.239668, 0.038943, -0.028577, -0.000020, 0.000158, 0.000074, -1.070317, 9.753141, -0.009036, 0.009036, -0.128844, -0.028577, 
33.484000, 0.997915, -0.064512, -0.000114, 0.001691, 0.000075, -0.239262, 0.038943, -0.028684, -0.000021, 0.000159, 0.000074, -1.072244, 9.752942, -0.009419, 0.009419, -0.129115, -0.028684, 
33.494000, 0.997907, -0.064648, -0.000114, 0.001692, 0.000073, -0.238835, 0.038943, -0.028791, -0.000021, 0.000160, 0.000074, -1.074179, 9.752742, -0.009803, 0.009803, -0.129386, -0.028791, 
33.504000, 0.997898, -0.064784, -0.000114, 0.001693, 0.000072, -0.238386, 0.038943, -0.028899, -0.000021, 0.000161, 0.000073, -1.076121, 9.752541, -0.010189, 0.010189, -0.129659, -0.028899, 
33.514000, 0.997889, -0.064920, -0.000114, 0.001694, 0.000070, -0.237916, 0.038943, -0.029007, -0.000021, 0.000162, 0.000073, -1.078070, 9.752338, -0.010576, 0.010576, -0.129932, -0.029007, 
33.524000, 0.997880, -0.065057, -0.000115, 0.001694, 0.000068, -0.237424, 0.038943, -0.029115, -0.000021, 0.000163, 0.000072, -1.080027, 9.752135, -0.010964, 0.010964, -0.130207, -0.029115, 
33.534000, 0.997871, -0.065195, -0.000115, 0.001695, 0.000067, -0.236910, 0.038943, -0.029224, -0.000021, 0.000163, 0.000072, -1.081990, 9.751931, -0.011354, 0.011354, -0.130483, -0.029224, 
33.544000, 0.997862, -0.065333, -0.000115, 0.001696, 0.000065, -0.236375, 0.038943, -0.029333, -0.000022, 0.000164, 0.000072, -1.083961, 9.751725, -0.011746, 0.011746, -0.130759, -0.029333, 
33.554000, 0.997853, -0.065472, -0.000116, 0.001697, 0.000063, -0.235817, 0.038943, -0.029443, -0.000022, 0.000165, 0.000071, -1.085940, 9.751518, -0.012139, 0.012139, -0.131037, -0.029443, 
33.564000, 0.997844, -0.065611, -0.000116, 0.001698, 0.000061, -0.235237, 0.038943, -0.029553, -0.000022, 0.000166, 0.000071, -1.087925, 9.751311, -0.012533, 0.012533, -0.131316, -0.029553, 
33.574000, 0.997835, -0.065750, -0.000116, 0.001699, 0.000059, -0.234635, 0.038943, -0.029663, -0.000022, 0.000167, 0.000070, -1.089919, 9.751102, -0.012929, 0.012929, -0.131596, -0.029663, 
33.584000, 0.997825, -0.065890, -0.000116, 0.001699, 0.000057, -0.234011, 0.038943, -0.029774, -0.000022, 0.000168, 0.000070, -1.091919, 9.750892, -0.013327, 0.013327, -0.131877, -0.029774, 
33.594000, 0.997816, -0.066031, -0.000117, 0.001700, 0.000055, -0.233365, 0.038943, -0.029885, -0.000022, 0.000169, 0.000069, -1.093927, 9.750680, -0.013726, 0.013726, -0.132158, -0.029885, 
33.604000, 0.997807, -0.066172, -0.000117, 0.001701, 0.000052, -0.232696, 0.038943, -0.029997, -0.000022, 0.000170, 0.000069, -1.095942, 9.750468, -0.014126, 0.014126, -0.132441, -0.029997, 
33.614000, 0.997797, -0.066314, -0.000117, 0.001702, 0.000050, -0.232005, 0.038943, -0.030109, -0.000023, 0.000171, 0.000069, -1.097965, 9.750255, -0.014528, 0.014528, -0.132725, -0.030109, 
33.624000, 0.997788, -0.066456, -0.000118, 0.001703, 0.000047, -0.231291, 0.038943, -0.030222, -0.000023, 0.000171, 0.000068, -1.099996, 9.750040, -0.024728, 0.024728, -0.133010, -0.030222, 
33.634000, 0.997860, -0.065368, -0.000116, 0.001703, 0.000045, -0.230465, 0.038943, 0.349018, -0.000005, 0.000065, 0.000071, -0.004843, 9.889476, -0.020049, 0.020049, -0.130829, 0.349018, 
33.644000, 0.997973, -0.063609, -0.000113, 0.001704, 0.000042, -0.229569, 0.038942, 0.351452, -0.000010, 0.000092, 0.000060, -1.071039, 9.755918, -0.025686, 0.025686, -0.127304, 0.351452, 
33.654000, 0.998125, -0.061183, -0.000109, 0.001705, 0.000038, -0.228605, 0.038942, 0.556401, -0.000004, 0.000053, 0.000067, -0.446293, 9.828797, -0.023356, 0.023356, -0.122444, 0.556401, 
33.664000, 0.998293, -0.058380, -0.000104, 0.001705, 0.000035, -0.227595, 0.038942, 0.562700, -0.000009, 0.000078, 0.000063, -0.977153, 9.764448, -0.026407, 0.026407, -0.116827, 0.562700, 
33.674000, 0.998474, -0.055201, -0.000098, 0.001706, 0.000031, -0.226541, 0.038942, 0.675440, -0.000006, 0.000063, 0.000068, -0.619304, 9.801563, -0.025211, 0.025211, -0.110459, 0.675440, 
33.684000, 0.998656, -0.051803, -0.000093, 0.001706, 0.000028, -0.225455, 0.038943, 0.682583, -0.000009, 0.000078, 0.000066, -0.873814, 9.772592, -0.026830, 0.026830, -0.103652, 0.682583, 
33.694000, 0.998837, -0.048188, -0.000086, 0.001707, 0.000024, -0.224341, 0.038943, 0.745544, -0.000007, 0.000068, 0.000070, -0.657790, 9.792049, -0.026174, 0.026174, -0.096414, 0.745544, 
33.704000, 0.999010, -0.044443, -0.000080, 0.001708, 0.000020, -0.223205, 0.038943, 0.752160, -0.000007, 0.000072, 0.000069, -0.766032, 9.780545, -0.026984, 0.026984, -0.088915, 0.752160, 
33.714000, 0.999175, -0.040570, -0.000074, 0.001708, 0.000016, -0.222051, 0.038943, 0.788072, -0.000006, 0.000062, 0.000072, -0.624236, 9.791415, -0.026565, 0.026565, -0.081163, 0.788072, 
33.724000, 0.999328, -0.036616, -0.000067, 0.001709, 0.000012, -0.220883, 0.038943, 0.793851, -0.000005, 0.000058, 0.000072, -0.654302, 9.788109, -0.026901, 0.026901, -0.073248, 0.793851, 
33.734000, 0.999468, -0.032583, -0.000060, 0.001710, 0.000008, -0.219706, 0.038944, 0.815023, -0.000004, 0.000046, 0.000074, -0.551177, 9.794707, -0.026562, 0.026562, -0.065179, 0.815023, 
33.744000, 0.999592, -0.028498, -0.000053, 0.001710, 0.000004, -0.218522, 0.038944, 0.820057, -0.000003, 0.000036, 0.000075, -0.539191, 9.794947, -0.016806, 0.016806, -0.057004, 0.820057, 
33.754000, 0.999671, -0.025597, -0.000048, 0.001711, 0.000000, -0.217424, 0.038944, 0.453224, -0.000013, 0.000126, 0.000065, -1.561733, 9.739806, -0.021574, 0.021574, -0.051200, 0.453224, 
33.764000, 0.999726, -0.023329, -0.000044, 0.001711, -0.000004, -0.216373, 0.038944, 0.456379, -0.000007, 0.000086, 0.000091, -0.451056, 9.799034, -0.016143, 0.016143, -0.046662, 0.456379, 
33.774000, 0.999763, -0.021695, -0.000041, 0.001712, -0.000007, -0.215369, 0.038944, 0.258869, -0.000009, 0.000107, 0.000078, -1.015271, 9.773840, -0.018536, 0.018536, -0.043394, 0.258869, 
33.784000, 0.999790, -0.020410, -0.000039, 0.001712, -0.000010, -0.214394, 0.038943, 0.257719, -0.000004, 0.000067, 0.000090, -0.429330, 9.800853, -0.015545, 0.015545, -0.040824, 0.257719, 
33.794000, 0.999809, -0.019476, -0.000038, 0.001713, -0.000014, -0.213448, 0.038943, 0.150216, -0.000004, 0.000066, 0.000082, -0.729335, 9.788745, -0.016733, 0.016733, -0.038955, 0.150216, 
33.804000, 0.999823, -0.018738, -0.000036, 0.001713, -0.000017, -0.212521, 0.038943, 0.147610, -0.000001, 0.000035, 0.000087, -0.416272, 9.801712, -0.015067, 0.015067, -0.037478, 0.147610, 
33.814000, 0.999833, -0.018194, -0.000035, 0.001713, -0.000020, -0.211614, 0.038943, 0.088922, -0.000000, 0.000027, 0.000082, -0.574118, 9.795637, -0.015628, 0.015628, -0.036391, 0.088922, 
33.824000, 0.999841, -0.017762, -0.000035, 0.001713, -0.000023, -0.210720, 0.038943, 0.086368, 0.000001, 0.000006, 0.000085, -0.406185, 9.802090, -0.014676, 0.014676, -0.035525, 0.086368, 
33.834000, 0.999846, -0.017437, -0.000034, 0.001713, -0.000026, -0.209840, 0.038943, 0.054295, 0.000001, -0.000002, 0.000083, -0.488832, 9.798977, -0.014910, 0.014910, -0.034877, 0.054295, 
33.844000, 0.999851, -0.017176, -0.000034, 0.001713, -0.000029, -0.208970, 0.038943, 0.052282, 0.000002, -0.000015, 0.000085, -0.398526, 9.802282, -0.014340, 0.014340, -0.034353, 0.052282, 
33.854000, 0.999854, -0.016974, -0.000033, 0.001713, -0.000032, -0.208111, 0.038943, 0.034748, 0.000002, -0.000021, 0.000084, -0.441590, 9.800681, -0.014402, 0.014402, -0.033950, 0.034748, 
33.864000, 0.999857, -0.016808, -0.000033, 0.001713, -0.000035, -0.207262, 0.038943, 0.033315, 0.000002, -0.000030, 0.000085, -0.392868, 9.802414, -0.014038, 0.014038, -0.033618, 0.033315, 
33.874000, 0.999859, -0.016676, -0.000033, 0.001713, -0.000038, -0.206422, 0.038943, 0.023729, 0.000002, -0.000034, 0.000085, -0.415135, 9.801598, -0.014010, 0.014010, -0.033353, 0.023729, 
33.884000, 0.999861, -0.016563, -0.000033, 0.001713, -0.000040, -0.205589, 0.038943, 0.022772, 0.000002, -0.000039, 0.000086, -0.388701, 9.802525, -0.013756, 0.013756, -0.033127, 0.022772, 
33.894000, 0.999863, -0.016469, -0.000032, 0.001712, -0.000043, -0.204766, 0.038943, 0.017535, 0.000002, -0.000042, 0.000086, -0.400053, 9.802116, -0.013680, 0.013680, -0.032939, 0.017535, 
33.904000, 0.999864, -0.016386, -0.000032, 0.001712, -0.000046, -0.203949, 0.038943, 0.016924, 0.000002, -0.000045, 0.000086, -0.385569, 9.802623, -0.013485, 0.013485, -0.032773, 0.016924, 
33.914000, 0.999865, -0.016313, -0.000032, 0.001712, -0.000049, -0.203141, 0.038943, 0.014068, 0.000002, -0.000046, 0.000086, -0.391197, 9.802425, -0.013384, 0.013384, -0.032628, 0.014068, 
33.924000, 0.999867, -0.016247, -0.000032, 0.001712, -0.000052, -0.202340, 0.038943, 0.013693, 0.000002, -0.000048, 0.000086, -0.383121, 9.802709, -0.013220, 0.013220, -0.032495, 0.013693, 
33.934000, 0.999868, -0.016186, -0.000032, 0.001712, -0.000054, -0.201547, 0.038943, 0.012142, 0.000002, -0.000049, 0.000086, -0.385750, 9.802621, -0.013106, 0.013106, -0.032374, 0.012142, 
33.944000, 0.999868, -0.016129, -0.000032, 0.001711, -0.000057, -0.200761, 0.038943, 0.011922, 0.000002, -0.000050, 0.000087, -0.381109, 9.802786, -0.012957, 0.012957, -0.032259, 0.011922, 
33.954000, 0.999869, -0.016075, -0.000032, 0.001711, -0.000060, -0.199982, 0.038943, 0.011087, 0.000002, -0.000051, 0.000087, -0.382167, 9.802754, -0.012836, 0.012836, -0.032150, 0.011087, 
33.964000, 0.999870, -0.016022, -0.000032, 0.001711, -0.000062, -0.199211, 0.038943, 0.010966, 0.000002, -0.000052, 0.000087, -0.379369, 9.802855, -0.012696, 0.012696, -0.032046, 0.010966, 
33.974000, 0.999871, -0.015972, -0.000032, 0.001711, -0.000065, -0.198447, 0.038943, 0.010524, 0.000002, -0.000052, 0.000087, -0.379604, 9.802852, -0.012570, 0.012570, -0.031944, 0.010524, 
33.984000, 0.999872, -0.015922, -0.000031, 0.001710, -0.000068, -0.197690, 0.038943, 0.010465, 0.000002, -0.000053, 0.000087, -0.377793, 9.802919, -0.012434, 0.012434, -0.031845, 0.010465, 
33.994000, 0.999873, -0.015873, -0.000031, 0.001710, -0.000070, -0.196941, 0.038943, 0.010238, 0.000002, -0.000053, 0.000087, -0.377596, 9.802930, -0.012306, 0.012306, -0.031747, 0.010238, 
34.004000, 0.999873, -0.015825, -0.000031, 0.001710, -0.000073, -0.196199, 0.038943, 0.010217, 0.000002, -0.000053, 0.000087, -0.376313, 9.802979, -0.012172, 0.012172, -0.031651, 0.010217, 
34.014000, 0.999874, -0.015777, -0.000031, 0.001709, -0.000075, -0.195465, 0.038943, 0.010109, 0.000002, -0.000053, 0.000087, -0.375889, 9.802998, -0.012041, 0.012041, -0.031555, 0.010109, 
34.024000, 0.999875, -0.015729, -0.000031, 0.001709, -0.000078, -0.194738, 0.038943, 0.010112, 0.000002, -0.000053, 0.000087, -0.374888, 9.803037, -0.011907, 0.011907, -0.031459, 0.010112, 
34.034000, 0.999876, -0.015681, -0.000031, 0.001709, -0.000080, -0.194018, 0.038943, 0.010069, 0.000002, -0.000054, 0.000087, -0.374343, 9.803060, -0.011776, 0.011776, -0.031364, 0.010069, 
34.044000, 0.999876, -0.015633, -0.000031, 0.001709, -0.000083, -0.193306, 0.038943, 0.010086, 0.000002, -0.000054, 0.000087, -0.373491, 9.803093, -0.011642, 0.011642, -0.031268, 0.010086, 
34.054000, 0.999877, -0.015586, -0.000031, 0.001708, -0.000085, -0.192601, 0.038943, 0.010079, 0.000002, -0.000054, 0.000086, -0.372880, 9.803118, -0.011509, 0.011509, -0.031173, 0.010079, 
34.064000, 0.999878, -0.015538, -0.000031, 0.001708, -0.000087, -0.191904, 0.038943, 0.010105, 0.000002, -0.000054, 0.000086, -0.372106, 9.803149, -0.011374, 0.011374, -0.031078, 0.010105, 
34.074000, 0.999879, -0.015490, -0.000031, 0.001708, -0.000090, -0.191214, 0.038943, 0.010118, 0.000002, -0.000054, 0.000086, -0.371460, 9.803175, -0.011240, 0.011240, -0.030982, 0.010118, 
34.084000, 0.999879, -0.015443, -0.000031, 0.001708, -0.000092, -0.190532, 0.038943, 0.010149, 0.000002, -0.000054, 0.000086, -0.370725, 9.803204, -0.011105, 0.011105, -0.030886, 0.010149, 
34.094000, 0.999880, -0.015395, -0.000030, 0.001707, -0.000094, -0.189857, 0.038943, 0.010173, 0.000002, -0.000054, 0.000086, -0.370058, 9.803231, -0.010969, 0.010969, -0.030790, 0.010173, 
34.104000, 0.999881, -0.015346, -0.000030, 0.001707, -0.000097, -0.189190, 0.038943, 0.010207, 0.000002, -0.000054, 0.000086, -0.369342, 9.803260, -0.010833, 0.010833, -0.030694, 0.010207, 
34.114000, 0.999882, -0.015298, -0.000030, 0.001707, -0.000099, -0.188531, 0.038943, 0.010238, 0.000002, -0.000054, 0.000086, -0.368661, 9.803287, -0.010697, 0.010697, -0.030597, 0.010238, 
34.124000, 0.999882, -0.015250, -0.000030, 0.001707, -0.000101, -0.187879, 0.038943, 0.010273, 0.000002, -0.000055, 0.000086, -0.367953, 9.803315, -0.010560, 0.010560, -0.030501, 0.010273, 
34.134000, 0.999883, -0.015201, -0.000030, 0.001706, -0.000103, -0.187235, 0.038943, 0.010308, 0.000002, -0.000055, 0.000086, -0.367263, 9.803343, -0.010422, 0.010422, -0.030403, 0.010308, 
34.144000, 0.999884, -0.015152, -0.000030, 0.001706, -0.000105, -0.186599, 0.038943, 0.010345, 0.000002, -0.000055, 0.000086, -0.366557, 9.803371, -0.010284, 0.010284, -0.030306, 0.010345, 
34.154000, 0.999884, -0.015103, -0.000030, 0.001706, -0.000108, -0.185970, 0.038943, 0.010381, 0.000002, -0.000055, 0.000086, -0.365859, 9.803399, -0.010146, 0.010146, -0.030208, 0.010381, 
34.164000, 0.999885, -0.015054, -0.000030, 0.001705, -0.000110, -0.185349, 0.038943, 0.010419, 0.000002, -0.000055, 0.000086, -0.365151, 9.803427, -0.010007, 0.010007, -0.030110, 0.010419, 
34.174000, 0.999886, -0.015005, -0.000030, 0.001705, -0.000112, -0.184736, 0.038943, 0.010457, 0.000002, -0.000055, 0.000086, -0.364447, 9.803455, -0.009867, 0.009867, -0.030011, 0.010457, 
34.184000, 0.999887, -0.014955, -0.000030, 0.001705, -0.000114, -0.184131, 0.038943, 0.010496, 0.000002, -0.000055, 0.000086, -0.363736, 9.803483, -0.009727, 0.009727, -0.029912, 0.010496, 
34.194000, 0.999887, -0.014906, -0.000030, 0.001705, -0.000116, -0.183534, 0.038943, 0.010534, 0.000002, -0.000055, 0.000086, -0.363026, 9.803511, -0.009587, 0.009587, -0.029813, 0.010534, 
34.204000, 0.999888, -0.014856, -0.000029, 0.001704, -0.000118, -0.182945, 0.038943, 0.010573, 0.000002, -0.000055, 0.000086, -0.362311, 9.803539, -0.009446, 0.009446, -0.029713, 0.010573, 
34.214000, 0.999889, -0.014806, -0.000029, 0.001704, -0.000120, -0.182363, 0.038943, 0.010612, 0.000002, -0.000056, 0.000086, -0.361595, 9.803567, -0.009304, 0.009304, -0.029613, 0.010612, 
34.224000, 0.999890, -0.014756, -0.000029, 0.001704, -0.000122, -0.181789, 0.038943, 0.010652, 0.000002, -0.000056, 0.000086, -0.360876, 9.803595, -0.009162, 0.009162, -0.029512, 0.010652, 
34.234000, 0.999890, -0.014705, -0.000029, 0.001704, -0.000124, -0.181224, 0.038943, 0.010691, 0.000002, -0.000056, 0.000086, -0.360154, 9.803624, -0.009019, 0.009019, -0.029411, 0.010691, 
34.244000, 0.999891, -0.014655, -0.000029, 0.001703, -0.000126, -0.180666, 0.038943, 0.010731, 0.000002, -0.000056, 0.000086, -0.359430, 9.803652, -0.008876, 0.008876, -0.029310, 0.010731, 
34.254000, 0.999892, -0.014604, -0.000029, 0.001703, -0.000128, -0.180117, 0.038943, 0.010771, 0.000002, -0.000056, 0.000086, -0.358703, 9.803680, -0.008732, 0.008732, -0.029209, 0.010771, 
34.264000, 0.999893, -0.014553, -0.000029, 0.001703, -0.000129, -0.179575, 0.038943, 0.010812, 0.000002, -0.000056, 0.000086, -0.357973, 9.803709, -0.008588, 0.008588, -0.029107, 0.010812, 
34.274000, 0.999893, -0.014502, -0.000029, 0.001702, -0.000131, -0.179042, 0.038943, 0.010852, 0.000002, -0.000056, 0.000086, -0.357241, 9.803737, -0.008443, 0.008443, -0.029004, 0.010852, 
34.284000, 0.999894, -0.014450, -0.000029, 0.001702, -0.000133, -0.178517, 0.038943, 0.010892, 0.000002, -0.000057, 0.000086, -0.356505, 9.803766, -0.008298, 0.008298, -0.028902, 0.010892, 
34.294000, 0.999895, -0.014399, -0.000029, 0.001702, -0.000135, -0.178000, 0.038943, 0.010933, 0.000002, -0.000057, 0.000086, -0.355768, 9.803795, -0.008152, 0.008152, -0.028798, 0.010933, 
34.304000, 0.999896, -0.014347, -0.000029, 0.001702, -0.000136, -0.177491, 0.038943, 0.010974, 0.000002, -0.000057, 0.000086, -0.355027, 9.803823, -0.008005, 0.008005, -0.028695, 0.010974, 
34.314000, 0.999896, -0.014295, -0.000028, 0.001701, -0.000138, -0.176990, 0.038943, 0.011015, 0.000002, -0.000057, 0.000086, -0.354283, 9.803852, -0.007858, 0.007858, -0.028591, 0.011015, 
34.324000, 0.999897, -0.014243, -0.000028, 0.001701, -0.000140, -0.176498, 0.038943, 0.011056, 0.000002, -0.000057, 0.000086, -0.353537, 9.803881, -0.007711, 0.007711, -0.028487, 0.011056, 
34.334000, 0.999898, -0.014191, -0.000028, 0.001701, -0.000142, -0.176013, 0.038943, 0.011098, 0.000002, -0.000057, 0.000086, -0.352788, 9.803910, -0.007563, 0.007563, -0.028382, 0.011098, 
34.344000, 0.999899, -0.014138, -0.000028, 0.001700, -0.000143, -0.175538, 0.038943, 0.011139, 0.000002, -0.000058, 0.000085, -0.352036, 9.803939, -0.007414, 0.007414, -0.028277, 0.011139, 
34.354000, 0.999899, -0.014085, -0.000028, 0.001700, -0.000145, -0.175070, 0.038943, 0.011181, 0.000002, -0.000058, 0.000085, -0.351282, 9.803968, -0.007265, 0.007265, -0.028172, 0.011181, 
34.364000, 0.999900, -0.014032, -0.000028, 0.001700, -0.000146, -0.174611, 0.038943, 0.011222, 0.000002, -0.000058, 0.000085, -0.350524, 9.803997, -0.007115, 0.007115, -0.028066, 0.011222, 
34.374000, 0.999901, -0.013979, -0.000028, 0.001700, -0.000148, -0.174160, 0.038943, 0.011264, 0.000002, -0.000058, 0.000085, -0.349764, 9.804026, -0.006965, 0.006965, -0.027960, 0.011264, 
34.384000, 0.999902, -0.013926, -0.000028, 0.001699, -0.000149, -0.173718, 0.038943, 0.011307, 0.000002, -0.000058, 0.000085, -0.349001, 9.804055, -0.006814, 0.006814, -0.027853, 0.011307, 
34.394000, 0.999902, -0.013872, -0.000028, 0.001699, -0.000151, -0.173284, 0.038943, 0.011349, 0.000002, -0.000059, 0.000085, -0.348235, 9.804084, -0.006662, 0.006662, -0.027746, 0.011349, 
34.404000, 0.999903, -0.013819, -0.000028, 0.001699, -0.000152, -0.172859, 0.038943, 0.011391, 0.000002, -0.000059, 0.000085, -0.347466, 9.804114, -0.006510, 0.006510, -0.027638, 0.011391, 
34.414000, 0.999904, -0.013765, -0.000028, 0.001698, -0.000154, -0.172442, 0.038943, 0.011434, 0.000002, -0.000059, 0.000085, -0.346694, 9.804143, -0.006358, 0.006358, -0.027531, 0.011434, 
34.424000, 0.999905, -0.013711, -0.000027, 0.001698, -0.000155, -0.172034, 0.038943, 0.011477, 0.000002, -0.000059, 0.000085, -0.345920, 9.804172, -0.006205, 0.006205, -0.027422, 0.011477, 
34.434000, 0.999905, -0.013656, -0.000027, 0.001698, -0.000156, -0.171634, 0.038943, 0.011519, 0.000002, -0.000059, 0.000085, -0.345142, 9.804202, -0.006051, 0.006051, -0.027314, 0.011519, 
34.444000, 0.999906, -0.013602, -0.000027, 0.001698, -0.000158, -0.171243, 0.038943, 0.011563, 0.000002, -0.000060, 0.000085, -0.344362, 9.804231, -0.005896, 0.005896, -0.027205, 0.011563, 
34.454000, 0.999907, -0.013547, -0.000027, 0.001697, -0.000159, -0.170861, 0.038943, 0.011606, 0.000002, -0.000060, 0.000085, -0.343579, 9.804261, -0.005742, 0.005742, -0.027095, 0.011606, 
34.464000, 0.999908, -0.013492, -0.000027, 0.001697, -0.000160, -0.170487, 0.038943, 0.011649, 0.000002, -0.000060, 0.000085, -0.342792, 9.804291, -0.005586, 0.005586, -0.026985, 0.011649, 
34.474000, 0.999908, -0.013437, -0.000027, 0.001697, -0.000162, -0.170122, 0.038943, 0.011693, 0.000002, -0.000060, 0.000085, -0.342003, 9.804320, -0.005430, 0.005430, -0.026875, 0.011693, 
34.484000, 0.999909, -0.013382, -0.000027, 0.001696, -0.000163, -0.169766, 0.038943, 0.011736, 0.000002, -0.000061, 0.000085, -0.341211, 9.804350, -0.005273, 0.005273, -0.026764, 0.011736, 
34.494000, 0.999910, -0.013326, -0.000027, 0.001696, -0.000164, -0.169419, 0.038943, 0.011780, 0.000002, -0.000061, 0.000085, -0.340416, 9.804380, -0.005116, 0.005116, -0.026653, 0.011780, 
34.504000, 0.999911, -0.013270, -0.000027, 0.001696, -0.000165, -0.169080, 0.038943, 0.011824, 0.000002, -0.000061, 0.000085, -0.339618, 9.804410, -0.004958, 0.004958, -0.026542, 0.011824, 
34.514000, 0.999911, -0.013214, -0.000027, 0.001695, -0.000166, -0.168750, 0.038943, 0.011869, 0.000002, -0.000061, 0.000085, -0.338817, 9.804439, -0.004800, 0.004800, -0.026430, 0.011869, 
34.524000, 0.999912, -0.013158, -0.000026, 0.001695, -0.000167, -0.168430, 0.038943, 0.011913, 0.000002, -0.000062, 0.000085, -0.338012, 9.804469, -0.004641, 0.004641, -0.026317, 0.011913, 
34.534000, 0.999913, -0.013102, -0.000026, 0.001695, -0.000168, -0.168118, 0.038943, 0.011957, 0.000002, -0.000062, 0.000085, -0.337205, 9.804499, -0.004481, 0.004481, -0.026205, 0.011957, 
34.544000, 0.999913, -0.013045, -0.000026, 0.001695, -0.000169, -0.167815, 0.038943, 0.012002, 0.000002, -0.000062, 0.000085, -0.336395, 9.804529, -0.004321, 0.004321, -0.026091, 0.012002, 
34.554000, 0.999914, -0.012989, -0.000026, 0.001694, -0.000170, -0.167521, 0.038943, 0.012047, 0.000002, -0.000062, 0.000085, -0.335582, 9.804560, -0.004160, 0.004160, -0.025978, 0.012047, 
34.564000, 0.999915, -0.012931, -0.000026, 0.001694, -0.000171, -0.167236, 0.038943, 0.012092, 0.000002, -0.000063, 0.000085, -0.334766, 9.804590, -0.003999, 0.003999, -0.025864, 0.012092, 
34.574000, 0.999916, -0.012874, -0.000026, 0.001694, -0.000172, -0.166960, 0.038943, 0.012137, 0.000002, -0.000063, 0.000085, -0.333947, 9.804620, -0.003837, 0.003837, -0.025749, 0.012137, 
34.584000, 0.999916, -0.012817, -0.000026, 0.001693, -0.000173, -0.166693, 0.038943, 0.012183, 0.000002, -0.000063, 0.000084, -0.333124, 9.804650, -0.003674, 0.003674, -0.025634, 0.012183, 
34.594000, 0.999917, -0.012759, -0.000026, 0.001693, -0.000174, -0.166436, 0.038943, 0.012228, 0.000002, -0.000063, 0.000084, -0.332299, 9.804680, -0.003511, 0.003511, -0.025519, 0.012228, 
34.604000, 0.999918, -0.012701, -0.000026, 0.001693, -0.000175, -0.166187, 0.038943, 0.012274, 0.000002, -0.000064, 0.000084, -0.331471, 9.804711, -0.003347, 0.003347, -0.025403, 0.012274, 
34.614000, 0.999919, -0.012643, -0.000026, 0.001692, -0.000176, -0.165948, 0.038943, 0.012320, 0.000002, -0.000064, 0.000084, -0.330639, 9.804741, -0.003183, 0.003183, -0.025287, 0.012320, 
34.624000, 0.999919, -0.012585, -0.000025, 0.001692, -0.000176, -0.165718, 0.038943, 0.012366, 0.000002, -0.000064, 0.000084, -0.329804, 9.804772, -0.003018, 0.003018, -0.025170, 0.012366, 
34.634000, 0.999920, -0.012526, -0.000025, 0.001692, -0.000177, -0.165497, 0.038943, 0.012412, 0.000002, -0.000065, 0.000084, -0.328967, 9.804802, -0.002852, 0.002852, -0.025053, 0.012412, 
34.644000, 0.999921, -0.012468, -0.000025, 0.001691, -0.000178, -0.165285, 0.038943, 0.012459, 0.000002, -0.000065, 0.000084, -0.328126, 9.804833, -0.002686, 0.002686, -0.024936, 0.012459, 
34.654000, 0.999922, -0.012409, -0.000025, 0.001691, -0.000179, -0.165083, 0.038943, 0.012505, 0.000002, -0.000065, 0.000084, -0.327281, 9.804863, -0.002519, 0.002519, -0.024818, 0.012505, 
34.664000, 0.999922, -0.012349, -0.000025, 0.001691, -0.000179, -0.164890, 0.038943, 0.012552, 0.000002, -0.000066, 0.000084, -0.326434, 9.804894, -0.002352, 0.002352, -0.024700, 0.012552, 
34.674000, 0.999923, -0.012290, -0.000025, 0.001690, -0.000180, -0.164707, 0.038943, 0.012599, 0.000002, -0.000066, 0.000084, -0.325584, 9.804925, -0.002184, 0.002184, -0.024581, 0.012599, 
34.684000, 0.999924, -0.012230, -0.000025, 0.001690, -0.000180, -0.164533, 0.038943, 0.012646, 0.000002, -0.000066, 0.000084, -0.324730, 9.804956, -0.002015, 0.002015, -0.024461, 0.012646, 
34.694000, 0.999925, -0.012171, -0.000025, 0.001690, -0.000181, -0.164369, 0.038943, 0.012693, 0.000002, -0.000067, 0.000084, -0.323873, 9.804986, -0.001845, 0.001845, -0.024342, 0.012693, 
34.704000, 0.999925, -0.012110, -0.000025, 0.001689, -0.000182, -0.164214, 0.038943, 0.012741, 0.000002, -0.000067, 0.000084, -0.323013, 9.805017, -0.001675, 0.001675, -0.024222, 0.012741, 
34.714000, 0.999926, -0.012050, -0.000025, 0.001689, -0.000182, -0.164068, 0.038943, 0.012788, 0.000002, -0.000067, 0.000084, -0.322150, 9.805048, -0.001505, 0.001505, -0.024101, 0.012788, 
34.724000, 0.999927, -0.011990, -0.000024, 0.001689, -0.000183, -0.163932, 0.038943, 0.012836, 0.000002, -0.000068, 0.000084, -0.321284, 9.805079, -0.001333, 0.001333, -0.023980, 0.012836, 
34.734000, 0.999927, -0.011929, -0.000024, 0.001688, -0.000183, -0.163806, 0.038943, 0.012884, 0.000002, -0.000068, 0.000084, -0.320414, 9.805110, -0.001161, 0.001161, -0.023858, 0.012884, 
34.744000, 0.999928, -0.011868, -0.000024, 0.001688, -0.000183, -0.163689, 0.038943, 0.012932, 0.000002, -0.000068, 0.000084, -0.319541, 9.805141, -0.000989, 0.000989, -0.023736, 0.012932, 
34.754000, 0.999929, -0.011807, -0.000024, 0.001688, -0.000184, -0.163582, 0.038943, 0.012981, 0.000002, -0.000069, 0.000084, -0.318665, 9.805172, -0.000816, 0.000816, -0.023614, 0.012981, 
34.764000, 0.999930, -0.011745, -0.000024, 0.001687, -0.000184, -0.163485, 0.038943, 0.013029, 0.000002, -0.000069, 0.000083, -0.317785, 9.805204, -0.000642, 0.000642, -0.023491, 0.013029, 
34.774000, 0.999930, -0.011684, -0.000024, 0.001687, -0.000184, -0.163398, 0.038943, 0.013078, 0.000002, -0.000069, 0.000083, -0.316903, 9.805235, -0.000467, 0.000467, -0.023368, 0.013078, 
34.784000, 0.999931, -0.011622, -0.000024, 0.001687, -0.000185, -0.163320, 0.038943, 0.013127, 0.000002, -0.000070, 0.000083, -0.316017, 9.805266, -0.000292, 0.000292, -0.023244, 0.013127, 
34.794000, 0.999932, -0.011560, -0.000024, 0.001686, -0.000185, -0.163252, 0.038943, 0.013176, 0.000002, -0.000070, 0.000083, -0.315127, 9.805297, -0.000116, 0.000116, -0.023120, 0.013176, 
34.804000, 0.999932, -0.011497, -0.000024, 0.001686, -0.000185, -0.163194, 0.038943, 0.013225, 0.000002, -0.000070, 0.000083, -0.314235, 9.805329, 0.000060, -0.000060, -0.022995, 0.013225, 
34.814000, 0.999933, -0.011435, -0.000023, 0.001686, -0.000185, -0.163146, 0.038943, 0.013275, 0.000002, -0.000071, 0.000083, -0.313338, 9.805360, 0.000238, -0.000238, -0.022870, 0.013275, 
34.824000, 0.999934, -0.011372, -0.000023, 0.001685, -0.000185, -0.163108, 0.038943, 0.013324, 0.000002, -0.000071, 0.000083, -0.312439, 9.805392, 0.000415, -0.000415, -0.022744, 0.013324, 
34.834000, 0.999935, -0.011309, -0.000023, 0.001685, -0.000185, -0.163080, 0.038943, 0.013374, 0.000002, -0.000072, 0.000083, -0.311536, 9.805423, 0.000594, -0.000594, -0.022618, 0.013374, 
34.844000, 0.999935, -0.011245, -0.000023, 0.001685, -0.000185, -0.163062, 0.038943, 0.013424, 0.000002, -0.000072, 0.000083, -0.310630, 9.805455, 0.000773, -0.000773, -0.022491, 0.013424, 
34.854000, 0.999936, -0.011182, -0.000023, 0.001684, -0.000185, -0.163054, 0.038943, 0.013474, 0.000002, -0.000072, 0.000083, -0.309721, 9.805486, 0.000953, -0.000953, -0.022364, 0.013474, 
34.864000, 0.999937, -0.011118, -0.000023, 0.001684, -0.000185, -0.163056, 0.038943, 0.013525, 0.000002, -0.000073, 0.000083, -0.308808, 9.805518, 0.001133, -0.001133, -0.022237, 0.013525, 
34.874000, 0.999937, -0.011054, -0.000023, 0.001683, -0.000185, -0.163068, 0.038943, 0.013575, 0.000002, -0.000073, 0.000083, -0.307891, 9.805549, 0.001315, -0.001315, -0.022109, 0.013575, 
34.884000, 0.999938, -0.010990, -0.000023, 0.001683, -0.000185, -0.163090, 0.038943, 0.013626, 0.000002, -0.000073, 0.000083, -0.306971, 9.805581, 0.001496, -0.001496, -0.021980, 0.013626, 
34.894000, 0.999939, -0.010925, -0.000023, 0.001683, -0.000185, -0.163123, 0.038943, 0.013677, 0.000002, -0.000074, 0.000083, -0.306048, 9.805613, 0.001679, -0.001679, -0.021851, 0.013677, 
34.904000, 0.999940, -0.010861, -0.000022, 0.001682, -0.000185, -0.163166, 0.038943, 0.013728, 0.000002, -0.000074, 0.000083, -0.305122, 9.805645, 0.001862, -0.001862, -0.021722, 0.013728, 
34.914000, 0.999940, -0.010796, -0.000022, 0.001682, -0.000185, -0.163219, 0.038943, 0.013779, 0.000002, -0.000075, 0.000082, -0.304191, 9.805676, 0.002046, -0.002046, -0.021592, 0.013779, 
34.924000, 0.999941, -0.010730, -0.000022, 0.001682, -0.000185, -0.163282, 0.038943, 0.013831, 0.000002, -0.000075, 0.000082, -0.303258, 9.805708, 0.002231, -0.002231, -0.021461, 0.013831, 
34.934000, 0.999942, -0.010665, -0.000022, 0.001681, -0.000184, -0.163356, 0.038943, 0.013882, 0.000002, -0.000076, 0.000082, -0.302321, 9.805740, 0.002416, -0.002416, -0.021330, 0.013882, 
34.944000, 0.999942, -0.010599, -0.000022, 0.001681, -0.000184, -0.163440, 0.038943, 0.013934, 0.000002, -0.000076, 0.000082, -0.301380, 9.805772, 0.002602, -0.002602, -0.021199, 0.013934, 
34.954000, 0.999943, -0.010533, -0.000022, 0.001681, -0.000184, -0.163534, 0.038943, 0.013986, 0.000002, -0.000076, 0.000082, -0.300436, 9.805804, 0.002789, -0.002789, -0.021067, 0.013986, 
34.964000, 0.999944, -0.010467, -0.000022, 0.001680, -0.000184, -0.163639, 0.038943, 0.014039, 0.000002, -0.000077, 0.000082, -0.299488, 9.805836, 0.002976, -0.002976, -0.020935, 0.014039, 
34.974000, 0.999945, -0.010401, -0.000022, 0.001680, -0.000183, -0.163755, 0.038943, 0.014091, 0.000002, -0.000077, 0.000082, -0.298537, 9.805868, 0.003164, -0.003164, -0.020802, 0.014091, 
34.984000, 0.999945, -0.010334, -0.000022, 0.001679, -0.000183, -0.163881, 0.038943, 0.014144, 0.000002, -0.000078, 0.000082, -0.297582, 9.805900, 0.003353, -0.003353, -0.020668, 0.014144, 
34.994000, 0.999946, -0.010267, -0.000021, 0.001679, -0.000182, -0.164018, 0.038943, 0.014197, 0.000002, -0.000078, 0.000082, -0.296624, 9.805933, 0.003542, -0.003542, -0.020534, 0.014197, 
35.004000, 0.999947, -0.010200, -0.000021, 0.001679, -0.000182, -0.164165, 0.038943, 0.014250, 0.000002, -0.000079, 0.000082, -0.295662, 9.805965, 0.003732, -0.003732, -0.020400, 0.014250, 
35.014000, 0.999947, -0.010132, -0.000021, 0.001678, -0.000181, -0.164323, 0.038943, 0.014303, 0.000002, -0.000079, 0.000082, -0.294696, 9.805997, 0.003923, -0.003923, -0.020265, 0.014303, 
35.024000, 0.999948, -0.010065, -0.000021, 0.001678, -0.000181, -0.164492, 0.038943, 0.014357, 0.000002, -0.000080, 0.000082, -0.293727, 9.806029, 0.004115, -0.004115, -0.020130, 0.014357, 
35.034000, 0.999949, -0.009997, -0.000021, 0.001677, -0.000180, -0.164671, 0.038943, 0.014410, 0.000002, -0.000080, 0.000081, -0.292754, 9.806061, 0.004307, -0.004307, -0.019994, 0.014410, 
35.044000, 0.999949, -0.009928, -0.000021, 0.001677, -0.000179, -0.164862, 0.038943, 0.014464, 0.000002, -0.000080, 0.000081, -0.291778, 9.806094, 0.004500, -0.004500, -0.019857, 0.014464, 
35.054000, 0.999950, -0.009860, -0.000021, 0.001677, -0.000179, -0.165063, 0.038943, 0.014518, 0.000002, -0.000081, 0.000081, -0.290798, 9.806126, 0.004694, -0.004694, -0.019720, 0.014518, 
35.064000, 0.999951, -0.009791, -0.000021, 0.001676, -0.000178, -0.165275, 0.038943, 0.014573, 0.000002, -0.000081, 0.000081, -0.289814, 9.806159, 0.004889, -0.004889, -0.019583, 0.014573, 
35.074000, 0.999951, -0.009722, -0.000020, 0.001676, -0.000177, -0.165498, 0.038943, 0.014627, 0.000002, -0.000082, 0.000081, -0.288826, 9.806191, 0.005084, -0.005084, -0.019445, 0.014627, 
35.084000, 0.999952, -0.009653, -0.000020, 0.001675, -0.000176, -0.165731, 0.038943, 0.014682, 0.000002, -0.000082, 0.000081, -0.287835, 9.806223, 0.005280, -0.005280, -0.019306, 0.014682, 
35.094000, 0.999953, -0.009584, -0.000020, 0.001675, -0.000176, -0.165976, 0.038943, 0.014737, 0.000002, -0.000083, 0.000081, -0.286840, 9.806256, 0.005476, -0.005476, -0.019167, 0.014737, 
35.104000, 0.999953, -0.009514, -0.000020, 0.001675, -0.000175, -0.166232, 0.038943, 0.014792, 0.000002, -0.000083, 0.000081, -0.285842, 9.806288, 0.005674, -0.005674, -0.019028, 0.014792, 
35.114000, 0.999954, -0.009444, -0.000020, 0.001674, -0.000174, -0.166499, 0.038943, 0.014847, 0.000002, -0.000084, 0.000081, -0.284840, 9.806321, 0.005872, -0.005872, -0.018888, 0.014847, 
35.124000, 0.999955, -0.009374, -0.000020, 0.001674, -0.000173, -0.166777, 0.038943, 0.014903, 0.000002, -0.000084, 0.000081, -0.283834, 9.806354, 0.006071, -0.006071, -0.018747, 0.014903, 
35.134000, 0.999955, -0.009303, -0.000020, 0.001673, -0.000172, -0.167066, 0.038943, 0.014958, 0.000002, -0.000085, 0.000080, -0.282824, 9.806386, 0.006270, -0.006270, -0.018606, 0.014958, 
35.144000, 0.999956, -0.009232, -0.000020, 0.001673, -0.000171, -0.167367, 0.038943, 0.015014, 0.000002, -0.000085, 0.000080, -0.281810, 9.806419, 0.006471, -0.006471, -0.018465, 0.015014, 
35.154000, 0.999957, -0.009161, -0.000019, 0.001672, -0.000170, -0.167679, 0.038943, 0.015070, 0.000002, -0.000086, 0.000080, -0.280793, 9.806452, 0.006672, -0.006672, -0.018323, 0.015070, 
35.164000, 0.999957, -0.009090, -0.000019, 0.001672, -0.000169, -0.168001, 0.038943, 0.015127, 0.000002, -0.000086, 0.000080, -0.279772, 9.806484, 0.006874, -0.006874, -0.018180, 0.015127, 
35.174000, 0.999958, -0.009018, -0.000019, 0.001672, -0.000168, -0.168336, 0.038943, 0.015183, 0.000002, -0.000087, 0.000080, -0.278747, 9.806517, 0.007076, -0.007076, -0.018037, 0.015183, 
35.184000, 0.999959, -0.008946, -0.000019, 0.001671, -0.000167, -0.168681, 0.038943, 0.015240, 0.000002, -0.000088, 0.000080, -0.277718, 9.806550, 0.007280, -0.007280, -0.017893, 0.015240, 
35.194000, 0.999959, -0.008874, -0.000019, 0.001671, -0.000165, -0.169039, 0.038943, 0.015297, 0.000002, -0.000088, 0.000080, -0.276685, 9.806583, 0.007484, -0.007484, -0.017749, 0.015297, 
35.204000, 0.999960, -0.008802, -0.000019, 0.001670, -0.000164, -0.169407, 0.038943, 0.015354, 0.000002, -0.000089, 0.000080, -0.275648, 9.806615, 0.007689, -0.007689, -0.017604, 0.015354, 
35.214000, 0.999961, -0.008729, -0.000019, 0.001670, -0.000163, -0.169787, 0.038943, 0.015412, 0.000002, -0.000089, 0.000080, -0.274608, 9.806648, 0.007895, -0.007895, -0.017458, 0.015412, 
35.224000, 0.999961, -0.008656, -0.000019, 0.001669, -0.000162, -0.170179, 0.038943, 0.015469, 0.000002, -0.000090, 0.000079, -0.273564, 9.806681, 0.008101, -0.008101, -0.017313, 0.015469, 
35.234000, 0.999962, -0.008583, -0.000018, 0.001669, -0.000160, -0.170582, 0.038943, 0.015527, 0.000002, -0.000090, 0.000079, -0.272515, 9.806714, 0.008308, -0.008308, -0.017166, 0.015527, 
35.244000, 0.999962, -0.008509, -0.000018, 0.001669, -0.000159, -0.170997, 0.038943, 0.015585, 0.000002, -0.000091, 0.000079, -0.271463, 9.806747, 0.008516, -0.008516, -0.017019, 0.015585, 
35.254000, 0.999963, -0.008436, -0.000018, 0.001668, -0.000157, -0.171423, 0.038943, 0.015643, 0.000002, -0.000091, 0.000079, -0.270407, 9.806780, 0.008725, -0.008725, -0.016872, 0.015643, 
35.264000, 0.999964, -0.008362, -0.000018, 0.001668, -0.000156, -0.171861, 0.038943, 0.015702, 0.000002, -0.000092, 0.000079, -0.269347, 9.806813, 0.008935, -0.008935, -0.016723, 0.015702, 
35.274000, 0.999964, -0.008287, -0.000018, 0.001667, -0.000155, -0.172311, 0.038943, 0.015761, 0.000002, -0.000093, 0.000079, -0.268283, 9.806846, 0.009145, -0.009145, -0.016575, 0.015761, 
35.284000, 0.999965, -0.008213, -0.000018, 0.001667, -0.000153, -0.172773, 0.038943, 0.015819, 0.000002, -0.000093, 0.000079, -0.267215, 9.806879, 0.009356, -0.009356, -0.016426, 0.015819, 
35.294000, 0.999965, -0.008138, -0.000018, 0.001666, -0.000151, -0.173247, 0.038943, 0.015879, 0.000002, -0.000094, 0.000079, -0.266143, 9.806912, 0.009568, -0.009568, -0.016276, 0.015879, 
35.304000, 0.999966, -0.008063, -0.000018, 0.001666, -0.000150, -0.173732, 0.038943, 0.015938, 0.000002, -0.000094, 0.000078, -0.265067, 9.806945, 0.009781, -0.009781, -0.016126, 0.015938, 
35.314000, 0.999967, -0.007987, -0.000017, 0.001665, -0.000148, -0.174229, 0.038943, 0.015998, 0.000002, -0.000095, 0.000078, -0.263987, 9.806978, 0.009994, -0.009994, -0.015975, 0.015998, 
35.324000, 0.999967, -0.007912, -0.000017, 0.001665, -0.000146, -0.174739, 0.038943, 0.016057, 0.000002, -0.000096, 0.000078, -0.262903, 9.807011, 0.010209, -0.010209, -0.015823, 0.016057, 
35.334000, 0.999968, -0.007835, -0.000017, 0.001664, -0.000145, -0.175260, 0.038943, 0.016117, 0.000002, -0.000096, 0.000078, -0.261815, 9.807044, 0.010424, -0.010424, -0.015671, 0.016117, 
35.344000, 0.999969, -0.007759, -0.000017, 0.001664, -0.000143, -0.175794, 0.038943, 0.016178, 0.000002, -0.000097, 0.000078, -0.260722, 9.807078, 0.010640, -0.010640, -0.015519, 0.016178, 
35.354000, 0.999969, -0.007683, -0.000017, 0.001663, -0.000141, -0.176339, 0.038943, 0.016238, 0.000002, -0.000097, 0.000078, -0.259626, 9.807111, 0.010856, -0.010856, -0.015365, 0.016238, 
35.364000, 0.999970, -0.007606, -0.000017, 0.001663, -0.000139, -0.176897, 0.038943, 0.016299, 0.000002, -0.000098, 0.000078, -0.258526, 9.807144, 0.011074, -0.011074, -0.015212, 0.016299, 
35.374000, 0.999970, -0.007529, -0.000017, 0.001662, -0.000137, -0.177467, 0.038943, 0.016360, 0.000002, -0.000099, 0.000077, -0.257421, 9.807177, 0.011292, -0.011292, -0.015057, 0.016360, 
35.384000, 0.999971, -0.007451, -0.000017, 0.001662, -0.000135, -0.178049, 0.038943, 0.016421, 0.000002, -0.000099, 0.000077, -0.256313, 9.807210, 0.011511, -0.011511, -0.014903, 0.016421, 
35.394000, 0.999971, -0.007373, -0.000016, 0.001661, -0.000133, -0.178644, 0.038943, 0.016482, 0.000002, -0.000100, 0.000077, -0.255200, 9.807243, 0.011731, -0.011731, -0.014747, 0.016482, 
35.404000, 0.999972, -0.007295, -0.000016, 0.001661, -0.000131, -0.179251, 0.038943, 0.016544, 0.000002, -0.000101, 0.000077, -0.254083, 9.807277, 0.011952, -0.011952, -0.014591, 0.016544, 
35.414000, 0.999973, -0.007217, -0.000016, 0.001660, -0.000129, -0.179870, 0.038943, 0.016606, 0.000002, -0.000101, 0.000077, -0.252962, 9.807310, 0.012174, -0.012174, -0.014434, 0.016606, 
35.424000, 0.999973, -0.007139, -0.000016, 0.001660, -0.000127, -0.180502, 0.038943, 0.016668, 0.000002, -0.000102, 0.000077, -0.251836, 9.807343, 0.012396, -0.012396, -0.014277, 0.016668, 
35.434000, 0.999974, -0.007060, -0.000016, 0.001659, -0.000125, -0.181146, 0.038943, 0.016730, 0.000002, -0.000103, 0.000076, -0.250707, 9.807376, 0.012619, -0.012619, -0.014119, 0.016730, 
35.444000, 0.999974, -0.006980, -0.000016, 0.001659, -0.000123, -0.181803, 0.038943, 0.016793, 0.000002, -0.000103, 0.000076, -0.249573, 9.807410, 0.012844, -0.012844, -0.013961, 0.016793, 
35.454000, 0.999975, -0.006901, -0.000016, 0.001658, -0.000121, -0.182472, 0.038943, 0.016856, 0.000002, -0.000104, 0.000076, -0.248435, 9.807443, 0.013069, -0.013069, -0.013802, 0.016856, 
35.464000, 0.999975, -0.006821, -0.000015, 0.001658, -0.000118, -0.183154, 0.038943, 0.016919, 0.000002, -0.000105, 0.000076, -0.247293, 9.807476, 0.013294, -0.013294, -0.013642, 0.016919, 
35.474000, 0.999976, -0.006741, -0.000015, 0.001657, -0.000116, -0.183849, 0.038943, 0.016982, 0.000002, -0.000106, 0.000076, -0.246146, 9.807509, 0.013521, -0.013521, -0.013482, 0.016982, 
35.484000, 0.999976, -0.006661, -0.000015, 0.001657, -0.000114, -0.184556, 0.038943, 0.017045, 0.000001, -0.000106, 0.000076, -0.244995, 9.807543, 0.013749, -0.013749, -0.013322, 0.017045, 
35.494000, 0.999977, -0.006580, -0.000015, 0.001656, -0.000111, -0.185276, 0.038943, 0.017109, 0.000001, -0.000107, 0.000075, -0.243840, 9.807576, 0.013977, -0.013977, -0.013160, 0.017109, 
35.504000, 0.999978, -0.006499, -0.000015, 0.001656, -0.000109, -0.186009, 0.038943, 0.017173, 0.000001, -0.000108, 0.000075, -0.242681, 9.807609, 0.014206, -0.014206, -0.012998, 0.017173, 
35.514000, 0.999978, -0.006418, -0.000015, 0.001655, -0.000107, -0.186755, 0.038943, 0.017237, 0.000001, -0.000108, 0.000075, -0.241517, 9.807643, 0.014436, -0.014436, -0.012836, 0.017237, 
35.524000, 0.999979, -0.006336, -0.000015, 0.001655, -0.000104, -0.187513, 0.038943, 0.017302, 0.000001, -0.000109, 0.000075, -0.240348, 9.807676, 0.014667, -0.014667, -0.012672, 0.017302, 
35.534000, 0.999979, -0.006254, -0.000015, 0.001654, -0.000101, -0.188285, 0.038943, 0.017366, 0.000001, -0.000110, 0.000075, -0.239176, 9.807709, 0.014899, -0.014899, -0.012509, 0.017366, 
35.544000, 0.999980, -0.006172, -0.000014, 0.001654, -0.000099, -0.189070, 0.038943, 0.017431, 0.000001, -0.000111, 0.000074, -0.237999, 9.807743, 0.015131, -0.015131, -0.012344, 0.017431, 
35.554000, 0.999980, -0.006090, -0.000014, 0.001653, -0.000096, -0.189867, 0.038943, 0.017496, 0.000001, -0.000111, 0.000074, -0.236818, 9.807776, 0.025254, -0.025254, -0.012179, 0.017496, 
35.564000, 0.999972, -0.007253, -0.000016, 0.001653, -0.000093, -0.190769, 0.038943, -0.365769, -0.000007, -0.000009, 0.000067, -1.352805, 9.789494, 0.020340, -0.020340, -0.014507, -0.365769, 
35.574000, 0.999957, -0.009094, -0.000019, 0.001653, -0.000090, -0.191731, 0.038942, -0.367452, -0.000002, -0.000035, 0.000103, -0.265879, 9.808637, 0.025882, -0.025882, -0.018187, -0.367452, 
35.584000, 0.999931, -0.011609, -0.000023, 0.001653, -0.000087, -0.192752, 0.038942, -0.575193, -0.000004, 0.000004, 0.000089, -0.906022, 9.792228, 0.023327, -0.023327, -0.023219, -0.575193, 
35.594000, 0.999893, -0.014506, -0.000028, 0.001652, -0.000083, -0.193809, 0.038942, -0.580779, 0.000000, -0.000019, 0.000101, -0.362659, 9.804704, 0.026258, -0.026258, -0.029013, -0.580779, 
35.604000, 0.999841, -0.017782, -0.000034, 0.001652, -0.000080, -0.194901, 0.038943, -0.695338, -0.000000, -0.000002, 0.000090, -0.730786, 9.790831, 0.024851, -0.024851, -0.035566, -0.695338, 
35.614000, 0.999772, -0.021279, -0.000039, 0.001652, -0.000076, -0.196015, 0.038943, -0.702001, 0.000002, -0.000015, 0.000093, -0.469526, 9.799158, 0.026327, -0.026327, -0.042561, -0.702001, 
35.624000, 0.999686, -0.024994, -0.000046, 0.001652, -0.000072, -0.197149, 0.038943, -0.766094, 0.000002, -0.000003, 0.000086, -0.692179, 9.787899, 0.025471, -0.025471, -0.049993, -0.766094, 
35.634000, 0.999583, -0.028840, -0.000052, 0.001652, -0.000068, -0.198293, 0.038943, -0.772450, 0.000002, -0.000005, 0.000087, -0.580828, 9.792632, 0.026122, -0.026122, -0.057688, -0.772450, 
35.644000, 0.999460, -0.032815, -0.000058, 0.001651, -0.000065, -0.199447, 0.038944, -0.809050, 0.000001, 0.000007, 0.000083, -0.726915, 9.783412, 0.025510, -0.025510, -0.065641, -0.809050, 
35.654000, 0.999319, -0.036870, -0.000065, 0.001651, -0.000061, -0.200603, 0.038944, -0.814723, 0.000001, 0.000012, 0.000084, -0.695867, 9.785023, 0.025676, -0.025676, -0.073757, -0.814723, 
35.664000, 0.999158, -0.041004, -0.000072, 0.001651, -0.000057, -0.201759, 0.038944, -0.836312, -0.000000, 0.000026, 0.000083, -0.801870, 9.777089, 0.025147, -0.025147, -0.082030, -0.836312, 
35.674000, 0.998977, -0.045190, -0.000079, 0.001651, -0.000053, -0.202912, 0.038944, -0.841335, -0.000002, 0.000037, 0.000084, -0.814031, 9.776122, 0.015121, -0.015121, -0.090410, -0.841335, 
35.684000, 0.998837, -0.048181, -0.000084, 0.001651, -0.000050, -0.203967, 0.038944, -0.471349, 0.000011, -0.000056, 0.000082, 0.213102, 9.870703, 0.019743, -0.019743, -0.096399, -0.471349, 
35.694000, 0.998721, -0.050533, -0.000088, 0.001650, -0.000046, -0.204966, 0.038944, -0.474246, 0.000004, -0.000016, 0.000061, -0.904199, 9.769288, 0.014088, -0.014088, -0.101109, -0.474246, 
35.704000, 0.998633, -0.052245, -0.000090, 0.001650, -0.000043, -0.205905, 0.038943, -0.275295, 0.000007, -0.000040, 0.000069, -0.339965, 9.825928, 0.016307, -0.016307, -0.104538, -0.275295, 
35.714000, 0.998561, -0.053605, -0.000093, 0.001650, -0.000040, -0.206806, 0.038943, -0.273782, 0.000000, -0.000000, 0.000064, -0.927890, 9.767767, 0.013117, -0.013117, -0.107262, -0.273782, 
35.724000, 0.998506, -0.054613, -0.000094, 0.001650, -0.000037, -0.207667, 0.038943, -0.165690, 0.000000, 0.000000, 0.000072, -0.629630, 9.798939, 0.014118, -0.014118, -0.109281, -0.165690, 
35.734000, 0.998462, -0.055422, -0.000096, 0.001650, -0.000035, -0.208499, 0.038943, -0.162755, -0.000005, 0.000031, 0.000072, -0.943071, 9.766315, 0.012263, -0.012263, -0.110902, -0.162755, 
35.744000, 0.998427, -0.056036, -0.000097, 0.001650, -0.000032, -0.209301, 0.038943, -0.103872, -0.000006, 0.000039, 0.000078, -0.787369, 9.782921, 0.012633, -0.012633, -0.112131, -0.103872, 
35.754000, 0.998399, -0.056538, -0.000098, 0.001650, -0.000029, -0.210078, 0.038943, -0.101075, -0.000009, 0.000061, 0.000079, -0.955331, 9.764907, 0.011493, -0.011493, -0.113137, -0.101075, 
35.764000, 0.998377, -0.056932, -0.000098, 0.001650, -0.000027, -0.210831, 0.038943, -0.068979, -0.000010, 0.000069, 0.000083, -0.874709, 9.773618, 0.011534, -0.011534, -0.113925, -0.068979, 
35.774000, 0.998358, -0.057262, -0.000099, 0.001651, -0.000025, -0.211562, 0.038943, -0.066809, -0.000011, 0.000083, 0.000084, -0.965145, 9.763756, 0.010777, -0.010777, -0.114586, -0.066809, 
35.784000, 0.998342, -0.057532, -0.000099, 0.001651, -0.000022, -0.212272, 0.038943, -0.049318, -0.000012, 0.000090, 0.000086, -0.923853, 9.768273, 0.010645, -0.010645, -0.115127, -0.049318, 
35.794000, 0.998329, -0.057766, -0.000100, 0.001651, -0.000020, -0.212963, 0.038943, -0.047799, -0.000013, 0.000099, 0.000086, -0.972916, 9.762881, 0.010092, -0.010092, -0.115596, -0.047799, 
35.804000, 0.998317, -0.057967, -0.000100, 0.001652, -0.000018, -0.213633, 0.038943, -0.038279, -0.000013, 0.000104, 0.000087, -0.952180, 9.765185, 0.009870, -0.009870, -0.115999, -0.038279, 
35.814000, 0.998307, -0.058148, -0.000100, 0.001652, -0.000016, -0.214284, 0.038943, -0.037285, -0.000014, 0.000109, 0.000088, -0.979156, 9.762217, 0.009424, -0.009424, -0.116362, -0.037285, 
35.824000, 0.998297, -0.058311, -0.000101, 0.001653, -0.000013, -0.214916, 0.038943, -0.032118, -0.000014, 0.000113, 0.000088, -0.969148, 9.763355, 0.009154, -0.009154, -0.116687, -0.032118, 
35.834000, 0.998288, -0.058462, -0.000101, 0.001653, -0.000011, -0.215530, 0.038943, -0.031504, -0.000014, 0.000116, 0.000088, -0.984330, 9.761692, 0.008765, -0.008765, -0.116991, -0.031504, 
35.844000, 0.998280, -0.058604, -0.000101, 0.001654, -0.000009, -0.216125, 0.038943, -0.028716, -0.000014, 0.000119, 0.000088, -0.979918, 9.762215, 0.008469, -0.008469, -0.117275, -0.028716, 
35.854000, 0.998272, -0.058739, -0.000102, 0.001655, -0.000008, -0.216702, 0.038943, -0.028361, -0.000015, 0.000121, 0.000088, -0.988801, 9.761252, 0.008110, -0.008110, -0.117546, -0.028361, 
35.864000, 0.998264, -0.058869, -0.000102, 0.001655, -0.000006, -0.217260, 0.038943, -0.026874, -0.000015, 0.000123, 0.000088, -0.987305, 9.761451, 0.007799, -0.007799, -0.117806, -0.026874, 
35.874000, 0.998257, -0.058996, -0.000102, 0.001656, -0.000004, -0.217799, 0.038943, -0.026688, -0.000015, 0.000124, 0.000088, -0.992827, 9.760861, 0.007454, -0.007454, -0.118060, -0.026688, 
35.884000, 0.998250, -0.059120, -0.000102, 0.001656, -0.000002, -0.218321, 0.038943, -0.025915, -0.000015, 0.000126, 0.000088, -0.992852, 9.760889, 0.007134, -0.007134, -0.118309, -0.025915, 
35.894000, 0.998242, -0.059242, -0.000103, 0.001657, -0.000000, -0.218824, 0.038943, -0.025837, -0.000015, 0.000127, 0.000087, -0.996582, 9.760499, 0.006796, -0.006796, -0.118554, -0.025837, 
35.904000, 0.998235, -0.059363, -0.000103, 0.001658, 0.000001, -0.219308, 0.038943, -0.025454, -0.000015, 0.000128, 0.000087, -0.997402, 9.760436, 0.006471, -0.006471, -0.118796, -0.025454, 
35.914000, 0.998228, -0.059483, -0.000103, 0.001658, 0.000003, -0.219774, 0.038943, -0.025444, -0.000015, 0.000129, 0.000087, -1.000178, 9.760151, 0.006136, -0.006136, -0.119036, -0.025444, 
35.924000, 0.998221, -0.059603, -0.000103, 0.001659, 0.000004, -0.220221, 0.038943, -0.025275, -0.000016, 0.000130, 0.000087, -1.001415, 9.760040, 0.005806, -0.005806, -0.119276, -0.025275, 
35.934000, 0.998214, -0.059722, -0.000103, 0.001660, 0.000006, -0.220650, 0.038943, -0.025307, -0.000016, 0.000131, 0.000087, -1.003687, 9.759811, 0.005471, -0.005471, -0.119515, -0.025307, 
35.944000, 0.998207, -0.059841, -0.000104, 0.001660, 0.000007, -0.221060, 0.038943, -0.025256, -0.000016, 0.000131, 0.000086, -1.005145, 9.759674, 0.005138, -0.005138, -0.119754, -0.025256, 
35.954000, 0.998199, -0.059960, -0.000104, 0.001661, 0.000008, -0.221451, 0.038943, -0.025313, -0.000016, 0.000132, 0.000086, -1.007152, 9.759474, 0.004802, -0.004802, -0.119993, -0.025313, 
35.964000, 0.998192, -0.060080, -0.000104, 0.001662, 0.000010, -0.221823, 0.038943, -0.025328, -0.000016, 0.000133, 0.000086, -1.008732, 9.759323, 0.004466, -0.004466, -0.120232, -0.025328, 
35.974000, 0.998185, -0.060199, -0.000104, 0.001662, 0.000011, -0.222177, 0.038943, -0.025401, -0.000016, 0.000134, 0.000086, -1.010603, 9.759137, 0.004128, -0.004128, -0.120472, -0.025401, 
35.984000, 0.998178, -0.060319, -0.000105, 0.001663, 0.000012, -0.222511, 0.038943, -0.025452, -0.000016, 0.000134, 0.000085, -1.012250, 9.758978, 0.003789, -0.003789, -0.120712, -0.025452, 
35.994000, 0.998170, -0.060440, -0.000105, 0.001664, 0.000013, -0.222827, 0.038943, -0.025534, -0.000016, 0.000135, 0.000085, -1.014055, 9.758800, 0.003449, -0.003449, -0.120953, -0.025534, 
36.004000, 0.998163, -0.060560, -0.000105, 0.001664, 0.000014, -0.223123, 0.038943, -0.025605, -0.000016, 0.000136, 0.000085, -1.015743, 9.758635, 0.003108, -0.003108, -0.121195, -0.025605, 
36.014000, 0.998156, -0.060681, -0.000105, 0.001665, 0.000015, -0.223401, 0.038943, -0.025693, -0.000017, 0.000137, 0.000085, -1.017518, 9.758460, 0.002765, -0.002765, -0.121437, -0.025693, 
36.024000, 0.998148, -0.060803, -0.000106, 0.001666, 0.000016, -0.223659, 0.038943, -0.025776, -0.000017, 0.000137, 0.000084, -1.019234, 9.758291, 0.002422, -0.002422, -0.121680, -0.025776, 
36.034000, 0.998141, -0.060924, -0.000106, 0.001666, 0.000016, -0.223898, 0.038943, -0.025868, -0.000017, 0.000138, 0.000084, -1.020998, 9.758117, 0.002077, -0.002077, -0.121924, -0.025868, 
36.044000, 0.998134, -0.061047, -0.000106, 0.001667, 0.000017, -0.224117, 0.038943, -0.025957, -0.000017, 0.000139, 0.000084, -1.022734, 9.757945, 0.001731, -0.001731, -0.122169, -0.025957, 
36.054000, 0.998126, -0.061169, -0.000106, 0.001668, 0.000018, -0.224317, 0.038943, -0.026052, -0.000017, 0.000139, 0.000084, -1.024499, 9.757771, 0.001383, -0.001383, -0.122415, -0.026052, 
36.064000, 0.998118, -0.061292, -0.000107, 0.001668, 0.000018, -0.224498, 0.038943, -0.026145, -0.000017, 0.000140, 0.000083, -1.026252, 9.757597, 0.001034, -0.001034, -0.122662, -0.026145, 
36.074000, 0.998111, -0.061416, -0.000107, 0.001669, 0.000019, -0.224659, 0.038943, -0.026241, -0.000017, 0.000141, 0.000083, -1.028024, 9.757421, 0.000684, -0.000684, -0.122909, -0.026241, 
36.084000, 0.998103, -0.061540, -0.000107, 0.001670, 0.000019, -0.224800, 0.038943, -0.026337, -0.000017, 0.000142, 0.000083, -1.029792, 9.757246, 0.000332, -0.000332, -0.123158, -0.026337, 
36.094000, 0.998096, -0.061664, -0.000107, 0.001670, 0.000020, -0.224922, 0.038943, -0.026435, -0.000018, 0.000142, 0.000083, -1.031573, 9.757068, -0.000020, 0.000020, -0.123407, -0.026435, 
36.104000, 0.998088, -0.061789, -0.000108, 0.001671, 0.000020, -0.225023, 0.038943, -0.026532, -0.000018, 0.000143, 0.000082, -1.033355, 9.756891, -0.000374, 0.000374, -0.123657, -0.026532, 
36.114000, 0.998080, -0.061914, -0.000108, 0.001672, 0.000020, -0.225105, 0.038943, -0.026631, -0.000018, 0.000144, 0.000082, -1.035147, 9.756712, -0.000730, 0.000730, -0.123908, -0.026631, 
36.124000, 0.998072, -0.062040, -0.000108, 0.001672, 0.000021, -0.225167, 0.038943, -0.026730, -0.000018, 0.000145, 0.000082, -1.036943, 9.756532, -0.001087, 0.001087, -0.124161, -0.026730, 
36.134000, 0.998064, -0.062167, -0.000108, 0.001673, 0.000021, -0.225209, 0.038943, -0.026829, -0.000018, 0.000145, 0.000081, -1.038748, 9.756351, -0.001445, 0.001445, -0.124414, -0.026829, 
36.144000, 0.998056, -0.062293, -0.000109, 0.001674, 0.000021, -0.225231, 0.038943, -0.026929, -0.000018, 0.000146, 0.000081, -1.040558, 9.756170, -0.001804, 0.001804, -0.124668, -0.026929, 
36.154000, 0.998049, -0.062421, -0.000109, 0.001675, 0.000021, -0.225233, 0.038943, -0.027030, -0.000018, 0.000147, 0.000081, -1.042375, 9.755987, -0.002165, 0.002165, -0.124923, -0.027030, 
36.164000, 0.998041, -0.062548, -0.000109, 0.001675, 0.000021, -0.225214, 0.038943, -0.027131, -0.000019, 0.000148, 0.000080, -1.044199, 9.755803, -0.002527, 0.002527, -0.125178, -0.027131, 
36.174000, 0.998032, -0.062676, -0.000109, 0.001676, 0.000021, -0.225175, 0.038943, -0.027232, -0.000019, 0.000149, 0.000080, -1.046029, 9.755619, -0.002890, 0.002890, -0.125435, -0.027232, 
36.184000, 0.998024, -0.062805, -0.000110, 0.001677, 0.000020, -0.225116, 0.038943, -0.027333, -0.000019, 0.000149, 0.000080, -1.047867, 9.755433, -0.003255, 0.003255, -0.125693, -0.027333, 
36.194000, 0.998016, -0.062934, -0.000110, 0.001678, 0.000020, -0.225036, 0.038943, -0.027436, -0.000019, 0.000150, 0.000079, -1.049711, 9.755246, -0.003621, 0.003621, -0.125952, -0.027436, 
36.204000, 0.998008, -0.063064, -0.000110, 0.001678, 0.000020, -0.224936, 0.038943, -0.027538, -0.000019, 0.000151, 0.000079, -1.051562, 9.755059, -0.003989, 0.003989, -0.126212, -0.027538, 
36.214000, 0.998000, -0.063194, -0.000111, 0.001679, 0.000019, -0.224815, 0.038943, -0.027641, -0.000019, 0.000152, 0.000079, -1.053419, 9.754870, -0.004358, 0.004358, -0.126472, -0.027641, 
36.224000, 0.997992, -0.063325, -0.000111, 0.001680, 0.000019, -0.224673, 0.038943, -0.027744, -0.000019, 0.000153, 0.000079, -1.055284, 9.754681, -0.004728, 0.004728, -0.126734, -0.027744, 
36.234000, 0.997983, -0.063456, -0.000111, 0.001681, 0.000018, -0.224511, 0.038943, -0.027848, -0.000020, 0.000153, 0.000078, -1.057156, 9.754490, -0.005100, 0.005100, -0.126997, -0.027848, 
36.244000, 0.997975, -0.063587, -0.000111, 0.001681, 0.000018, -0.224328, 0.038943, -0.027952, -0.000020, 0.000154, 0.000078, -1.059034, 9.754298, -0.005473, 0.005473, -0.127260, -0.027952, 
36.254000, 0.997966, -0.063719, -0.000112, 0.001682, 0.000017, -0.224124, 0.038943, -0.028056, -0.000020, 0.000155, 0.000077, -1.060920, 9.754106, -0.005847, 0.005847, -0.127525, -0.028056, 
36.264000, 0.997958, -0.063852, -0.000112, 0.001683, 0.000016, -0.223898, 0.038943, -0.028161, -0.000020, 0.000156, 0.000077, -1.062812, 9.753912, -0.006223, 0.006223, -0.127791, -0.028161, 
36.274000, 0.997949, -0.063985, -0.000112, 0.001684, 0.000016, -0.223652, 0.038943, -0.028267, -0.000020, 0.000157, 0.000077, -1.064712, 9.753717, -0.006601, 0.006601, -0.128057, -0.028267, 
36.284000, 0.997941, -0.064118, -0.000112, 0.001684, 0.000015, -0.223385, 0.038943, -0.028372, -0.000020, 0.000158, 0.000076, -1.066619, 9.753521, -0.006979, 0.006979, -0.128325, -0.028372, 
36.294000, 0.997932, -0.064252, -0.000113, 0.001685, 0.000014, -0.223096, 0.038943, -0.028478, -0.000020, 0.000158, 0.000076, -1.068533, 9.753324, -0.007359, 0.007359, -0.128594, -0.028478, 
36.304000, 0.997924, -0.064387, -0.000113, 0.001686, 0.000013, -0.222786, 0.038943, -0.028585, -0.000021, 0.000159, 0.000076, -1.070453, 9.753127, -0.007741, 0.007741, -0.128863, -0.028585, 
36.314000, 0.997915, -0.064522, -0.000113, 0.001687, 0.000012, -0.222454, 0.038943, -0.028691, -0.000021, 0.000160, 0.000075, -1.072382, 9.752927, -0.008124, 0.008124, -0.129134, -0.028691, 
36.324000, 0.997906, -0.064658, -0.000114, 0.001688, 0.000010, -0.222101, 0.038943, -0.028799, -0.000021, 0.000161, 0.000075, -1.074317, 9.752727, -0.008508, 0.008508, -0.129406, -0.028799, 
36.334000, 0.997897, -0.064794, -0.000114, 0.001688, 0.000009, -0.221727, 0.038943, -0.028906, -0.000021, 0.000162, 0.000074, -1.076259, 9.752526, -0.008894, 0.008894, -0.129678, -0.028906, 
36.344000, 0.997888, -0.064930, -0.000114, 0.001689, 0.000008, -0.221331, 0.038943, -0.029014, -0.000021, 0.000163, 0.000074, -1.078209, 9.752324, -0.009281, 0.009281, -0.129952, -0.029014, 
36.354000, 0.997879, -0.065067, -0.000114, 0.001690, 0.000006, -0.220913, 0.038943, -0.029123, -0.000021, 0.000164, 0.000074, -1.080166, 9.752120, -0.009670, 0.009670, -0.130227, -0.029123, 
36.364000, 0.997870, -0.065205, -0.000115, 0.001691, 0.000005, -0.220473, 0.038943, -0.029232, -0.000022, 0.000165, 0.000073, -1.082130, 9.751916, -0.010060, 0.010060, -0.130502, -0.029232, 
36.374000, 0.997861, -0.065343, -0.000115, 0.001692, 0.000003, -0.220011, 0.038943, -0.029341, -0.000022, 0.000166, 0.000073, -1.084102, 9.751710, -0.010452, 0.010452, -0.130779, -0.029341, 
36.384000, 0.997852, -0.065481, -0.000115, 0.001692, 0.000002, -0.219528, 0.038943, -0.029451, -0.000022, 0.000167, 0.000072, -1.086080, 9.751504, -0.010845, 0.010845, -0.131057, -0.029451, 
36.394000, 0.997843, -0.065621, -0.000116, 0.001693, -0.000000, -0.219022, 0.038943, -0.029561, -0.000022, 0.000167, 0.000072, -1.088067, 9.751296, -0.011239, 0.011239, -0.131336, -0.029561, 
36.404000, 0.997834, -0.065760, -0.000116, 0.001694, -0.000002, -0.218494, 0.038943, -0.029671, -0.000022, 0.000168, 0.000072, -1.090060, 9.751087, -0.011636, 0.011636, -0.131616, -0.029671, 
36.414000, 0.997825, -0.065900, -0.000116, 0.001695, -0.000004, -0.217944, 0.038943, -0.029782, -0.000022, 0.000169, 0.000071, -1.092061, 9.750877, -0.012033, 0.012033, -0.131896, -0.029782, 
36.424000, 0.997815, -0.066041, -0.000116, 0.001696, -0.000006, -0.217372, 0.038943, -0.029893, -0.000023, 0.000170, 0.000071, -1.094070, 9.750665, -0.012432, 0.012432, -0.132178, -0.029893, 
36.434000, 0.997806, -0.066182, -0.000117, 0.001696, -0.000008, -0.216777, 0.038943, -0.030005, -0.000023, 0.000171, 0.000070, -1.096086, 9.750453, -0.012832, 0.012832, -0.132461, -0.030005, 
36.444000, 0.997797, -0.066324, -0.000117, 0.001697, -0.000010, -0.216160, 0.038943, -0.030117, -0.000023, 0.000172, 0.000070, -1.098109, 9.750239, -0.023080, 0.023080, -0.132746, -0.030117, 
36.454000, 0.997869, -0.065229, -0.000115, 0.001698, -0.000012, -0.215430, 0.038943, 0.351016, -0.000005, 0.000065, 0.000073, 0.002561, 9.890095, -0.018374, 0.018374, -0.130551, 0.351016, 
36.464000, 0.997983, -0.063460, -0.000112, 0.001699, -0.000015, -0.214631, 0.038942, 0.353455, -0.000010, 0.000092, 0.000061, -1.068995, 9.756134, -0.024036, 0.024036, -0.127006, 0.353455, 
36.474000, 0.998135, -0.061021, -0.000108, 0.001699, -0.000018, -0.213762, 0.038942, 0.559434, -0.000004, 0.000053, 0.000068, -0.441051, 9.829209, -0.021691, 0.021691, -0.122119, 0.559434, 
36.484000, 0.998303, -0.058203, -0.000103, 0.001700, -0.000021, -0.212848, 0.038942, 0.565757, -0.000009, 0.000078, 0.000063, -0.974608, 9.764691, -0.024754, 0.024754, -0.116471, 0.565757, 
36.494000, 0.998485, -0.055007, -0.000098, 0.001700, -0.000024, -0.211890, 0.038942, 0.679067, -0.000006, 0.000063, 0.000069, -0.614898, 9.801881, -0.023548, 0.023548, -0.110069, 0.679067, 
36.504000, 0.998667, -0.051590, -0.000092, 0.001701, -0.000028, -0.210900, 0.038943, 0.686239, -0.000009, 0.000078, 0.000066, -0.870714, 9.772854, -0.025171, 0.025171, -0.103226, 0.686239, 
36.514000, 0.998848, -0.047957, -0.000086, 0.001702, -0.000031, -0.209881, 0.038943, 0.749521, -0.000007, 0.000069, 0.000070, -0.653551, 9.792331, -0.024508, 0.024508, -0.095950, 0.749521, 
36.524000, 0.999022, -0.044191, -0.000079, 0.001703, -0.000035, -0.208841, 0.038943, 0.756165, -0.000007, 0.000073, 0.000069, -0.762352, 9.780817, -0.025320, 0.025320, -0.088411, 0.756165, 
36.534000, 0.999186, -0.040298, -0.000073, 0.001703, -0.000038, -0.207783, 0.038943, 0.792262, -0.000006, 0.000063, 0.000072, -0.619801, 9.791684, -0.024895, 0.024895, -0.080617, 0.792262, 
36.544000, 0.999339, -0.036323, -0.000066, 0.001704, -0.000042, -0.206712, 0.038944, 0.798067, -0.000005, 0.000059, 0.000072, -0.650024, 9.788382, -0.025229, 0.025229, -0.072661, 0.798067, 
36.554000, 0.999478, -0.032269, -0.000059, 0.001704, -0.000046, -0.205631, 0.038944, 0.819348, -0.000004, 0.000047, 0.000075, -0.546348, 9.794967, -0.024885, 0.024885, -0.064549, 0.819348, 
36.564000, 0.999602, -0.028162, -0.000052, 0.001705, -0.000049, -0.204544, 0.038944, 0.824406, -0.000003, 0.000037, 0.000075, -0.534298, 9.795209, -0.015076, 0.015076, -0.056331, 0.824406, 
36.574000, 0.999680, -0.025245, -0.000047, 0.001705, -0.000053, -0.203543, 0.038944, 0.455750, -0.000013, 0.000128, 0.000065, -1.561932, 9.740468, -0.019865, 0.019865, -0.050496, 0.455750, 
36.584000, 0.999735, -0.022964, -0.000043, 0.001706, -0.000056, -0.202589, 0.038944, 0.458920, -0.000007, 0.000087, 0.000092, -0.445683, 9.799299, -0.014403, 0.014403, -0.045932, 0.458920, 
36.594000, 0.999771, -0.021321, -0.000041, 0.001707, -0.000059, -0.201684, 0.038944, 0.260429, -0.000009, 0.000109, 0.000079, -1.012693, 9.774365, -0.016804, 0.016804, -0.042645, 0.260429, 
36.604000, 0.999798, -0.020029, -0.000038, 0.001707, -0.000062, -0.200807, 0.038943, 0.259272, -0.000004, 0.000069, 0.000091, -0.423813, 9.801117, -0.013795, 0.013795, -0.040060, 0.259272, 
36.614000, 0.999816, -0.019088, -0.000037, 0.001707, -0.000065, -0.199960, 0.038943, 0.151238, -0.000004, 0.000067, 0.000082, -0.725285, 9.789159, -0.014985, 0.014985, -0.038179, 0.151238, 
36.624000, 0.999830, -0.018345, -0.000036, 0.001708, -0.000068, -0.199132, 0.038943, 0.148617, -0.000001, 0.000036, 0.000088, -0.410652, 9.801969, -0.013308, 0.013308, -0.036693, 0.148617, 
36.634000, 0.999840, -0.017798, -0.000035, 0.001708, -0.000071, -0.198324, 0.038943, 0.089640, -0.000000, 0.000028, 0.000083, -0.569254, 9.795978, -0.013868, 0.013868, -0.035597, 0.089640, 
36.644000, 0.999848, -0.017362, -0.000034, 0.001708, -0.000073, -0.197530, 0.038943, 0.087072, 0.000001, 0.000007, 0.000086, -0.400477, 9.802342, -0.012907, 0.012907, -0.034725, 0.087072, 
36.654000, 0.999853, -0.017034, -0.000033, 0.001708, -0.000076, -0.196750, 0.038943, 0.054843, 0.000001, -0.000001, 0.000083, -0.483505, 9.799275, -0.013138, 0.013138, -0.034070, 0.054843, 
36.664000, 0.999858, -0.016770, -0.000033, 0.001708, -0.000079, -0.195980, 0.038943, 0.052818, 0.000002, -0.000014, 0.000085, -0.392741, 9.802530, -0.012562, 0.012562, -0.033542, 0.052818, 
36.674000, 0.999861, -0.016566, -0.000032, 0.001708, -0.000081, -0.195222, 0.038943, 0.035200, 0.000002, -0.000020, 0.000084, -0.435991, 9.800954, -0.012621, 0.012621, -0.033134, 0.035200, 
36.684000, 0.999864, -0.016398, -0.000032, 0.001708, -0.000084, -0.194473, 0.038943, 0.033760, 0.000002, -0.000029, 0.000085, -0.387015, 9.802660, -0.012251, 0.012251, -0.032797, 0.033760, 
36.694000, 0.999866, -0.016263, -0.000032, 0.001708, -0.000086, -0.193734, 0.038943, 0.024128, 0.000002, -0.000033, 0.000084, -0.409367, 9.801858, -0.012219, 0.012219, -0.032528, 0.024128, 
36.704000, 0.999868, -0.016149, -0.000032, 0.001707, -0.000089, -0.193003, 0.038943, 0.023166, 0.000002, -0.000038, 0.000085, -0.382788, 9.802770, -0.011960, 0.011960, -0.032299, 0.023166, 
36.714000, 0.999870, -0.016053, -0.000032, 0.001707, -0.000091, -0.192281, 0.038943, 0.017905, 0.000002, -0.000041, 0.000085, -0.394173, 9.802370, -0.011880, 0.011880, -0.032107, 0.017905, 
36.724000, 0.999871, -0.015968, -0.000031, 0.001707, -0.000094, -0.191566, 0.038943, 0.017291, 0.000002, -0.000044, 0.000086, -0.379601, 9.802869, -0.011680, 0.011680, -0.031938, 0.017291, 
36.734000, 0.999872, -0.015894, -0.000031, 0.001707, -0.000096, -0.190860, 0.038943, 0.014423, 0.000002, -0.000046, 0.000086, -0.385235, 9.802676, -0.011575, 0.011575, -0.031789, 0.014423, 
36.744000, 0.999873, -0.015826, -0.000031, 0.001707, -0.000099, -0.190161, 0.038943, 0.014047, 0.000002, -0.000048, 0.000086, -0.377101, 9.802956, -0.011406, 0.011406, -0.031653, 0.014047, 
36.754000, 0.999874, -0.015763, -0.000031, 0.001706, -0.000101, -0.189470, 0.038943, 0.012489, 0.000002, -0.000049, 0.000086, -0.379722, 9.802870, -0.011288, 0.011288, -0.031528, 0.012489, 
36.764000, 0.999875, -0.015704, -0.000031, 0.001706, -0.000103, -0.188787, 0.038943, 0.012269, 0.000002, -0.000050, 0.000086, -0.375041, 9.803034, -0.011135, 0.011135, -0.031410, 0.012269, 
36.774000, 0.999876, -0.015649, -0.000031, 0.001706, -0.000106, -0.188111, 0.038943, 0.011431, 0.000002, -0.000050, 0.000086, -0.376083, 9.803003, -0.011009, 0.011009, -0.031299, 0.011431, 
36.784000, 0.999877, -0.015595, -0.000031, 0.001706, -0.000108, -0.187443, 0.038943, 0.011310, 0.000002, -0.000051, 0.000086, -0.373252, 9.803104, -0.010864, 0.010864, -0.031191, 0.011310, 
36.794000, 0.999878, -0.015542, -0.000031, 0.001705, -0.000110, -0.186783, 0.038943, 0.010867, 0.000002, -0.000052, 0.000086, -0.373468, 9.803102, -0.010734, 0.010734, -0.031086, 0.010867, 
36.804000, 0.999879, -0.015491, -0.000031, 0.001705, -0.000112, -0.186130, 0.038943, 0.010809, 0.000002, -0.000052, 0.000086, -0.371629, 9.803168, -0.010594, 0.010594, -0.030983, 0.010809, 
36.814000, 0.999879, -0.015441, -0.000031, 0.001705, -0.000114, -0.185484, 0.038943, 0.010582, 0.000002, -0.000052, 0.000086, -0.371411, 9.803181, -0.010460, 0.010460, -0.030882, 0.010582, 
36.824000, 0.999880, -0.015391, -0.000030, 0.001705, -0.000117, -0.184847, 0.038943, 0.010562, 0.000002, -0.000053, 0.000086, -0.370102, 9.803229, -0.010322, 0.010322, -0.030782, 0.010562, 
36.834000, 0.999881, -0.015341, -0.000030, 0.001704, -0.000119, -0.184217, 0.038943, 0.010455, 0.000002, -0.000053, 0.000086, -0.369655, 9.803249, -0.010187, 0.010187, -0.030683, 0.010455, 
36.844000, 0.999882, -0.015291, -0.000030, 0.001704, -0.000121, -0.183595, 0.038943, 0.010458, 0.000002, -0.000053, 0.000086, -0.368629, 9.803288, -0.010048, 0.010048, -0.030584, 0.010458, 
36.854000, 0.999882, -0.015242, -0.000030, 0.001704, -0.000123, -0.182980, 0.038943, 0.010416, 0.000002, -0.000053, 0.000086, -0.368061, 9.803312, -0.009912, 0.009912, -0.030486, 0.010416, 
36.864000, 0.999883, -0.015193, -0.000030, 0.001703, -0.000125, -0.182373, 0.038943, 0.010434, 0.000002, -0.000053, 0.000086, -0.367185, 9.803346, -0.009773, 0.009773, -0.030387, 0.010434, 
36.874000, 0.999884, -0.015144, -0.000030, 0.001703, -0.000127, -0.181774, 0.038943, 0.010429, 0.000002, -0.000054, 0.000086, -0.366551, 9.803372, -0.009635, 0.009635, -0.030288, 0.010429, 
36.884000, 0.999885, -0.015094, -0.000030, 0.001703, -0.000129, -0.181182, 0.038943, 0.010456, 0.000002, -0.000054, 0.000086, -0.365753, 9.803403, -0.009496, 0.009496, -0.030190, 0.010456, 
36.894000, 0.999885, -0.015045, -0.000030, 0.001703, -0.000131, -0.180599, 0.038943, 0.010470, 0.000002, -0.000054, 0.000086, -0.365083, 9.803430, -0.009357, 0.009357, -0.030091, 0.010470, 
36.904000, 0.999886, -0.014995, -0.000030, 0.001702, -0.000133, -0.180023, 0.038943, 0.010502, 0.000002, -0.000054, 0.000086, -0.364325, 9.803460, -0.009217, 0.009217, -0.029992, 0.010502, 
36.914000, 0.999887, -0.014946, -0.000030, 0.001702, -0.000135, -0.179455, 0.038943, 0.010528, 0.000002, -0.000054, 0.000086, -0.363633, 9.803487, -0.009077, 0.009077, -0.029892, 0.010528, 
36.924000, 0.999888, -0.014896, -0.000030, 0.001702, -0.000137, -0.178894, 0.038943, 0.010563, 0.000002, -0.000054, 0.000086, -0.362893, 9.803516, -0.008937, 0.008937, -0.029793, 0.010563, 
36.934000, 0.999888, -0.014846, -0.000029, 0.001702, -0.000139, -0.178342, 0.038943, 0.010595, 0.000002, -0.000054, 0.000086, -0.362188, 9.803544, -0.008795, 0.008795, -0.029693, 0.010595, 
36.944000, 0.999889, -0.014796, -0.000029, 0.001701, -0.000141, -0.177798, 0.038943, 0.010632, 0.000002, -0.000055, 0.000086, -0.361456, 9.803573, -0.008654, 0.008654, -0.029593, 0.010632, 
36.954000, 0.999890, -0.014745, -0.000029, 0.001701, -0.000142, -0.177262, 0.038943, 0.010668, 0.000002, -0.000055, 0.000086, -0.360741, 9.803601, -0.008511, 0.008511, -0.029492, 0.010668, 
36.964000, 0.999891, -0.014695, -0.000029, 0.001701, -0.000144, -0.176733, 0.038943, 0.010706, 0.000002, -0.000055, 0.000086, -0.360011, 9.803629, -0.008369, 0.008369, -0.029391, 0.010706, 
36.974000, 0.999891, -0.014644, -0.000029, 0.001701, -0.000146, -0.176213, 0.038943, 0.010744, 0.000002, -0.000055, 0.000086, -0.359288, 9.803658, -0.008225, 0.008225, -0.029290, 0.010744, 
36.984000, 0.999892, -0.014593, -0.000029, 0.001700, -0.000148, -0.175700, 0.038943, 0.010783, 0.000002, -0.000055, 0.000086, -0.358556, 9.803686, -0.008081, 0.008081, -0.029188, 0.010783, 
36.994000, 0.999893, -0.014542, -0.000029, 0.001700, -0.000150, -0.175196, 0.038943, 0.010822, 0.000002, -0.000055, 0.000085, -0.357827, 9.803715, -0.007937, 0.007937, -0.029086, 0.010822, 
37.004000, 0.999894, -0.014491, -0.000029, 0.001700, -0.000151, -0.174700, 0.038943, 0.010862, 0.000002, -0.000056, 0.000085, -0.357092, 9.803743, -0.007792, 0.007792, -0.028983, 0.010862, 
37.014000, 0.999894, -0.014440, -0.000029, 0.001699, -0.000153, -0.174212, 0.038943, 0.010902, 0.000002, -0.000056, 0.000085, -0.356357, 9.803772, -0.007646, 0.007646, -0.028881, 0.010902, 
37.024000, 0.999895, -0.014388, -0.000029, 0.001699, -0.000154, -0.173732, 0.038943, 0.010943, 0.000002, -0.000056, 0.000085, -0.355617, 9.803801, -0.007500, 0.007500, -0.028777, 0.010943, 
37.034000, 0.999896, -0.014336, -0.000029, 0.001699, -0.000156, -0.173260, 0.038943, 0.010983, 0.000002, -0.000056, 0.000085, -0.354876, 9.803829, -0.007354, 0.007354, -0.028674, 0.010983, 
37.044000, 0.999897, -0.014284, -0.000028, 0.001699, -0.000158, -0.172797, 0.038943, 0.011024, 0.000002, -0.000056, 0.000085, -0.354131, 9.803858, -0.007207, 0.007207, -0.028570, 0.011024, 
37.054000, 0.999897, -0.014232, -0.000028, 0.001698, -0.000159, -0.172342, 0.038943, 0.011065, 0.000002, -0.000056, 0.000085, -0.353385, 9.803887, -0.007059, 0.007059, -0.028465, 0.011065, 
37.064000, 0.999898, -0.014180, -0.000028, 0.001698, -0.000161, -0.171895, 0.038943, 0.011106, 0.000002, -0.000057, 0.000085, -0.352635, 9.803916, -0.006911, 0.006911, -0.028361, 0.011106, 
37.074000, 0.999899, -0.014127, -0.000028, 0.001698, -0.000162, -0.171456, 0.038943, 0.011148, 0.000002, -0.000057, 0.000085, -0.351882, 9.803945, -0.006762, 0.006762, -0.028256, 0.011148, 
37.084000, 0.999900, -0.014075, -0.000028, 0.001697, -0.000164, -0.171026, 0.038943, 0.011189, 0.000002, -0.000057, 0.000085, -0.351127, 9.803974, -0.006613, 0.006613, -0.028150, 0.011189, 
37.094000, 0.999900, -0.014022, -0.000028, 0.001697, -0.000165, -0.170604, 0.038943, 0.011231, 0.000002, -0.000057, 0.000085, -0.350369, 9.804003, -0.006463, 0.006463, -0.028044, 0.011231, 
37.104000, 0.999901, -0.013968, -0.000028, 0.001697, -0.000167, -0.170191, 0.038943, 0.011273, 0.000002, -0.000057, 0.000085, -0.349608, 9.804032, -0.006312, 0.006312, -0.027938, 0.011273, 
37.114000, 0.999902, -0.013915, -0.000028, 0.001697, -0.000168, -0.169786, 0.038943, 0.011315, 0.000002, -0.000058, 0.000085, -0.348844, 9.804061, -0.006161, 0.006161, -0.027831, 0.011315, 
37.124000, 0.999902, -0.013861, -0.000028, 0.001696, -0.000169, -0.169389, 0.038943, 0.011358, 0.000002, -0.000058, 0.000085, -0.348078, 9.804090, -0.006010, 0.006010, -0.027724, 0.011358, 
37.134000, 0.999903, -0.013808, -0.000028, 0.001696, -0.000171, -0.169001, 0.038943, 0.011400, 0.000002, -0.000058, 0.000085, -0.347308, 9.804120, -0.005858, 0.005858, -0.027616, 0.011400, 
37.144000, 0.999904, -0.013754, -0.000027, 0.001696, -0.000172, -0.168622, 0.038943, 0.011443, 0.000002, -0.000058, 0.000085, -0.346536, 9.804149, -0.005705, 0.005705, -0.027508, 0.011443, 
37.154000, 0.999905, -0.013700, -0.000027, 0.001695, -0.000173, -0.168251, 0.038943, 0.011485, 0.000002, -0.000059, 0.000085, -0.345761, 9.804178, -0.005552, 0.005552, -0.027400, 0.011485, 
37.164000, 0.999905, -0.013645, -0.000027, 0.001695, -0.000174, -0.167888, 0.038943, 0.011528, 0.000002, -0.000059, 0.000085, -0.344983, 9.804208, -0.005398, 0.005398, -0.027291, 0.011528, 
37.174000, 0.999906, -0.013591, -0.000027, 0.001695, -0.000176, -0.167535, 0.038943, 0.011571, 0.000002, -0.000059, 0.000085, -0.344202, 9.804237, -0.005243, 0.005243, -0.027182, 0.011571, 
37.184000, 0.999907, -0.013536, -0.000027, 0.001695, -0.000177, -0.167190, 0.038943, 0.011615, 0.000002, -0.000059, 0.000085, -0.343418, 9.804267, -0.005088, 0.005088, -0.027073, 0.011615, 
37.194000, 0.999908, -0.013481, -0.000027, 0.001694, -0.000178, -0.166853, 0.038943, 0.011658, 0.000002, -0.000059, 0.000085, -0.342631, 9.804297, -0.004933, 0.004933, -0.026963, 0.011658, 
37.204000, 0.999908, -0.013426, -0.000027, 0.001694, -0.000179, -0.166526, 0.038943, 0.011702, 0.000002, -0.000060, 0.000085, -0.341841, 9.804326, -0.004777, 0.004777, -0.026852, 0.011702, 
37.214000, 0.999909, -0.013370, -0.000027, 0.001694, -0.000180, -0.166207, 0.038943, 0.011745, 0.000002, -0.000060, 0.000085, -0.341048, 9.804356, -0.004620, 0.004620, -0.026742, 0.011745, 
37.224000, 0.999910, -0.013315, -0.000027, 0.001693, -0.000181, -0.165897, 0.038943, 0.011789, 0.000002, -0.000060, 0.000085, -0.340253, 9.804386, -0.004463, 0.004463, -0.026630, 0.011789, 
37.234000, 0.999911, -0.013259, -0.000027, 0.001693, -0.000182, -0.165596, 0.038943, 0.011833, 0.000002, -0.000060, 0.000085, -0.339454, 9.804416, -0.004305, 0.004305, -0.026519, 0.011833, 
37.244000, 0.999911, -0.013203, -0.000027, 0.001693, -0.000183, -0.165303, 0.038943, 0.011878, 0.000002, -0.000061, 0.000085, -0.338652, 9.804446, -0.004146, 0.004146, -0.026407, 0.011878, 
37.254000, 0.999912, -0.013147, -0.000026, 0.001692, -0.000184, -0.165020, 0.038943, 0.011922, 0.000002, -0.000061, 0.000084, -0.337847, 9.804476, -0.003987, 0.003987, -0.026294, 0.011922, 
37.264000, 0.999913, -0.013090, -0.000026, 0.001692, -0.000185, -0.164745, 0.038943, 0.011967, 0.000002, -0.000061, 0.000084, -0.337040, 9.804506, -0.003827, 0.003827, -0.026181, 0.011967, 
37.274000, 0.999914, -0.013034, -0.000026, 0.001692, -0.000186, -0.164480, 0.038943, 0.012011, 0.000002, -0.000062, 0.000084, -0.336229, 9.804536, -0.003667, 0.003667, -0.026068, 0.012011, 
37.284000, 0.999914, -0.012977, -0.000026, 0.001692, -0.000187, -0.164223, 0.038943, 0.012056, 0.000002, -0.000062, 0.000084, -0.335415, 9.804566, -0.003506, 0.003506, -0.025954, 0.012056, 
37.294000, 0.999915, -0.012920, -0.000026, 0.001691, -0.000188, -0.163976, 0.038943, 0.012101, 0.000002, -0.000062, 0.000084, -0.334598, 9.804596, -0.003345, 0.003345, -0.025840, 0.012101, 
37.304000, 0.999916, -0.012863, -0.000026, 0.001691, -0.000188, -0.163737, 0.038943, 0.012147, 0.000002, -0.000062, 0.000084, -0.333779, 9.804626, -0.003182, 0.003182, -0.025726, 0.012147, 
37.314000, 0.999917, -0.012805, -0.000026, 0.001691, -0.000189, -0.163508, 0.038943, 0.012192, 0.000002, -0.000063, 0.000084, -0.332956, 9.804656, -0.003020, 0.003020, -0.025611, 0.012192, 
37.324000, 0.999917, -0.012747, -0.000026, 0.001690, -0.000190, -0.163288, 0.038943, 0.012238, 0.000002, -0.000063, 0.000084, -0.332130, 9.804687, -0.002856, 0.002856, -0.025495, 0.012238, 
37.334000, 0.999918, -0.012689, -0.000026, 0.001690, -0.000191, -0.163077, 0.038943, 0.012283, 0.000002, -0.000063, 0.000084, -0.331301, 9.804717, -0.002692, 0.002692, -0.025380, 0.012283, 
37.344000, 0.999919, -0.012631, -0.000026, 0.001690, -0.000191, -0.162875, 0.038943, 0.012329, 0.000002, -0.000064, 0.000084, -0.330468, 9.804747, -0.002528, 0.002528, -0.025263, 0.012329, 
37.354000, 0.999920, -0.012573, -0.000025, 0.001689, -0.000192, -0.162682, 0.038943, 0.012375, 0.000002, -0.000064, 0.000084, -0.329633, 9.804778, -0.002363, 0.002363, -0.025147, 0.012375, 
37.364000, 0.999920, -0.012514, -0.000025, 0.001689, -0.000193, -0.162499, 0.038943, 0.012422, 0.000002, -0.000064, 0.000084, -0.328795, 9.804809, -0.002197, 0.002197, -0.025029, 0.012422, 
37.374000, 0.999921, -0.012456, -0.000025, 0.001689, -0.000193, -0.162325, 0.038943, 0.012468, 0.000002, -0.000065, 0.000084, -0.327953, 9.804839, -0.002031, 0.002031, -0.024912, 0.012468, 
37.384000, 0.999922, -0.012397, -0.000025, 0.001688, -0.000194, -0.162160, 0.038943, 0.012515, 0.000002, -0.000065, 0.000084, -0.327108, 9.804870, -0.001864, 0.001864, -0.024794, 0.012515, 
37.394000, 0.999922, -0.012337, -0.000025, 0.001688, -0.000194, -0.162005, 0.038943, 0.012561, 0.000002, -0.000065, 0.000084, -0.326260, 9.804900, -0.001696, 0.001696, -0.024675, 0.012561, 
37.404000, 0.999923, -0.012278, -0.000025, 0.001688, -0.000195, -0.161859, 0.038943, 0.012608, 0.000002, -0.000066, 0.000084, -0.325409, 9.804931, -0.001528, 0.001528, -0.024556, 0.012608, 
37.414000, 0.999924, -0.012218, -0.000025, 0.001687, -0.000195, -0.161722, 0.038943, 0.012656, 0.000002, -0.000066, 0.000084, -0.324555, 9.804962, -0.001359, 0.001359, -0.024437, 0.012656, 
37.424000, 0.999925, -0.012158, -0.000025, 0.001687, -0.000196, -0.161595, 0.038943, 0.012703, 0.000002, -0.000066, 0.000084, -0.323698, 9.804993, -0.001189, 0.001189, -0.024317, 0.012703, 
37.434000, 0.999925, -0.012098, -0.000025, 0.001687, -0.000196, -0.161478, 0.038943, 0.012750, 0.000002, -0.000067, 0.000084, -0.322837, 9.805024, -0.001019, 0.001019, -0.024197, 0.012750, 
37.444000, 0.999926, -0.012038, -0.000024, 0.001686, -0.000196, -0.161370, 0.038943, 0.012798, 0.000002, -0.000067, 0.000084, -0.321973, 9.805055, -0.000848, 0.000848, -0.024076, 0.012798, 
37.454000, 0.999927, -0.011977, -0.000024, 0.001686, -0.000197, -0.161271, 0.038943, 0.012846, 0.000002, -0.000067, 0.000083, -0.321106, 9.805086, -0.000677, 0.000677, -0.023955, 0.012846, 
37.464000, 0.999928, -0.011916, -0.000024, 0.001686, -0.000197, -0.161183, 0.038943, 0.012894, 0.000002, -0.000068, 0.000083, -0.320236, 9.805117, -0.000505, 0.000505, -0.023833, 0.012894, 
37.474000, 0.999928, -0.011855, -0.000024, 0.001685, -0.000197, -0.161104, 0.038943, 0.012942, 0.000002, -0.000068, 0.000083, -0.319362, 9.805148, -0.000332, 0.000332, -0.023711, 0.012942, 
37.484000, 0.999929, -0.011794, -0.000024, 0.001685, -0.000198, -0.161034, 0.038943, 0.012991, 0.000002, -0.000068, 0.000083, -0.318485, 9.805179, -0.000159, 0.000159, -0.023589, 0.012991, 
37.494000, 0.999930, -0.011733, -0.000024, 0.001685, -0.000198, -0.160974, 0.038943, 0.013039, 0.000002, -0.000069, 0.000083, -0.317605, 9.805210, 0.000015, -0.000015, -0.023466, 0.013039, 
37.504000, 0.999930, -0.011671, -0.000024, 0.001684, -0.000198, -0.160925, 0.038943, 0.013088, 0.000002, -0.000069, 0.000083, -0.316722, 9.805241, 0.000190, -0.000190, -0.023342, 0.013088, 
37.514000, 0.999931, -0.011609, -0.000024, 0.001684, -0.000198, -0.160884, 0.038943, 0.013137, 0.000002, -0.000069, 0.000083, -0.315835, 9.805272, 0.000365, -0.000365, -0.023219, 0.013137, 
37.524000, 0.999932, -0.011547, -0.000024, 0.001684, -0.000198, -0.160854, 0.038943, 0.013186, 0.000002, -0.000070, 0.000083, -0.314945, 9.805304, 0.000541, -0.000541, -0.023094, 0.013186, 
37.534000, 0.999933, -0.011484, -0.000024, 0.001683, -0.000198, -0.160834, 0.038943, 0.013235, 0.000002, -0.000070, 0.000083, -0.314051, 9.805335, 0.000718, -0.000718, -0.022969, 0.013235, 
37.544000, 0.999933, -0.011422, -0.000023, 0.001683, -0.000198, -0.160823, 0.038943, 0.013285, 0.000002, -0.000071, 0.000083, -0.313155, 9.805367, 0.000895, -0.000895, -0.022844, 0.013285, 
37.554000, 0.999934, -0.011359, -0.000023, 0.001683, -0.000198, -0.160823, 0.038943, 0.013334, 0.000002, -0.000071, 0.000083, -0.312254, 9.805398, 0.001073, -0.001073, -0.022718, 0.013334, 
37.564000, 0.999935, -0.011296, -0.000023, 0.001682, -0.000198, -0.160832, 0.038943, 0.013384, 0.000002, -0.000071, 0.000083, -0.311351, 9.805429, 0.001252, -0.001252, -0.022592, 0.013384, 
37.574000, 0.999935, -0.011232, -0.000023, 0.001682, -0.000198, -0.160852, 0.038943, 0.013434, 0.000002, -0.000072, 0.000083, -0.310444, 9.805461, 0.001431, -0.001431, -0.022465, 0.013434, 
37.584000, 0.999936, -0.011169, -0.000023, 0.001682, -0.000198, -0.160881, 0.038943, 0.013484, 0.000002, -0.000072, 0.000083, -0.309534, 9.805493, 0.001611, -0.001611, -0.022338, 0.013484, 
37.594000, 0.999937, -0.011105, -0.000023, 0.001681, -0.000198, -0.160921, 0.038943, 0.013535, 0.000002, -0.000073, 0.000083, -0.308620, 9.805524, 0.001792, -0.001792, -0.022210, 0.013535, 
37.604000, 0.999938, -0.011041, -0.000023, 0.001681, -0.000198, -0.160971, 0.038943, 0.013585, 0.000002, -0.000073, 0.000082, -0.307703, 9.805556, 0.001973, -0.001973, -0.022082, 0.013585, 
37.614000, 0.999938, -0.010977, -0.000023, 0.001681, -0.000198, -0.161031, 0.038943, 0.013636, 0.000002, -0.000073, 0.000082, -0.306783, 9.805588, 0.002155, -0.002155, -0.021954, 0.013636, 
37.624000, 0.999939, -0.010912, -0.000023, 0.001680, -0.000197, -0.161101, 0.038943, 0.013687, 0.000002, -0.000074, 0.000082, -0.305859, 9.805619, 0.002338, -0.002338, -0.021825, 0.013687, 
37.634000, 0.999940, -0.010847, -0.000022, 0.001680, -0.000197, -0.161181, 0.038943, 0.013738, 0.000002, -0.000074, 0.000082, -0.304931, 9.805651, 0.002521, -0.002521, -0.021695, 0.013738, 
37.644000, 0.999940, -0.010782, -0.000022, 0.001679, -0.000197, -0.161272, 0.038943, 0.013790, 0.000002, -0.000075, 0.000082, -0.304000, 9.805683, 0.002705, -0.002705, -0.021565, 0.013790, 
37.654000, 0.999941, -0.010717, -0.000022, 0.001679, -0.000196, -0.161373, 0.038943, 0.013841, 0.000002, -0.000075, 0.000082, -0.303066, 9.805715, 0.002890, -0.002890, -0.021434, 0.013841, 
37.664000, 0.999942, -0.010651, -0.000022, 0.001679, -0.000196, -0.161484, 0.038943, 0.013893, 0.000002, -0.000076, 0.000082, -0.302128, 9.805747, 0.003075, -0.003075, -0.021303, 0.013893, 
37.674000, 0.999943, -0.010586, -0.000022, 0.001678, -0.000196, -0.161606, 0.038943, 0.013945, 0.000002, -0.000076, 0.000082, -0.301187, 9.805779, 0.003261, -0.003261, -0.021172, 0.013945, 
37.684000, 0.999943, -0.010520, -0.000022, 0.001678, -0.000195, -0.161738, 0.038943, 0.013997, 0.000002, -0.000076, 0.000082, -0.300242, 9.805811, 0.003448, -0.003448, -0.021040, 0.013997, 
37.694000, 0.999944, -0.010453, -0.000022, 0.001678, -0.000195, -0.161881, 0.038943, 0.014050, 0.000002, -0.000077, 0.000082, -0.299294, 9.805843, 0.003636, -0.003636, -0.020907, 0.014050, 
37.704000, 0.999945, -0.010387, -0.000022, 0.001677, -0.000194, -0.162034, 0.038943, 0.014102, 0.000002, -0.000077, 0.000082, -0.298342, 9.805875, 0.003824, -0.003824, -0.020774, 0.014102, 
37.714000, 0.999945, -0.010320, -0.000021, 0.001677, -0.000194, -0.162198, 0.038943, 0.014155, 0.000002, -0.000078, 0.000082, -0.297386, 9.805907, 0.004013, -0.004013, -0.020641, 0.014155, 
37.724000, 0.999946, -0.010253, -0.000021, 0.001676, -0.000193, -0.162373, 0.038943, 0.014208, 0.000002, -0.000078, 0.000082, -0.296427, 9.805939, 0.004202, -0.004202, -0.020507, 0.014208, 
37.734000, 0.999947, -0.010186, -0.000021, 0.001676, -0.000192, -0.162558, 0.038943, 0.014261, 0.000002, -0.000079, 0.000081, -0.295464, 9.805971, 0.004393, -0.004393, -0.020372, 0.014261, 
37.744000, 0.999947, -0.010118, -0.000021, 0.001676, -0.000192, -0.162753, 0.038943, 0.014314, 0.000002, -0.000079, 0.000081, -0.294498, 9.806004, 0.004584, -0.004584, -0.020237, 0.014314, 
37.754000, 0.999948, -0.010051, -0.000021, 0.001675, -0.000191, -0.162960, 0.038943, 0.014368, 0.000002, -0.000080, 0.000081, -0.293528, 9.806036, 0.004776, -0.004776, -0.020102, 0.014368, 
37.764000, 0.999949, -0.009983, -0.000021, 0.001675, -0.000190, -0.163177, 0.038943, 0.014421, 0.000002, -0.000080, 0.000081, -0.292555, 9.806068, 0.004968, -0.004968, -0.019966, 0.014421, 
37.774000, 0.999949, -0.009914, -0.000021, 0.001674, -0.000190, -0.163405, 0.038943, 0.014475, 0.000002, -0.000081, 0.000081, -0.291577, 9.806100, 0.005161, -0.005161, -0.019829, 0.014475, 
37.784000, 0.999950, -0.009846, -0.000021, 0.001674, -0.000189, -0.163644, 0.038943, 0.014529, 0.000002, -0.000081, 0.000081, -0.290597, 9.806133, 0.005355, -0.005355, -0.019692, 0.014529, 
37.794000, 0.999951, -0.009777, -0.000021, 0.001674, -0.000188, -0.163894, 0.038943, 0.014584, 0.000002, -0.000082, 0.000081, -0.289612, 9.806165, 0.005550, -0.005550, -0.019555, 0.014584, 
37.804000, 0.999951, -0.009708, -0.000020, 0.001673, -0.000187, -0.164154, 0.038943, 0.014638, 0.000002, -0.000082, 0.000081, -0.288624, 9.806198, 0.005745, -0.005745, -0.019417, 0.014638, 
37.814000, 0.999952, -0.009639, -0.000020, 0.001673, -0.000186, -0.164426, 0.038943, 0.014693, 0.000002, -0.000082, 0.000081, -0.287632, 9.806230, 0.005941, -0.005941, -0.019278, 0.014693, 
37.824000, 0.999953, -0.009569, -0.000020, 0.001672, -0.000185, -0.164709, 0.038943, 0.014748, 0.000002, -0.000083, 0.000081, -0.286636, 9.806263, 0.006138, -0.006138, -0.019139, 0.014748, 
37.834000, 0.999953, -0.009500, -0.000020, 0.001672, -0.000184, -0.165002, 0.038943, 0.014803, 0.000002, -0.000084, 0.000080, -0.285637, 9.806295, 0.006336, -0.006336, -0.018999, 0.014803, 
37.844000, 0.999954, -0.009429, -0.000020, 0.001672, -0.000183, -0.165307, 0.038943, 0.014858, 0.000002, -0.000084, 0.000080, -0.284634, 9.806328, 0.006534, -0.006534, -0.018859, 0.014858, 
37.854000, 0.999955, -0.009359, -0.000020, 0.001671, -0.000182, -0.165623, 0.038943, 0.014914, 0.000002, -0.000085, 0.000080, -0.283627, 9.806360, 0.006733, -0.006733, -0.018719, 0.014914, 
37.864000, 0.999955, -0.009289, -0.000020, 0.001671, -0.000181, -0.165950, 0.038943, 0.014970, 0.000002, -0.000085, 0.000080, -0.282616, 9.806393, 0.006933, -0.006933, -0.018577, 0.014970, 
37.874000, 0.999956, -0.009218, -0.000020, 0.001670, -0.000180, -0.166288, 0.038943, 0.015026, 0.000002, -0.000086, 0.000080, -0.281602, 9.806426, 0.007133, -0.007133, -0.018436, 0.015026, 
37.884000, 0.999957, -0.009147, -0.000019, 0.001670, -0.000179, -0.166638, 0.038943, 0.015082, 0.000002, -0.000086, 0.000080, -0.280584, 9.806458, 0.007335, -0.007335, -0.018293, 0.015082, 
37.894000, 0.999957, -0.009075, -0.000019, 0.001669, -0.000178, -0.166999, 0.038943, 0.015138, 0.000002, -0.000087, 0.000080, -0.279562, 9.806491, 0.007537, -0.007537, -0.018151, 0.015138, 
37.904000, 0.999958, -0.009003, -0.000019, 0.001669, -0.000176, -0.167371, 0.038943, 0.015195, 0.000002, -0.000087, 0.000080, -0.278536, 9.806524, 0.007739, -0.007739, -0.018007, 0.015195, 
37.914000, 0.999959, -0.008932, -0.000019, 0.001669, -0.000175, -0.167754, 0.038943, 0.015252, 0.000002, -0.000088, 0.000080, -0.277507, 9.806557, 0.007943, -0.007943, -0.017863, 0.015252, 
37.924000, 0.999959, -0.008859, -0.000019, 0.001668, -0.000174, -0.168149, 0.038943, 0.015309, 0.000002, -0.000088, 0.000079, -0.276473, 9.806589, 0.008147, -0.008147, -0.017719, 0.015309, 
37.934000, 0.999960, -0.008787, -0.000019, 0.001668, -0.000172, -0.168556, 0.038943, 0.015366, 0.000002, -0.000089, 0.000079, -0.275436, 9.806622, 0.008352, -0.008352, -0.017574, 0.015366, 
37.944000, 0.999961, -0.008714, -0.000019, 0.001667, -0.000171, -0.168974, 0.038943, 0.015423, 0.000002, -0.000089, 0.000079, -0.274394, 9.806655, 0.008558, -0.008558, -0.017429, 0.015423, 
37.954000, 0.999961, -0.008641, -0.000019, 0.001667, -0.000170, -0.169403, 0.038943, 0.015481, 0.000002, -0.000090, 0.000079, -0.273349, 9.806688, 0.008765, -0.008765, -0.017283, 0.015481, 
37.964000, 0.999962, -0.008568, -0.000018, 0.001666, -0.000168, -0.169844, 0.038943, 0.015539, 0.000002, -0.000091, 0.000079, -0.272300, 9.806721, 0.008972, -0.008972, -0.017136, 0.015539, 
37.974000, 0.999963, -0.008494, -0.000018, 0.001666, -0.000167, -0.170297, 0.038943, 0.015597, 0.000002, -0.000091, 0.000079, -0.271247, 9.806754, 0.009180, -0.009180, -0.016989, 0.015597, 
37.984000, 0.999963, -0.008421, -0.000018, 0.001665, -0.000165, -0.170762, 0.038943, 0.015655, 0.000002, -0.000092, 0.000079, -0.270190, 9.806787, 0.009389, -0.009389, -0.016841, 0.015655, 
37.994000, 0.999964, -0.008346, -0.000018, 0.001665, -0.000163, -0.171238, 0.038943, 0.015714, 0.000002, -0.000092, 0.000079, -0.269129, 9.806820, 0.009599, -0.009599, -0.016693, 0.015714, 
38.004000, 0.999964, -0.008272, -0.000018, 0.001665, -0.000162, -0.171726, 0.038943, 0.015773, 0.000002, -0.000093, 0.000078, -0.268065, 9.806853, 0.009810, -0.009810, -0.016544, 0.015773, 
38.014000, 0.999965, -0.008197, -0.000018, 0.001664, -0.000160, -0.172225, 0.038943, 0.015832, 0.000002, -0.000093, 0.000078, -0.266996, 9.806886, 0.010021, -0.010021, -0.016395, 0.015832, 
38.024000, 0.999966, -0.008122, -0.000018, 0.001664, -0.000158, -0.172737, 0.038943, 0.015891, 0.000002, -0.000094, 0.000078, -0.265923, 9.806919, 0.010233, -0.010233, -0.016245, 0.015891, 
38.034000, 0.999966, -0.008047, -0.000018, 0.001663, -0.000157, -0.173260, 0.038943, 0.015950, 0.000002, -0.000095, 0.000078, -0.264846, 9.806952, 0.010446, -0.010446, -0.016095, 0.015950, 
38.044000, 0.999967, -0.007972, -0.000017, 0.001663, -0.000155, -0.173796, 0.038943, 0.016010, 0.000002, -0.000095, 0.000078, -0.263765, 9.806985, 0.010659, -0.010659, -0.015944, 0.016010, 
38.054000, 0.999967, -0.007896, -0.000017, 0.001662, -0.000153, -0.174343, 0.038943, 0.016070, 0.000002, -0.000096, 0.000078, -0.262680, 9.807018, 0.010874, -0.010874, -0.015792, 0.016070, 
38.064000, 0.999968, -0.007820, -0.000017, 0.001662, -0.000151, -0.174903, 0.038943, 0.016130, 0.000002, -0.000097, 0.000078, -0.261591, 9.807051, 0.011089, -0.011089, -0.015640, 0.016130, 
38.074000, 0.999969, -0.007744, -0.000017, 0.001661, -0.000149, -0.175474, 0.038943, 0.016190, 0.000002, -0.000097, 0.000077, -0.260498, 9.807084, 0.011305, -0.011305, -0.015487, 0.016190, 
38.084000, 0.999969, -0.007667, -0.000017, 0.001661, -0.000147, -0.176058, 0.038943, 0.016251, 0.000002, -0.000098, 0.000077, -0.259401, 9.807117, 0.011522, -0.011522, -0.015334, 0.016251, 
38.094000, 0.999970, -0.007590, -0.000017, 0.001660, -0.000145, -0.176654, 0.038943, 0.016311, 0.000002, -0.000098, 0.000077, -0.258300, 9.807151, 0.011740, -0.011740, -0.015180, 0.016311, 
38.104000, 0.999970, -0.007513, -0.000017, 0.001660, -0.000143, -0.177262, 0.038943, 0.016372, 0.000002, -0.000099, 0.000077, -0.257195, 9.807184, 0.011958, -0.011958, -0.015026, 0.016372, 
38.114000, 0.999971, -0.007435, -0.000016, 0.001659, -0.000141, -0.177882, 0.038943, 0.016433, 0.000002, -0.000100, 0.000077, -0.256085, 9.807217, 0.012178, -0.012178, -0.014871, 0.016433, 
38.124000, 0.999972, -0.007358, -0.000016, 0.001659, -0.000139, -0.178515, 0.038943, 0.016495, 0.000002, -0.000100, 0.000077, -0.254971, 9.807250, 0.012398, -0.012398, -0.014715, 0.016495, 
38.134000, 0.999972, -0.007279, -0.000016, 0.001658, -0.000137, -0.179160, 0.038943, 0.016557, 0.000002, -0.000101, 0.000076, -0.253854, 9.807283, 0.012619, -0.012619, -0.014559, 0.016557, 
38.144000, 0.999973, -0.007201, -0.000016, 0.001658, -0.000135, -0.179817, 0.038943, 0.016618, 0.000002, -0.000102, 0.000076, -0.252732, 9.807317, 0.012841, -0.012841, -0.014402, 0.016618, 
38.154000, 0.999973, -0.007122, -0.000016, 0.001657, -0.000133, -0.180487, 0.038943, 0.016681, 0.000002, -0.000103, 0.000076, -0.251605, 9.807350, 0.013063, -0.013063, -0.014245, 0.016681, 
38.164000, 0.999974, -0.007043, -0.000016, 0.001657, -0.000130, -0.181169, 0.038943, 0.016743, 0.000002, -0.000103, 0.000076, -0.250475, 9.807383, 0.013287, -0.013287, -0.014087, 0.016743, 
38.174000, 0.999974, -0.006964, -0.000016, 0.001656, -0.000128, -0.181864, 0.038943, 0.016806, 0.000002, -0.000104, 0.000076, -0.249340, 9.807416, 0.013511, -0.013511, -0.013929, 0.016806, 
38.184000, 0.999975, -0.006885, -0.000016, 0.001656, -0.000126, -0.182571, 0.038943, 0.016868, 0.000002, -0.000105, 0.000076, -0.248201, 9.807450, 0.013736, -0.013736, -0.013769, 0.016868, 
38.194000, 0.999975, -0.006805, -0.000015, 0.001655, -0.000123, -0.183291, 0.038943, 0.016931, 0.000002, -0.000105, 0.000075, -0.247058, 9.807483, 0.013962, -0.013962, -0.013610, 0.016931, 
38.204000, 0.999976, -0.006725, -0.000015, 0.001655, -0.000121, -0.184024, 0.038943, 0.016995, 0.000002, -0.000106, 0.000075, -0.245911, 9.807516, 0.014189, -0.014189, -0.013449, 0.016995, 
38.214000, 0.999977, -0.006644, -0.000015, 0.001654, -0.000119, -0.184770, 0.038943, 0.017058, 0.000002, -0.000107, 0.000075, -0.244759, 9.807550, 0.014417, -0.014417, -0.013289, 0.017058, 
38.224000, 0.999977, -0.006563, -0.000015, 0.001654, -0.000116, -0.185528, 0.038943, 0.017122, 0.000001, -0.000107, 0.000075, -0.243603, 9.807583, 0.014645, -0.014645, -0.013127, 0.017122, 
38.234000, 0.999978, -0.006482, -0.000015, 0.001653, -0.000113, -0.186299, 0.038943, 0.017186, 0.000001, -0.000108, 0.000075, -0.242443, 9.807616, 0.014874, -0.014874, -0.012965, 0.017186, 
38.244000, 0.999978, -0.006401, -0.000015, 0.001653, -0.000111, -0.187083, 0.038943, 0.017250, 0.000001, -0.000109, 0.000074, -0.241278, 9.807650, 0.015105, -0.015105, -0.012802, 0.017250, 
38.254000, 0.999979, -0.006319, -0.000015, 0.001652, -0.000108, -0.187880, 0.038943, 0.017315, 0.000001, -0.000110, 0.000074, -0.240109, 9.807683, 0.015336, -0.015336, -0.012639, 0.017315, 
38.264000, 0.999979, -0.006237, -0.000014, 0.001651, -0.000106, -0.188690, 0.038943, 0.017380, 0.000001, -0.000110, 0.000074, -0.238935, 9.807716, 0.015568, -0.015568, -0.012475, 0.017380, 
38.274000, 0.999980, -0.006155, -0.000014, 0.001651, -0.000103, -0.189512, 0.038943, 0.017445, 0.000001, -0.000111, 0.000074, -0.237758, 9.807749, 0.015801, -0.015801, -0.012310, 0.017445, 
38.284000, 0.999980, -0.006073, -0.000014, 0.001650, -0.000100, -0.190348, 0.038943, 0.017510, 0.000001, -0.000112, 0.000074, -0.236575, 9.807783, 0.025900, -0.025900, -0.012145, 0.017510, 
38.294000, 0.999972, -0.007233, -0.000016, 0.001650, -0.000097, -0.191288, 0.038943, -0.364842, -0.000007, -0.000010, 0.000067, -1.349900, 9.789583, 0.020998, -0.020998, -0.014467, -0.364842, 
38.304000, 0.999958, -0.009069, -0.000019, 0.001650, -0.000094, -0.192287, 0.038942, -0.366522, -0.000002, -0.000035, 0.000103, -0.265561, 9.808643, 0.026528, -0.026528, -0.018138, -0.366522, 
38.314000, 0.999932, -0.011579, -0.000023, 0.001650, -0.000090, -0.193346, 0.038942, -0.573767, -0.000004, 0.000003, 0.000089, -0.904172, 9.792307, 0.023980, -0.023980, -0.023158, -0.573767, 
38.324000, 0.999894, -0.014468, -0.000028, 0.001650, -0.000087, -0.194442, 0.038942, -0.579340, 0.000000, -0.000020, 0.000101, -0.362104, 9.804724, 0.026905, -0.026905, -0.028937, -0.579340, 
38.334000, 0.999841, -0.017736, -0.000033, 0.001650, -0.000083, -0.195572, 0.038943, -0.693625, -0.000000, -0.000003, 0.000090, -0.729347, 9.790913, 0.025502, -0.025502, -0.035474, -0.693625, 
38.344000, 0.999773, -0.021224, -0.000039, 0.001649, -0.000079, -0.196723, 0.038943, -0.700272, 0.000002, -0.000015, 0.000093, -0.468710, 9.799199, 0.026975, -0.026975, -0.042452, -0.700272, 
38.354000, 0.999688, -0.024930, -0.000045, 0.001649, -0.000075, -0.197894, 0.038943, -0.764213, 0.000002, -0.000004, 0.000086, -0.690826, 9.787990, 0.026121, -0.026121, -0.049865, -0.764213, 
38.364000, 0.999585, -0.028767, -0.000052, 0.001649, -0.000071, -0.199077, 0.038943, -0.770553, 0.000002, -0.000006, 0.000086, -0.579740, 9.792699, 0.026772, -0.026772, -0.057542, -0.770553, 
38.374000, 0.999463, -0.032732, -0.000058, 0.001649, -0.000067, -0.200268, 0.038944, -0.807066, 0.000002, 0.000006, 0.000083, -0.725474, 9.783519, 0.026162, -0.026162, -0.065475, -0.807066, 
38.384000, 0.999322, -0.036777, -0.000065, 0.001649, -0.000063, -0.201462, 0.038944, -0.812725, 0.000001, 0.000011, 0.000084, -0.694497, 9.785121, 0.026328, -0.026328, -0.073571, -0.812725, 
38.394000, 0.999162, -0.040901, -0.000072, 0.001648, -0.000059, -0.202656, 0.038944, -0.834263, -0.000000, 0.000025, 0.000083, -0.800245, 9.777223, 0.025802, -0.025802, -0.081824, -0.834263, 
38.404000, 0.998982, -0.045076, -0.000079, 0.001648, -0.000056, -0.203847, 0.038944, -0.839273, -0.000002, 0.000036, 0.000084, -0.812374, 9.776258, 0.015800, -0.015800, -0.090183, -0.839273, 
38.414000, 0.998843, -0.048060, -0.000083, 0.001648, -0.000052, -0.204940, 0.038944, -0.470166, 0.000011, -0.000057, 0.000082, 0.212344, 9.870386, 0.020412, -0.020412, -0.096157, -0.470166, 
38.424000, 0.998727, -0.050406, -0.000087, 0.001647, -0.000049, -0.205977, 0.038944, -0.473059, 0.000004, -0.000017, 0.000061, -0.902328, 9.769447, 0.014771, -0.014771, -0.100855, -0.473059, 
38.434000, 0.998640, -0.052115, -0.000090, 0.001647, -0.000045, -0.206955, 0.038943, -0.274579, 0.000007, -0.000041, 0.000069, -0.339398, 9.825822, 0.016985, -0.016985, -0.104276, -0.274579, 
38.444000, 0.998568, -0.053471, -0.000092, 0.001647, -0.000042, -0.207895, 0.038943, -0.273073, 0.000001, -0.000002, 0.000064, -0.925957, 9.767934, 0.013804, -0.013804, -0.106993, -0.273073, 
38.454000, 0.998514, -0.054476, -0.000094, 0.001647, -0.000039, -0.208795, 0.038943, -0.165234, 0.000000, -0.000001, 0.000072, -0.628371, 9.798961, 0.014803, -0.014803, -0.109006, -0.165234, 
38.464000, 0.998469, -0.055283, -0.000095, 0.001647, -0.000036, -0.209665, 0.038943, -0.162310, -0.000005, 0.000030, 0.000072, -0.941093, 9.766491, 0.012953, -0.012953, -0.110623, -0.162310, 
38.474000, 0.998435, -0.055895, -0.000096, 0.001647, -0.000034, -0.210506, 0.038943, -0.103564, -0.000005, 0.000038, 0.000078, -0.785732, 9.783020, 0.013323, -0.013323, -0.111849, -0.103564, 
38.484000, 0.998407, -0.056396, -0.000097, 0.001647, -0.000031, -0.211322, 0.038943, -0.100777, -0.000009, 0.000060, 0.000079, -0.953313, 9.765091, 0.012187, -0.012187, -0.112852, -0.100777, 
38.494000, 0.998385, -0.056788, -0.000098, 0.001647, -0.000028, -0.212114, 0.038943, -0.068754, -0.000009, 0.000068, 0.000083, -0.872861, 9.773762, 0.012229, -0.012229, -0.113637, -0.068754, 
38.504000, 0.998366, -0.057117, -0.000098, 0.001648, -0.000026, -0.212885, 0.038943, -0.066591, -0.000011, 0.000082, 0.000084, -0.963093, 9.763946, 0.011474, -0.011474, -0.114297, -0.066591, 
38.514000, 0.998351, -0.057386, -0.000099, 0.001648, -0.000023, -0.213635, 0.038943, -0.049140, -0.000012, 0.000088, 0.000086, -0.921883, 9.768443, 0.011343, -0.011343, -0.114835, -0.049140, 
38.524000, 0.998337, -0.057620, -0.000099, 0.001649, -0.000021, -0.214364, 0.038943, -0.047626, -0.000013, 0.000098, 0.000087, -0.970836, 9.763076, 0.010792, -0.010792, -0.115303, -0.047626, 
38.534000, 0.998326, -0.057820, -0.000100, 0.001649, -0.000018, -0.215074, 0.038943, -0.038127, -0.000013, 0.000102, 0.000088, -0.950137, 9.765370, 0.010571, -0.010571, -0.115704, -0.038127, 
38.544000, 0.998315, -0.058000, -0.000100, 0.001650, -0.000016, -0.215765, 0.038943, -0.037136, -0.000014, 0.000108, 0.000088, -0.977051, 9.762416, 0.010128, -0.010128, -0.116065, -0.037136, 
38.554000, 0.998306, -0.058162, -0.000100, 0.001650, -0.000014, -0.216437, 0.038943, -0.031980, -0.000014, 0.000111, 0.000088, -0.967059, 9.763549, 0.009859, -0.009859, -0.116390, -0.031980, 
38.564000, 0.998297, -0.058313, -0.000101, 0.001651, -0.000012, -0.217091, 0.038943, -0.031368, -0.000014, 0.000115, 0.000088, -0.982204, 9.761895, 0.009472, -0.009472, -0.116692, -0.031368, 
38.574000, 0.998289, -0.058454, -0.000101, 0.001651, -0.000010, -0.217726, 0.038943, -0.028586, -0.000014, 0.000117, 0.000089, -0.977795, 9.762416, 0.009177, -0.009177, -0.116974, -0.028586, 
38.584000, 0.998281, -0.058589, -0.000101, 0.001652, -0.000008, -0.218342, 0.038943, -0.028232, -0.000014, 0.000120, 0.000088, -0.986656, 9.761457, 0.008820, -0.008820, -0.117244, -0.028232, 
38.594000, 0.998273, -0.058718, -0.000101, 0.001652, -0.000006, -0.218941, 0.038943, -0.026748, -0.000015, 0.000121, 0.000088, -0.985157, 9.761656, 0.008510, -0.008510, -0.117504, -0.026748, 
38.604000, 0.998266, -0.058844, -0.000102, 0.001653, -0.000004, -0.219521, 0.038943, -0.026563, -0.000015, 0.000123, 0.000088, -0.990664, 9.761069, 0.008167, -0.008167, -0.117756, -0.026563, 
38.614000, 0.998259, -0.058967, -0.000102, 0.001654, -0.000002, -0.220082, 0.038943, -0.025791, -0.000015, 0.000124, 0.000088, -0.990683, 9.761097, 0.007849, -0.007849, -0.118004, -0.025791, 
38.624000, 0.998251, -0.059089, -0.000102, 0.001654, -0.000000, -0.220625, 0.038943, -0.025713, -0.000015, 0.000125, 0.000088, -0.994401, 9.760709, 0.007513, -0.007513, -0.118247, -0.025713, 
38.634000, 0.998244, -0.059209, -0.000102, 0.001655, 0.000002, -0.221150, 0.038943, -0.025331, -0.000015, 0.000126, 0.000088, -0.995214, 9.760647, 0.007189, -0.007189, -0.118488, -0.025331, 
38.644000, 0.998237, -0.059329, -0.000103, 0.001656, 0.000003, -0.221657, 0.038943, -0.025320, -0.000015, 0.000127, 0.000087, -0.997980, 9.760364, 0.006855, -0.006855, -0.118728, -0.025320, 
38.654000, 0.998230, -0.059448, -0.000103, 0.001656, 0.000005, -0.222145, 0.038943, -0.025152, -0.000015, 0.000128, 0.000087, -0.999209, 9.760254, 0.006528, -0.006528, -0.118966, -0.025152, 
38.664000, 0.998223, -0.059567, -0.000103, 0.001657, 0.000006, -0.222614, 0.038943, -0.025183, -0.000015, 0.000129, 0.000087, -1.001471, 9.760026, 0.006194, -0.006194, -0.119204, -0.025183, 
38.674000, 0.998216, -0.059685, -0.000103, 0.001657, 0.000008, -0.223065, 0.038943, -0.025133, -0.000016, 0.000130, 0.000087, -1.002922, 9.759890, 0.005863, -0.005863, -0.119442, -0.025133, 
38.684000, 0.998209, -0.059804, -0.000104, 0.001658, 0.000009, -0.223497, 0.038943, -0.025189, -0.000016, 0.000131, 0.000087, -1.004920, 9.759691, 0.005528, -0.005528, -0.119680, -0.025189, 
38.694000, 0.998202, -0.059923, -0.000104, 0.001659, 0.000011, -0.223910, 0.038943, -0.025204, -0.000016, 0.000131, 0.000086, -1.006491, 9.759541, 0.005194, -0.005194, -0.119918, -0.025204, 
38.704000, 0.998194, -0.060042, -0.000104, 0.001659, 0.000012, -0.224305, 0.038943, -0.025276, -0.000016, 0.000132, 0.000086, -1.008354, 9.759357, 0.004857, -0.004857, -0.120156, -0.025276, 
38.714000, 0.998187, -0.060161, -0.000104, 0.001660, 0.000013, -0.224681, 0.038943, -0.025327, -0.000016, 0.000133, 0.000086, -1.009993, 9.759198, 0.004521, -0.004521, -0.120396, -0.025327, 
38.724000, 0.998180, -0.060281, -0.000104, 0.001661, 0.000015, -0.225038, 0.038943, -0.025408, -0.000016, 0.000134, 0.000086, -1.011789, 9.759021, 0.004182, -0.004182, -0.120635, -0.025408, 
38.734000, 0.998173, -0.060401, -0.000105, 0.001661, 0.000016, -0.225376, 0.038943, -0.025479, -0.000016, 0.000134, 0.000085, -1.013469, 9.758858, 0.003843, -0.003843, -0.120876, -0.025479, 
38.744000, 0.998166, -0.060521, -0.000105, 0.001662, 0.000017, -0.225695, 0.038943, -0.025567, -0.000016, 0.000135, 0.000085, -1.015235, 9.758684, 0.003502, -0.003502, -0.121117, -0.025567, 
38.754000, 0.998158, -0.060642, -0.000105, 0.001663, 0.000018, -0.225994, 0.038943, -0.025649, -0.000017, 0.000136, 0.000085, -1.016942, 9.758516, 0.003160, -0.003160, -0.121359, -0.025649, 
38.764000, 0.998151, -0.060763, -0.000105, 0.001663, 0.000019, -0.226275, 0.038943, -0.025740, -0.000017, 0.000136, 0.000085, -1.018698, 9.758343, 0.002816, -0.002816, -0.121602, -0.025740, 
38.774000, 0.998143, -0.060885, -0.000106, 0.001664, 0.000020, -0.226536, 0.038943, -0.025829, -0.000017, 0.000137, 0.000084, -1.020426, 9.758173, 0.002472, -0.002472, -0.121845, -0.025829, 
38.784000, 0.998136, -0.061007, -0.000106, 0.001665, 0.000020, -0.226778, 0.038943, -0.025923, -0.000017, 0.000138, 0.000084, -1.022182, 9.758000, 0.002126, -0.002126, -0.122090, -0.025923, 
38.794000, 0.998128, -0.061129, -0.000106, 0.001665, 0.000021, -0.227001, 0.038943, -0.026016, -0.000017, 0.000139, 0.000084, -1.023927, 9.757827, 0.001779, -0.001779, -0.122335, -0.026016, 
38.804000, 0.998121, -0.061252, -0.000106, 0.001666, 0.000022, -0.227204, 0.038943, -0.026112, -0.000017, 0.000139, 0.000084, -1.025689, 9.757653, 0.001430, -0.001430, -0.122582, -0.026112, 
38.814000, 0.998113, -0.061376, -0.000107, 0.001667, 0.000022, -0.227387, 0.038943, -0.026207, -0.000017, 0.000140, 0.000083, -1.027449, 9.757478, 0.001081, -0.001081, -0.122829, -0.026207, 
38.824000, 0.998106, -0.061500, -0.000107, 0.001667, 0.000023, -0.227551, 0.038943, -0.026304, -0.000017, 0.000141, 0.000083, -1.029221, 9.757302, 0.000730, -0.000730, -0.123077, -0.026304, 
38.834000, 0.998098, -0.061624, -0.000107, 0.001668, 0.000023, -0.227695, 0.038943, -0.026401, -0.000017, 0.000142, 0.000083, -1.030995, 9.757126, 0.000377, -0.000377, -0.123326, -0.026401, 
38.844000, 0.998090, -0.061749, -0.000107, 0.001669, 0.000024, -0.227820, 0.038943, -0.026500, -0.000018, 0.000142, 0.000083, -1.032778, 9.756948, 0.000024, -0.000024, -0.123576, -0.026500, 
38.854000, 0.998083, -0.061874, -0.000108, 0.001669, 0.000024, -0.227924, 0.038943, -0.026598, -0.000018, 0.000143, 0.000082, -1.034565, 9.756770, -0.000331, 0.000331, -0.123827, -0.026598, 
38.864000, 0.998075, -0.061999, -0.000108, 0.001670, 0.000024, -0.228009, 0.038943, -0.026697, -0.000018, 0.000144, 0.000082, -1.036361, 9.756590, -0.000688, 0.000688, -0.124079, -0.026697, 
38.874000, 0.998067, -0.062126, -0.000108, 0.001671, 0.000025, -0.228074, 0.038943, -0.026796, -0.000018, 0.000145, 0.000082, -1.038162, 9.756410, -0.001045, 0.001045, -0.124331, -0.026796, 
38.884000, 0.998059, -0.062252, -0.000108, 0.001672, 0.000025, -0.228118, 0.038943, -0.026896, -0.000018, 0.000145, 0.000081, -1.039970, 9.756229, -0.001404, 0.001404, -0.124585, -0.026896, 
38.894000, 0.998051, -0.062379, -0.000109, 0.001672, 0.000025, -0.228143, 0.038943, -0.026997, -0.000018, 0.000146, 0.000081, -1.041785, 9.756046, -0.001765, 0.001765, -0.124840, -0.026997, 
38.904000, 0.998043, -0.062507, -0.000109, 0.001673, 0.000025, -0.228147, 0.038943, -0.027098, -0.000018, 0.000147, 0.000081, -1.043607, 9.755863, -0.002126, 0.002126, -0.125095, -0.027098, 
38.914000, 0.998035, -0.062635, -0.000109, 0.001674, 0.000025, -0.228131, 0.038943, -0.027199, -0.000019, 0.000148, 0.000080, -1.045435, 9.755679, -0.002489, 0.002489, -0.125352, -0.027199, 
38.924000, 0.998027, -0.062763, -0.000109, 0.001675, 0.000025, -0.228094, 0.038943, -0.027300, -0.000019, 0.000148, 0.000080, -1.047270, 9.755493, -0.002854, 0.002854, -0.125609, -0.027300, 
38.934000, 0.998019, -0.062892, -0.000110, 0.001675, 0.000025, -0.228038, 0.038943, -0.027402, -0.000019, 0.000149, 0.000080, -1.049112, 9.755307, -0.003219, 0.003219, -0.125868, -0.027402, 
38.944000, 0.998011, -0.063022, -0.000110, 0.001676, 0.000024, -0.227960, 0.038943, -0.027505, -0.000019, 0.000150, 0.000080, -1.050960, 9.755120, -0.003587, 0.003587, -0.126127, -0.027505, 
38.954000, 0.998003, -0.063152, -0.000110, 0.001677, 0.000024, -0.227862, 0.038943, -0.027608, -0.000019, 0.000151, 0.000079, -1.052816, 9.754932, -0.003955, 0.003955, -0.126388, -0.027608, 
38.964000, 0.997994, -0.063282, -0.000111, 0.001677, 0.000024, -0.227743, 0.038943, -0.027711, -0.000019, 0.000152, 0.000079, -1.054678, 9.754742, -0.004325, 0.004325, -0.126649, -0.027711, 
38.974000, 0.997986, -0.063413, -0.000111, 0.001678, 0.000023, -0.227604, 0.038943, -0.027814, -0.000019, 0.000153, 0.000079, -1.056548, 9.754552, -0.004696, 0.004696, -0.126911, -0.027814, 
38.984000, 0.997978, -0.063544, -0.000111, 0.001679, 0.000023, -0.227444, 0.038943, -0.027918, -0.000020, 0.000153, 0.000078, -1.058424, 9.754361, -0.005069, 0.005069, -0.127175, -0.027918, 
38.994000, 0.997969, -0.063676, -0.000111, 0.001680, 0.000022, -0.227262, 0.038943, -0.028023, -0.000020, 0.000154, 0.000078, -1.060307, 9.754168, -0.005443, 0.005443, -0.127439, -0.028023, 
39.004000, 0.997961, -0.063809, -0.000112, 0.001680, 0.000021, -0.227060, 0.038943, -0.028127, -0.000020, 0.000155, 0.000077, -1.062198, 9.753975, -0.005818, 0.005818, -0.127704, -0.028127, 
39.014000, 0.997952, -0.063942, -0.000112, 0.001681, 0.000021, -0.226837, 0.038943, -0.028232, -0.000020, 0.000156, 0.000077, -1.064095, 9.753781, -0.006195, 0.006195, -0.127971, -0.028232, 
39.024000, 0.997944, -0.064075, -0.000112, 0.001682, 0.000020, -0.226593, 0.038943, -0.028338, -0.000020, 0.000157, 0.000077, -1.065999, 9.753585, -0.006573, 0.006573, -0.128238, -0.028338, 
39.034000, 0.997935, -0.064209, -0.000112, 0.001683, 0.000019, -0.226327, 0.038943, -0.028444, -0.000020, 0.000158, 0.000076, -1.067911, 9.753388, -0.006953, 0.006953, -0.128506, -0.028444, 
39.044000, 0.997926, -0.064343, -0.000113, 0.001684, 0.000018, -0.226040, 0.038943, -0.028550, -0.000020, 0.000158, 0.000076, -1.069829, 9.753191, -0.007334, 0.007334, -0.128776, -0.028550, 
39.054000, 0.997918, -0.064478, -0.000113, 0.001684, 0.000017, -0.225732, 0.038943, -0.028657, -0.000021, 0.000159, 0.000076, -1.071755, 9.752992, -0.007716, 0.007716, -0.129046, -0.028657, 
39.064000, 0.997909, -0.064613, -0.000113, 0.001685, 0.000016, -0.225402, 0.038943, -0.028764, -0.000021, 0.000160, 0.000075, -1.073688, 9.752792, -0.008100, 0.008100, -0.129317, -0.028764, 
39.074000, 0.997900, -0.064749, -0.000114, 0.001686, 0.000014, -0.225051, 0.038943, -0.028871, -0.000021, 0.000161, 0.000075, -1.075628, 9.752592, -0.008486, 0.008486, -0.129590, -0.028871, 
39.084000, 0.997891, -0.064886, -0.000114, 0.001687, 0.000013, -0.224678, 0.038943, -0.028979, -0.000021, 0.000162, 0.000074, -1.077576, 9.752390, -0.008872, 0.008872, -0.129863, -0.028979, 
39.094000, 0.997882, -0.065023, -0.000114, 0.001688, 0.000012, -0.224283, 0.038943, -0.029088, -0.000021, 0.000163, 0.000074, -1.079530, 9.752187, -0.009261, 0.009261, -0.130137, -0.029088, 
39.104000, 0.997873, -0.065160, -0.000114, 0.001688, 0.000010, -0.223866, 0.038943, -0.029196, -0.000021, 0.000164, 0.000074, -1.081492, 9.751982, -0.009650, 0.009650, -0.130413, -0.029196, 
39.114000, 0.997864, -0.065298, -0.000115, 0.001689, 0.000009, -0.223428, 0.038943, -0.029305, -0.000022, 0.000165, 0.000073, -1.083461, 9.751777, -0.010042, 0.010042, -0.130689, -0.029305, 
39.124000, 0.997855, -0.065436, -0.000115, 0.001690, 0.000007, -0.222968, 0.038943, -0.029415, -0.000022, 0.000165, 0.000073, -1.085438, 9.751571, -0.010434, 0.010434, -0.130967, -0.029415, 
39.134000, 0.997846, -0.065575, -0.000115, 0.001691, 0.000006, -0.222486, 0.038943, -0.029525, -0.000022, 0.000166, 0.000072, -1.087421, 9.751363, -0.010828, 0.010828, -0.131245, -0.029525, 
39.144000, 0.997837, -0.065715, -0.000116, 0.001692, 0.000004, -0.221981, 0.038943, -0.029635, -0.000022, 0.000167, 0.000072, -1.089413, 9.751155, -0.011224, 0.011224, -0.131525, -0.029635, 
39.154000, 0.997828, -0.065855, -0.000116, 0.001692, 0.000002, -0.221455, 0.038943, -0.029746, -0.000022, 0.000168, 0.000072, -1.091411, 9.750945, -0.011621, 0.011621, -0.131805, -0.029746, 
39.164000, 0.997818, -0.065995, -0.000116, 0.001693, 0.000000, -0.220906, 0.038943, -0.029857, -0.000022, 0.000169, 0.000071, -1.093417, 9.750734, -0.012019, 0.012019, -0.132087, -0.029857, 
39.174000, 0.997809, -0.066136, -0.000116, 0.001694, -0.000001, -0.220334, 0.038943, -0.029969, -0.000023, 0.000170, 0.000071, -1.095431, 9.750522, -0.012419, 0.012419, -0.132370, -0.029969, 
39.184000, 0.997800, -0.066278, -0.000117, 0.001695, -0.000004, -0.219741, 0.038943, -0.030081, -0.000023, 0.000171, 0.000070, -1.097452, 9.750309, -0.022669, 0.022669, -0.132653, -0.030081, 
39.194000, 0.997872, -0.065183, -0.000115, 0.001696, -0.000006, -0.219034, 0.038943, 0.351151, -0.000005, 0.000063, 0.000073, 0.003518, 9.890105, -0.017961, 0.017961, -0.130458, 0.351151, 
39.204000, 0.997986, -0.063413, -0.000112, 0.001696, -0.000009, -0.218258, 0.038942, 0.353588, -0.000010, 0.000091, 0.000061, -1.068332, 9.756200, -0.023624, 0.023624, -0.126912, 0.353588, 
39.214000, 0.998138, -0.060973, -0.000108, 0.001697, -0.000011, -0.217413, 0.038942, 0.559623, -0.000004, 0.000052, 0.000068, -0.440202, 9.829242, -0.021277, 0.021277, -0.122022, 0.559623, 
39.224000, 0.998306, -0.058154, -0.000103, 0.001697, -0.000014, -0.216523, 0.038942, 0.565945, -0.000009, 0.000077, 0.000063, -0.973915, 9.764754, -0.024341, 0.024341, -0.116373, 0.565945, 
39.234000, 0.998487, -0.054957, -0.000098, 0.001698, -0.000018, -0.215588, 0.038942, 0.679287, -0.000006, 0.000062, 0.000069, -0.614091, 9.801925, -0.023134, 0.023134, -0.109969, 0.679287, 
39.244000, 0.998670, -0.051539, -0.000092, 0.001699, -0.000021, -0.214622, 0.038943, 0.686458, -0.000008, 0.000077, 0.000067, -0.869986, 9.772914, -0.024757, 0.024757, -0.103124, 0.686458, 
39.254000, 0.998850, -0.047904, -0.000086, 0.001699, -0.000024, -0.213627, 0.038943, 0.749758, -0.000007, 0.000068, 0.000071, -0.652751, 9.792379, -0.024093, 0.024093, -0.095845, 0.749758, 
39.264000, 0.999024, -0.044138, -0.000079, 0.001700, -0.000028, -0.212611, 0.038943, 0.756403, -0.000007, 0.000072, 0.000070, -0.761588, 9.780873, -0.024904, 0.024904, -0.088304, 0.756403, 
39.274000, 0.999188, -0.040243, -0.000073, 0.001701, -0.000031, -0.211576, 0.038943, 0.792510, -0.000006, 0.000062, 0.000073, -0.618989, 9.791732, -0.024478, 0.024478, -0.080508, 0.792510, 
39.284000, 0.999341, -0.036267, -0.000066, 0.001701, -0.000035, -0.210529, 0.038944, 0.798316, -0.000005, 0.000058, 0.000073, -0.649223, 9.788433, -0.024813, 0.024813, -0.072549, 0.798316, 
39.294000, 0.999480, -0.032212, -0.000059, 0.001702, -0.000038, -0.209471, 0.038944, 0.819604, -0.000003, 0.000045, 0.000075, -0.545512, 9.795011, -0.024468, 0.024468, -0.064434, 0.819604, 
39.304000, 0.999604, -0.028103, -0.000052, 0.001702, -0.000042, -0.208408, 0.038944, 0.824663, -0.000002, 0.000036, 0.000076, -0.533460, 9.795254, -0.014656, 0.014656, -0.056214, 0.824663, 
39.314000, 0.999681, -0.025186, -0.000047, 0.001703, -0.000045, -0.207431, 0.038944, 0.455913, -0.000013, 0.000126, 0.000065, -1.561355, 9.740614, -0.019445, 0.019445, -0.050377, 0.455913, 
39.324000, 0.999736, -0.022904, -0.000043, 0.001703, -0.000049, -0.206501, 0.038944, 0.459083, -0.000007, 0.000085, 0.000092, -0.444815, 9.799342, -0.013981, 0.013981, -0.045812, 0.459083, 
39.334000, 0.999773, -0.021260, -0.000040, 0.001704, -0.000052, -0.205620, 0.038944, 0.260543, -0.000009, 0.000107, 0.000080, -1.011966, 9.774465, -0.016382, 0.016382, -0.042524, 0.260543, 
39.344000, 0.999799, -0.019967, -0.000038, 0.001704, -0.000054, -0.204767, 0.038943, 0.259385, -0.000004, 0.000067, 0.000091, -0.422933, 9.801158, -0.013372, 0.013372, -0.039937, 0.259385, 
39.354000, 0.999818, -0.019026, -0.000037, 0.001705, -0.000057, -0.203944, 0.038943, 0.151324, -0.000004, 0.000065, 0.000083, -0.724477, 9.789232, -0.014561, 0.014561, -0.038055, 0.151324, 
39.364000, 0.999831, -0.018283, -0.000035, 0.001705, -0.000060, -0.203140, 0.038943, 0.148702, -0.000001, 0.000034, 0.000088, -0.409762, 9.802010, -0.012883, 0.012883, -0.036568, 0.148702, 
39.374000, 0.999841, -0.017735, -0.000034, 0.001705, -0.000063, -0.202356, 0.038943, 0.089711, -0.000000, 0.000027, 0.000083, -0.568399, 9.796034, -0.013443, 0.013443, -0.035472, 0.089711, 
39.384000, 0.999849, -0.017299, -0.000034, 0.001705, -0.000065, -0.201586, 0.038943, 0.087142, 0.000001, 0.000005, 0.000086, -0.399577, 9.802381, -0.012481, 0.012481, -0.034599, 0.087142, 
39.394000, 0.999855, -0.016971, -0.000033, 0.001705, -0.000068, -0.200830, 0.038943, 0.054905, 0.000001, -0.000002, 0.000083, -0.482622, 9.799323, -0.012712, 0.012712, -0.033944, 0.054905, 
39.404000, 0.999859, -0.016706, -0.000033, 0.001705, -0.000070, -0.200085, 0.038943, 0.052880, 0.000002, -0.000016, 0.000085, -0.391833, 9.802568, -0.012135, 0.012135, -0.033415, 0.052880, 
39.414000, 0.999862, -0.016502, -0.000032, 0.001705, -0.000073, -0.199351, 0.038943, 0.035257, 0.000002, -0.000022, 0.000084, -0.435089, 9.800998, -0.012193, 0.012193, -0.033006, 0.035257, 
39.424000, 0.999865, -0.016334, -0.000032, 0.001705, -0.000075, -0.198626, 0.038943, 0.033816, 0.000002, -0.000031, 0.000085, -0.386099, 9.802698, -0.011823, 0.011823, -0.032669, 0.033816, 
39.434000, 0.999867, -0.016199, -0.000032, 0.001705, -0.000078, -0.197911, 0.038943, 0.024183, 0.000002, -0.000035, 0.000085, -0.408452, 9.801898, -0.011790, 0.011790, -0.032400, 0.024183, 
39.444000, 0.999869, -0.016084, -0.000032, 0.001705, -0.000080, -0.197205, 0.038943, 0.023221, 0.000002, -0.000040, 0.000085, -0.381864, 9.802809, -0.011530, 0.011530, -0.032170, 0.023221, 
39.454000, 0.999871, -0.015988, -0.000031, 0.001705, -0.000083, -0.196507, 0.038943, 0.017959, 0.000002, -0.000043, 0.000085, -0.393248, 9.802409, -0.011450, 0.011450, -0.031977, 0.017959, 
39.464000, 0.999872, -0.015903, -0.000031, 0.001704, -0.000085, -0.195817, 0.038943, 0.017344, 0.000002, -0.000046, 0.000086, -0.378669, 9.802907, -0.011249, 0.011249, -0.031807, 0.017344, 
39.474000, 0.999873, -0.015828, -0.000031, 0.001704, -0.000087, -0.195135, 0.038943, 0.014476, 0.000002, -0.000047, 0.000086, -0.384301, 9.802715, -0.011143, 0.011143, -0.031658, 0.014476, 
39.484000, 0.999874, -0.015760, -0.000031, 0.001704, -0.000090, -0.194460, 0.038943, 0.014099, 0.000002, -0.000049, 0.000086, -0.376162, 9.802994, -0.010973, 0.010973, -0.031522, 0.014099, 
39.494000, 0.999875, -0.015697, -0.000031, 0.001704, -0.000092, -0.193794, 0.038943, 0.012542, 0.000002, -0.000050, 0.000086, -0.378780, 9.802909, -0.010854, 0.010854, -0.031396, 0.012542, 
39.504000, 0.999876, -0.015638, -0.000031, 0.001703, -0.000094, -0.193135, 0.038943, 0.012322, 0.000002, -0.000052, 0.000086, -0.374094, 9.803072, -0.010701, 0.010701, -0.031278, 0.012322, 
39.514000, 0.999877, -0.015582, -0.000031, 0.001703, -0.000096, -0.192484, 0.038943, 0.011484, 0.000002, -0.000052, 0.000086, -0.375133, 9.803042, -0.010574, 0.010574, -0.031166, 0.011484, 
39.524000, 0.999878, -0.015528, -0.000031, 0.001703, -0.000099, -0.191841, 0.038943, 0.011363, 0.000002, -0.000053, 0.000086, -0.372299, 9.803142, -0.010429, 0.010429, -0.031057, 0.011363, 
39.534000, 0.999879, -0.015475, -0.000031, 0.001703, -0.000101, -0.191205, 0.038943, 0.010920, 0.000002, -0.000053, 0.000086, -0.372511, 9.803140, -0.010298, 0.010298, -0.030952, 0.010920, 
39.544000, 0.999880, -0.015424, -0.000030, 0.001702, -0.000103, -0.190577, 0.038943, 0.010862, 0.000002, -0.000054, 0.000086, -0.370668, 9.803207, -0.010156, 0.010156, -0.030849, 0.010862, 
39.554000, 0.999880, -0.015373, -0.000030, 0.001702, -0.000105, -0.189957, 0.038943, 0.010635, 0.000002, -0.000054, 0.000086, -0.370446, 9.803220, -0.010023, 0.010023, -0.030748, 0.010635, 
39.564000, 0.999881, -0.015323, -0.000030, 0.001702, -0.000107, -0.189344, 0.038943, 0.010616, 0.000002, -0.000055, 0.000086, -0.369134, 9.803268, -0.009883, 0.009883, -0.030647, 0.010616, 
39.574000, 0.999882, -0.015273, -0.000030, 0.001702, -0.000109, -0.188739, 0.038943, 0.010508, 0.000002, -0.000055, 0.000086, -0.368683, 9.803288, -0.009747, 0.009747, -0.030547, 0.010508, 
39.584000, 0.999883, -0.015223, -0.000030, 0.001701, -0.000111, -0.188141, 0.038943, 0.010512, 0.000002, -0.000055, 0.000086, -0.367654, 9.803327, -0.009608, 0.009608, -0.030448, 0.010512, 
39.594000, 0.999883, -0.015174, -0.000030, 0.001701, -0.000113, -0.187552, 0.038943, 0.010471, 0.000002, -0.000055, 0.000086, -0.367082, 9.803351, -0.009471, 0.009471, -0.030349, 0.010471, 
39.604000, 0.999884, -0.015124, -0.000030, 0.001701, -0.000115, -0.186970, 0.038943, 0.010489, 0.000002, -0.000055, 0.000086, -0.366202, 9.803385, -0.009332, 0.009332, -0.030250, 0.010489, 
39.614000, 0.999885, -0.015075, -0.000030, 0.001700, -0.000117, -0.186395, 0.038943, 0.010483, 0.000002, -0.000056, 0.000086, -0.365565, 9.803411, -0.009193, 0.009193, -0.030151, 0.010483, 
39.624000, 0.999886, -0.015025, -0.000030, 0.001700, -0.000119, -0.185829, 0.038943, 0.010510, 0.000002, -0.000056, 0.000086, -0.364763, 9.803442, -0.009054, 0.009054, -0.030051, 0.010510, 
39.634000, 0.999886, -0.014975, -0.000030, 0.001700, -0.000121, -0.185271, 0.038943, 0.010525, 0.000002, -0.000056, 0.000086, -0.364089, 9.803469, -0.008914, 0.008914, -0.029952, 0.010525, 
39.644000, 0.999887, -0.014926, -0.000030, 0.001700, -0.000123, -0.184720, 0.038943, 0.010557, 0.000002, -0.000056, 0.000086, -0.363327, 9.803499, -0.008773, 0.008773, -0.029852, 0.010557, 
39.654000, 0.999888, -0.014876, -0.000029, 0.001699, -0.000125, -0.184177, 0.038943, 0.010583, 0.000002, -0.000056, 0.000086, -0.362632, 9.803527, -0.008632, 0.008632, -0.029753, 0.010583, 
39.664000, 0.999889, -0.014826, -0.000029, 0.001699, -0.000126, -0.183642, 0.038943, 0.010618, 0.000002, -0.000056, 0.000086, -0.361888, 9.803556, -0.008491, 0.008491, -0.029652, 0.010618, 
39.674000, 0.999889, -0.014775, -0.000029, 0.001699, -0.000128, -0.183115, 0.038943, 0.010651, 0.000002, -0.000056, 0.000086, -0.361179, 9.803584, -0.008349, 0.008349, -0.029552, 0.010651, 
39.684000, 0.999890, -0.014725, -0.000029, 0.001698, -0.000130, -0.182596, 0.038943, 0.010688, 0.000002, -0.000057, 0.000086, -0.360443, 9.803612, -0.008206, 0.008206, -0.029451, 0.010688, 
39.694000, 0.999891, -0.014674, -0.000029, 0.001698, -0.000132, -0.182085, 0.038943, 0.010724, 0.000002, -0.000057, 0.000086, -0.359725, 9.803641, -0.008063, 0.008063, -0.029350, 0.010724, 
39.704000, 0.999892, -0.014624, -0.000029, 0.001698, -0.000133, -0.181582, 0.038943, 0.010762, 0.000002, -0.000057, 0.000086, -0.358990, 9.803669, -0.007920, 0.007920, -0.029248, 0.010762, 
39.714000, 0.999892, -0.014573, -0.000029, 0.001698, -0.000135, -0.181087, 0.038943, 0.010800, 0.000002, -0.000057, 0.000086, -0.358264, 9.803698, -0.007776, 0.007776, -0.029147, 0.010800, 
39.724000, 0.999893, -0.014522, -0.000029, 0.001697, -0.000137, -0.180600, 0.038943, 0.010840, 0.000002, -0.000057, 0.000085, -0.357528, 9.803726, -0.007631, 0.007631, -0.029044, 0.010840, 
39.734000, 0.999894, -0.014470, -0.000029, 0.001697, -0.000138, -0.180122, 0.038943, 0.010879, 0.000002, -0.000057, 0.000085, -0.356795, 9.803755, -0.007486, 0.007486, -0.028942, 0.010879, 
39.744000, 0.999895, -0.014419, -0.000029, 0.001697, -0.000140, -0.179651, 0.038943, 0.010919, 0.000002, -0.000058, 0.000085, -0.356056, 9.803784, -0.007340, 0.007340, -0.028839, 0.010919, 
39.754000, 0.999895, -0.014367, -0.000029, 0.001696, -0.000142, -0.179189, 0.038943, 0.010960, 0.000002, -0.000058, 0.000085, -0.355317, 9.803812, -0.007194, 0.007194, -0.028735, 0.010960, 
39.764000, 0.999896, -0.014315, -0.000028, 0.001696, -0.000143, -0.178734, 0.038943, 0.011000, 0.000002, -0.000058, 0.000085, -0.354574, 9.803841, -0.007047, 0.007047, -0.028632, 0.011000, 
39.774000, 0.999897, -0.014263, -0.000028, 0.001696, -0.000145, -0.178288, 0.038943, 0.011041, 0.000002, -0.000058, 0.000085, -0.353829, 9.803870, -0.006900, 0.006900, -0.028527, 0.011041, 
39.784000, 0.999898, -0.014211, -0.000028, 0.001696, -0.000146, -0.177851, 0.038943, 0.011082, 0.000002, -0.000058, 0.000085, -0.353080, 9.803899, -0.006752, 0.006752, -0.028423, 0.011082, 
39.794000, 0.999898, -0.014158, -0.000028, 0.001695, -0.000148, -0.177421, 0.038943, 0.011123, 0.000002, -0.000059, 0.000085, -0.352330, 9.803928, -0.006603, 0.006603, -0.028318, 0.011123, 
39.804000, 0.999899, -0.014106, -0.000028, 0.001695, -0.000149, -0.177000, 0.038943, 0.011165, 0.000002, -0.000059, 0.000085, -0.351576, 9.803957, -0.006454, 0.006454, -0.028213, 0.011165, 
39.814000, 0.999900, -0.014053, -0.000028, 0.001695, -0.000150, -0.176587, 0.038943, 0.011206, 0.000002, -0.000059, 0.000085, -0.350819, 9.803986, -0.006305, 0.006305, -0.028107, 0.011206, 
39.824000, 0.999901, -0.014000, -0.000028, 0.001694, -0.000152, -0.176183, 0.038943, 0.011248, 0.000002, -0.000059, 0.000085, -0.350060, 9.804015, -0.006155, 0.006155, -0.028001, 0.011248, 
39.834000, 0.999901, -0.013947, -0.000028, 0.001694, -0.000153, -0.175787, 0.038943, 0.011290, 0.000002, -0.000059, 0.000085, -0.349298, 9.804044, -0.006004, 0.006004, -0.027894, 0.011290, 
39.844000, 0.999902, -0.013893, -0.000028, 0.001694, -0.000154, -0.175400, 0.038943, 0.011332, 0.000002, -0.000060, 0.000085, -0.348533, 9.804073, -0.005853, 0.005853, -0.027788, 0.011332, 
39.854000, 0.999903, -0.013840, -0.000028, 0.001694, -0.000156, -0.175021, 0.038943, 0.011375, 0.000002, -0.000060, 0.000085, -0.347765, 9.804102, -0.005701, 0.005701, -0.027680, 0.011375, 
39.864000, 0.999904, -0.013786, -0.000028, 0.001693, -0.000157, -0.174650, 0.038943, 0.011417, 0.000002, -0.000060, 0.000085, -0.346995, 9.804132, -0.005549, 0.005549, -0.027573, 0.011417, 
39.874000, 0.999904, -0.013732, -0.000027, 0.001693, -0.000158, -0.174289, 0.038943, 0.011460, 0.000002, -0.000060, 0.000085, -0.346221, 9.804161, -0.005396, 0.005396, -0.027464, 0.011460, 
39.884000, 0.999905, -0.013678, -0.000027, 0.001693, -0.000159, -0.173935, 0.038943, 0.011503, 0.000002, -0.000060, 0.000085, -0.345445, 9.804190, -0.005242, 0.005242, -0.027356, 0.011503, 
39.894000, 0.999906, -0.013623, -0.000027, 0.001692, -0.000161, -0.173591, 0.038943, 0.011546, 0.000002, -0.000061, 0.000085, -0.344666, 9.804220, -0.005088, 0.005088, -0.027247, 0.011546, 
39.904000, 0.999907, -0.013568, -0.000027, 0.001692, -0.000162, -0.173255, 0.038943, 0.011589, 0.000002, -0.000061, 0.000085, -0.343883, 9.804249, -0.004933, 0.004933, -0.027138, 0.011589, 
39.914000, 0.999907, -0.013514, -0.000027, 0.001692, -0.000163, -0.172927, 0.038943, 0.011632, 0.000002, -0.000061, 0.000085, -0.343098, 9.804279, -0.004778, 0.004778, -0.027028, 0.011632, 
39.924000, 0.999908, -0.013459, -0.000027, 0.001691, -0.000164, -0.172609, 0.038943, 0.011676, 0.000002, -0.000061, 0.000085, -0.342310, 9.804309, -0.004622, 0.004622, -0.026918, 0.011676, 
39.934000, 0.999909, -0.013403, -0.000027, 0.001691, -0.000165, -0.172299, 0.038943, 0.011719, 0.000002, -0.000062, 0.000085, -0.341519, 9.804338, -0.004466, 0.004466, -0.026807, 0.011719, 
39.944000, 0.999909, -0.013348, -0.000027, 0.001691, -0.000166, -0.171998, 0.038943, 0.011763, 0.000002, -0.000062, 0.000085, -0.340725, 9.804368, -0.004309, 0.004309, -0.026696, 0.011763, 
39.954000, 0.999910, -0.013292, -0.000027, 0.001691, -0.000167, -0.171705, 0.038943, 0.011807, 0.000002, -0.000062, 0.000085, -0.339928, 9.804398, -0.004151, 0.004151, -0.026585, 0.011807, 
39.964000, 0.999911, -0.013236, -0.000027, 0.001690, -0.000168, -0.171422, 0.038943, 0.011851, 0.000002, -0.000062, 0.000085, -0.339128, 9.804428, -0.003993, 0.003993, -0.026473, 0.011851, 
39.974000, 0.999912, -0.013180, -0.000026, 0.001690, -0.000169, -0.171147, 0.038943, 0.011896, 0.000002, -0.000063, 0.000084, -0.338325, 9.804458, -0.003834, 0.003834, -0.026361, 0.011896, 
39.984000, 0.999912, -0.013124, -0.000026, 0.001690, -0.000170, -0.170881, 0.038943, 0.011940, 0.000002, -0.000063, 0.000084, -0.337519, 9.804488, -0.003675, 0.003675, -0.026249, 0.011940, 
39.994000, 0.999913, -0.013067, -0.000026, 0.001689, -0.000171, -0.170625, 0.038943, 0.011985, 0.000002, -0.000063, 0.000084, -0.336710, 9.804518, -0.003515, 0.003515, -0.026135, 0.011985, 
40.004000, 0.999914, -0.013011, -0.000026, 0.001689, -0.000171, -0.170377, 0.038943, 0.012030, 0.000002, -0.000064, 0.000084, -0.335899, 9.804548, -0.003355, 0.003355, -0.026022, 0.012030, 
